row_index,speakerid,session,activity,time,word,vowel,register,start_sec,duration_sec,duration_ms,mean_pitch,min_pitch,max_pitch,pitch_range,mean_F1,mean_F2,mean_F3,mean_F4,central_F1,central_F2,central_F3,central_F4,feature_status,feature_error,feature_error_detail,formant_ceiling,audio_file,suspicious_reason
37,c009,12m,meal,815,bon,on,IDS,256.3,0.06,60.64,246.294627685863,237.05839710751408,254.12269267917503,17.064295571660978,435.9681215478319,945.3712617175054,2740.438452344972,3310.438496946057,440.0915217200292,967.6550549622212,2735.169147309932,3466.5174274812107,success,,,4510.0,\\hypatia.uio.no\lh-hf-iln-sociocognitivelab\Research\BabyLearn\french_data_arun\c009_12m_meal_0815.wav,mean_F2_lt_1000
165,c009,12m,play,940,quoi,ou,IDS,215.3,0.07,72.55,386.93166775369474,368.0140337624547,398.7909771880224,30.77694342556771,453.4991175298469,781.2717536364512,2075.6901206939574,2998.1006173152045,427.9263656662213,778.2141899857436,2086.502716529091,2982.79154615361,success,,,4410.0,\\hypatia.uio.no\lh-hf-iln-sociocognitivelab\Research\BabyLearn\french_data_arun\c009_12m_play_0940.wav,mean_F2_lt_1000
169,c009,12m,play,940,quoi,ou,IDS,218.93,0.05,54.52,408.6817821956362,405.3165561789682,413.09463858686,7.778082407891816,424.7645958335719,826.046141669946,1814.06512125046,3124.8058930174216,424.7645958335719,826.046141669946,1814.06512125046,3124.8058930174216,success,,,4410.0,\\hypatia.uio.no\lh-hf-iln-sociocognitivelab\Research\BabyLearn\french_data_arun\c009_12m_play_0940.wav,mean_F2_lt_1000
171,c009,12m,play,940,on,on,IDS,219.26,0.22,216.17,286.4066297124492,277.09913383536355,296.04523857117283,18.94610473580929,545.8244684777663,925.5719604308996,2050.398844587795,2854.847632659937,580.8688476059443,892.7115009511178,2168.1054496297884,2383.204714698644,success,,,4510.0,\\hypatia.uio.no\lh-hf-iln-sociocognitivelab\Research\BabyLearn\french_data_arun\c009_12m_play_0940.wav,mean_F2_lt_1000
188,c009,12m,play,940,pour,ou,IDS,280.93,0.05,48.9,294.91888638895995,293.8272394837036,295.9422295991278,2.1149901154242343,415.3285788737738,871.5008800338968,2409.8821794567566,3221.8907503380524,415.3285788737738,871.5008800338968,2409.8821794567566,3221.8907503380524,success,,,4410.0,\\hypatia.uio.no\lh-hf-iln-sociocognitivelab\Research\BabyLearn\french_data_arun\c009_12m_play_0940.wav,mean_F2_lt_1000
192,c009,12m,play,945,comment,an,IDS,195.9,0.08,78.87,272.5368695584801,265.81438578205945,278.2830349308636,12.46864914880416,415.5740898747506,870.4324570080497,2182.1354446943064,3324.93295349878,402.551904619206,833.4697168834084,2172.052816238572,3266.8731893338318,success,,,4730.0,\\hypatia.uio.no\lh-hf-iln-sociocognitivelab\Research\BabyLearn\french_data_arun\c009_12m_play_0945.wav,mean_F2_lt_1000
200,c009,12m,play,945,allo,o,IDS,198.08,0.08,82.57,306.37138437562345,305.22690039369456,307.32885764926874,2.101957255574177,348.94448938970254,974.869967800384,2379.423147724708,3189.5283331854507,337.14802288041204,957.3177765506272,2326.0902572906302,3244.135039537841,success,,,4630.0,\\hypatia.uio.no\lh-hf-iln-sociocognitivelab\Research\BabyLearn\french_data_arun\c009_12m_play_0945.wav,mean_F2_lt_1000
206,c009,4m,bath,1520,coucou,ou,IDS,129.53,0.26,258.44,413.5035860056588,385.942118825557,473.1739522693555,87.23183344379851,416.3899107936777,846.7795513199414,2189.9195500539527,3137.121236317632,396.0827548314354,880.4966253240918,2384.103925277461,3220.27319211727,success,,,4410.0,\\hypatia.uio.no\lh-hf-iln-sociocognitivelab\Research\BabyLearn\french_data_arun\c009_4m_bath_1520.wav,mean_F2_lt_1000
226,c009,4m,bath,1520,force,o,IDS,207.61,0.09,90.15,286.23146491699777,283.5698491422339,290.8447368712788,7.274887729044849,709.3734418076841,920.8168433709086,2656.092912281202,3525.116061509801,850.0130434706641,969.4670181551094,3077.284481303752,3876.4866548068567,success,,,4630.0,\\hypatia.uio.no\lh-hf-iln-sociocognitivelab\Research\BabyLearn\french_data_arun\c009_4m_bath_1520.wav,mean_F2_lt_1000
228,c009,4m,bath,1520,ooh,ou,IDS,209.47,0.21,207.52,316.6773769365458,259.457894136268,346.43234936437995,86.97445522811194,615.3963999971525,955.2232957256974,2482.539254491181,3194.2138534305464,614.893162555478,930.6329097864244,2385.222751029658,3081.4416639316896,success,,,4410.0,\\hypatia.uio.no\lh-hf-iln-sociocognitivelab\Research\BabyLearn\french_data_arun\c009_4m_bath_1520.wav,mean_F2_lt_1000
262,c009,4m,bath,1520,beaucoup,u,IDS,237.38,0.13,132.46,277.33462719554893,262.6655040934774,296.5504639433386,33.88495984986122,378.8812762933696,805.2985837299367,2588.818320269435,3759.999216953948,397.9697648390425,807.5610049971923,2637.405093040369,3921.701411960677,success,,,5280.0,\\hypatia.uio.no\lh-hf-iln-sociocognitivelab\Research\BabyLearn\french_data_arun\c009_4m_bath_1520.wav,mean_F2_lt_1000
298,c009,4m,bath,1520,on,on,IDS,288.36,0.13,127.38,264.12034358973114,242.0103875344728,281.7137670775332,39.70337954306044,460.019284428783,971.120808717064,2275.352524128146,3164.2157394910832,443.88239739299854,1020.7744689416234,2394.605767030704,3134.2590590754457,success,,,4510.0,\\hypatia.uio.no\lh-hf-iln-sociocognitivelab\Research\BabyLearn\french_data_arun\c009_4m_bath_1520.wav,mean_F2_lt_1000
344,c009,4m,bath,1520,bon,on,IDS,384.2,0.06,61.97,281.7257337234158,278.66205574816127,283.1743273757772,4.512271627615917,580.5007726881335,880.1630039185657,2057.4748873131093,3052.0169095140345,581.0058887907131,880.2550647848994,2071.453911386842,3044.297156619073,success,,,4510.0,\\hypatia.uio.no\lh-hf-iln-sociocognitivelab\Research\BabyLearn\french_data_arun\c009_4m_bath_1520.wav,mean_F2_lt_1000
347,c009,4m,bath,1520,gâteau,o,IDS,384.8,0.62,618.8,268.085170994542,238.0735425540684,283.3688915258636,45.29534897179519,498.0300729992176,859.0699586935075,2317.185452824357,3236.931644975952,431.676804657365,818.7867412780975,2547.47106419149,3339.1145794836807,success,,,4630.0,\\hypatia.uio.no\lh-hf-iln-sociocognitivelab\Research\BabyLearn\french_data_arun\c009_4m_bath_1520.wav,mean_F2_lt_1000
353,c009,4m,bath,1520,bon,on,IDS,390.19,0.15,152.55,258.85043123732083,236.08712074916545,276.1562380714315,40.069117322266095,498.8827609419019,764.1972593231751,2226.2986243692467,3278.9815197859816,489.3546243184068,779.2624564137161,2400.9015973505034,3572.393728982871,success,,,4510.0,\\hypatia.uio.no\lh-hf-iln-sociocognitivelab\Research\BabyLearn\french_data_arun\c009_4m_bath_1520.wav,mean_F2_lt_1000
355,c009,4m,bath,1520,clafoutis,ou,IDS,390.77,0.1,100.11,254.83726964032357,248.3657843899537,261.28880630118294,12.923021911229284,339.52459420985195,770.7219338069347,2215.7756889093184,3012.705590656875,333.5197100334069,747.7382585202171,2227.5009110660108,2919.3713207730425,success,,,4410.0,\\hypatia.uio.no\lh-hf-iln-sociocognitivelab\Research\BabyLearn\french_data_arun\c009_4m_bath_1520.wav,mean_F2_lt_1000
367,c009,4m,bath,1520,tout,ou,IDS,410.58,0.14,137.3,234.1660946210065,201.7084740217194,270.86339555937155,69.15492153765214,605.403666536082,976.4626146536413,1856.1393247042909,3292.552130484786,563.4674036813957,946.0117998692108,1259.8414048905777,3154.389008878089,success,,,4410.0,\\hypatia.uio.no\lh-hf-iln-sociocognitivelab\Research\BabyLearn\french_data_arun\c009_4m_bath_1520.wav,mean_F2_lt_1000
409,c009,4m,meal,950,coucou,ou,IDS,16.69,0.14,138.05,435.5229393656964,428.04937354397873,445.38250602285945,17.333132478880714,436.1320192025205,923.2176697554085,2201.212990070689,3213.2278822943504,429.7058530774685,888.0455258133529,2363.946383194035,3397.19342489465,success,,,4410.0,\\hypatia.uio.no\lh-hf-iln-sociocognitivelab\Research\BabyLearn\french_data_arun\c009_4m_meal_0950.wav,mean_F2_lt_1000
413,c009,4m,meal,950,coucou,ou,IDS,20.53,0.12,117.71,468.0594069619159,457.68130305692495,473.88976834688594,16.208465289960998,489.2537837750976,953.8116750357708,2258.9773487969824,3175.280450309669,490.81064566203264,954.4900175607296,2228.979982429065,3239.053645118753,success,,,4410.0,\\hypatia.uio.no\lh-hf-iln-sociocognitivelab\Research\BabyLearn\french_data_arun\c009_4m_meal_0950.wav,mean_F2_lt_1000
414,c009,4m,meal,950,coucou,ou,IDS,21.01,0.24,243.99,430.3669064151235,398.7727524949287,450.92374851672383,52.15099602179515,437.1777872392916,877.920322886074,2264.8945124684656,3202.4803118597592,446.4470630166346,897.6981718682554,2305.5267960860238,3221.0087307260005,success,,,4410.0,\\hypatia.uio.no\lh-hf-iln-sociocognitivelab\Research\BabyLearn\french_data_arun\c009_4m_meal_0950.wav,mean_F2_lt_1000
437,c009,4m,meal,950,pas,a,IDS,885.03,0.08,76.07,475.2747276435293,470.737555261309,480.5588745592626,9.82131929795355,487.13037209433554,889.6733670996915,2998.1041242798324,4159.968300727441,487.6471669166367,885.2552943026814,3050.4067236100914,4013.872233303346,success,,,5870.0,\\hypatia.uio.no\lh-hf-iln-sociocognitivelab\Research\BabyLearn\french_data_arun\c009_4m_meal_0950.wav,mean_F2_lt_1000
438,c009,4m,meal,950,beaucoup,o,IDS,885.19,0.06,56.38,201.97669511942152,197.45313384325823,205.20280790703623,7.749674063778002,403.3086054356805,737.9338073900393,2108.873010085993,3097.851584516192,403.573242869841,741.0195120437165,2106.337206929575,3120.6874330521,success,,,4630.0,\\hypatia.uio.no\lh-hf-iln-sociocognitivelab\Research\BabyLearn\french_data_arun\c009_4m_meal_0950.wav,mean_F2_lt_1000
439,c009,4m,meal,950,mangé,an,IDS,885.43,0.13,125.3,175.2488992715718,172.42456255226594,177.31036301055858,4.885800458292636,286.043535067056,817.2906478433576,2352.0673034607244,3394.363787062182,267.05244674012016,807.4636883750543,2324.330773639237,3051.207183427209,success,,,4730.0,\\hypatia.uio.no\lh-hf-iln-sociocognitivelab\Research\BabyLearn\french_data_arun\c009_4m_meal_0950.wav,mean_F2_lt_1000
450,c009,4m,play,1115,occupé,o,IDS,41.89,0.22,219.97,434.1291575085428,402.43752691752894,504.16336362824114,101.7258367107122,450.1674206023565,899.8777456674574,2332.22251214022,3419.3508014765425,431.634926378749,862.6166486451866,2101.239302852712,3342.94567738114,success,,,4630.0,\\hypatia.uio.no\lh-hf-iln-sociocognitivelab\Research\BabyLearn\french_data_arun\c009_4m_play_1115.wav,mean_F2_lt_1000
472,c009,4m,play,1115,t'en,an,IDS,344.04,0.06,64.7,261.18974464351925,249.7879325898402,272.17364856228266,22.38571597244245,330.4086004618346,942.225211407466,2260.424714171021,3442.3178151176703,329.51172978265674,946.2777877082332,2245.506428097944,3433.962632501041,success,,,4730.0,\\hypatia.uio.no\lh-hf-iln-sociocognitivelab\Research\BabyLearn\french_data_arun\c009_4m_play_1115.wav,mean_F2_lt_1000
490,c009,4m,play,1115,donc,on,IDS,529.55,0.13,131.38,274.9960685813937,266.505569125708,292.8173808303422,26.31181170463418,313.2089747689659,949.189344412173,2317.638301735008,3460.6514334023354,285.32968357942525,1051.608652081473,2368.30177775782,3785.26996716,success,,,4510.0,\\hypatia.uio.no\lh-hf-iln-sociocognitivelab\Research\BabyLearn\french_data_arun\c009_4m_play_1115.wav,mean_F2_lt_1000
507,c009,8m,bath,1905,coup,ou,ADS,72.46,0.16,164.94,273.089240471718,268.7009194127288,280.87081463437767,12.169895221648858,369.6414208633858,853.8811260854744,2299.0413863064964,3231.426616308879,379.9984150302252,856.6512820205558,2356.2425650439145,2854.3855821397938,success,,,4410.0,\\hypatia.uio.no\lh-hf-iln-sociocognitivelab\Research\BabyLearn\french_data_arun\c009_8m_bath_1905.wav,mean_F2_lt_1000
527,c009,8m,bath,1905,mon,on,IDS,108.45,0.09,85.46,400.9779103570265,389.8396489270492,420.66820711625815,30.82855818920899,629.4086357440538,956.2652538475284,2244.592801637706,3044.976292785553,809.6285230931404,845.5140355859405,2298.733988526787,2866.015294002288,success,,,4510.0,\\hypatia.uio.no\lh-hf-iln-sociocognitivelab\Research\BabyLearn\french_data_arun\c009_8m_bath_1905.wav,mean_F2_lt_1000
547,c009,8m,bath,1905,bon,on,ADS,187.12,0.1,95.61,230.72770814203096,225.61104014561568,237.40778391512816,11.796743769512489,497.95269925668896,965.0349457328192,2469.145524602498,3037.0066963988106,512.1390815399678,896.1265352064331,2635.520690493812,2868.9356805524967,success,,,4510.0,\\hypatia.uio.no\lh-hf-iln-sociocognitivelab\Research\BabyLearn\french_data_arun\c009_8m_bath_1905.wav,mean_F2_lt_1000
558,c009,8m,meal,840,bientot,o,ADS,227.81,0.05,49.68,103.293198169572,102.32121645698352,103.9991412570974,1.6779248001138711,463.5008503702749,962.9810646298544,2033.1648427673024,3225.5275512497847,463.5008503702749,962.9810646298544,2033.1648427673024,3225.5275512497847,success,,,4630.0,\\hypatia.uio.no\lh-hf-iln-sociocognitivelab\Research\BabyLearn\french_data_arun\c009_8m_meal_0840.wav,mean_F2_lt_1000
564,c009,8m,meal,840,enregistreur,an,ADS,244.31,0.07,69.61,223.97568401917508,222.6452475691686,226.09844889605077,3.4532013268821515,594.9331817910025,987.718412228483,2350.959490422926,3708.70800462048,592.6627430722967,983.9588558017826,2275.413349517401,3739.303606950807,success,,,4730.0,\\hypatia.uio.no\lh-hf-iln-sociocognitivelab\Research\BabyLearn\french_data_arun\c009_8m_meal_0840.wav,mean_F2_lt_1000
571,c009,8m,meal,840,faut,o,ADS,251.62,0.05,54.36,216.3655923179008,211.5619338709996,222.07243316502368,10.510499294024072,496.9178956259249,877.4047722179826,2914.4669513732533,3964.425788649099,496.9178956259249,877.4047722179826,2914.4669513732533,3964.425788649099,success,,,4630.0,\\hypatia.uio.no\lh-hf-iln-sociocognitivelab\Research\BabyLearn\french_data_arun\c009_8m_meal_0840.wav,mean_F2_lt_1000
572,c009,8m,meal,840,remplir,an,ADS,251.72,0.09,91.23,209.3032109743243,207.99107146907292,210.27936810681936,2.288296637746413,461.1680253077328,870.5894049279682,2373.991591696574,3381.453010905348,461.467949081017,869.2021622543617,2401.357174150955,3412.7417821528843,success,,,4730.0,\\hypatia.uio.no\lh-hf-iln-sociocognitivelab\Research\BabyLearn\french_data_arun\c009_8m_meal_0840.wav,mean_F2_lt_1000
753,c010,8m,meal,1150,eau,o,IDS,153.79,0.12,117.51,279.3241060055386,228.88286275639743,344.1234267585078,115.24056400211036,578.8828452430502,987.4750656586394,2685.1920763667817,3727.858694814601,539.4510727053855,975.2262617695906,2679.200229421689,3690.779763536996,success,,,5210.0,\\hypatia.uio.no\lh-hf-iln-sociocognitivelab\Research\BabyLearn\french_data_arun\c010_8m_meal_1150.wav,mean_F2_lt_1000
933,c012,4m,bath,2025,Bobignou,o,IDS,56.66,0.1,95.25,130.49114992269466,121.8780165505172,141.25367931451018,19.37566276399299,487.49893282548567,878.7233183819759,2607.966901468891,3563.4867028060594,474.8370485171301,886.9535453210425,2499.997148530293,3421.9194447132923,success,,,4940.0,\\hypatia.uio.no\lh-hf-iln-sociocognitivelab\Research\BabyLearn\french_data_arun\c012_4m_bath_2025.wav,mean_F2_lt_1000
967,c012,4m,bath,2025,prendre,an,IDS,102.13,0.14,141.91,219.4415974152059,216.56154615890284,222.95657702705432,6.39503086815148,278.4244134743849,897.9843443240946,2303.7764257791787,3569.4652576818958,296.28167476736667,900.2410956932229,2347.2769733229798,3561.286797783958,success,,,5000.0,\\hypatia.uio.no\lh-hf-iln-sociocognitivelab\Research\BabyLearn\french_data_arun\c012_4m_bath_2025.wav,mean_F2_lt_1000
1026,c012,4m,bath,2025,d'amour,ou,IDS,211.58,0.12,121.27,198.96390813014284,143.8760184172494,303.5988531182222,159.7228347009728,447.4878584758386,975.5013068684452,2485.8736582535025,3762.4294605341593,527.2912645215409,920.8887432270444,2429.164223302304,3126.039597003808,success,,,4630.0,\\hypatia.uio.no\lh-hf-iln-sociocognitivelab\Research\BabyLearn\french_data_arun\c012_4m_bath_2025.wav,mean_F2_lt_1000
1036,c012,4m,bath,2025,pour,ou,IDS,237.66,0.07,71.36,275.48484794835,271.1373314656613,279.2793463090045,8.142014843343247,515.2243674781262,990.66455385979,2379.3956161272745,3378.9855086948146,526.8429261363526,630.0865846475323,2174.7604503447296,3456.013205024895,success,,,4630.0,\\hypatia.uio.no\lh-hf-iln-sociocognitivelab\Research\BabyLearn\french_data_arun\c012_4m_bath_2025.wav,mean_F2_lt_1000
1072,c012,4m,bath,2025,bon,on,IDS,533.26,0.12,122.18,169.13617202875258,126.8496243535308,234.6164189894235,107.76679463589272,454.4126737335706,894.7356622187165,2228.432028038131,3249.974548873276,472.83537236755217,874.3799060251281,2121.028049082837,3084.2470685033413,success,,,4400.0,\\hypatia.uio.no\lh-hf-iln-sociocognitivelab\Research\BabyLearn\french_data_arun\c012_4m_bath_2025.wav,mean_F2_lt_1000
1105,c012,4m,bath,2025,donnes,o,IDS,630.32,0.09,92.28,287.41877556089366,282.9535783256407,290.0262820662905,7.072703740649786,343.7116696716691,891.0930131417962,2299.960055022053,3422.1080848032434,349.0559425707747,858.7793673371316,2102.4585258371185,3377.1893683836706,success,,,4940.0,\\hypatia.uio.no\lh-hf-iln-sociocognitivelab\Research\BabyLearn\french_data_arun\c012_4m_bath_2025.wav,mean_F2_lt_1000
1120,c012,4m,bath,2025,tout,ou,IDS,640.43,0.09,94.72,337.40477235138496,333.122644185561,344.11424203006607,10.991597844505064,355.207009975601,955.1902276984594,2143.039863639044,3367.098004333176,356.993545248749,911.2459050982412,2187.259191324581,3431.56131947669,success,,,4630.0,\\hypatia.uio.no\lh-hf-iln-sociocognitivelab\Research\BabyLearn\french_data_arun\c012_4m_bath_2025.wav,mean_F2_lt_1000
1132,c012,4m,bath,2025,on,on,IDS,647.35,0.05,48.69,250.33946874429583,248.4702130447365,252.2912470551677,3.821034010431162,333.951046106895,908.9708727461972,2554.6378358430325,3255.4380964014254,333.951046106895,908.9708727461972,2554.6378358430325,3255.4380964014254,success,,,4400.0,\\hypatia.uio.no\lh-hf-iln-sociocognitivelab\Research\BabyLearn\french_data_arun\c012_4m_bath_2025.wav,mean_F2_lt_1000
1178,c012,4m,bath,2025,alors,a,IDS,688.17,0.09,92.61,104.50867412115524,103.98124942461416,105.78973208429856,1.8084826596843868,1505.238397481179,2342.9830506804165,3544.40738373372,4548.894037123857,1683.1928400416723,2475.995949293444,3604.467347817631,4617.41905482292,success,,,5690.0,\\hypatia.uio.no\lh-hf-iln-sociocognitivelab\Research\BabyLearn\french_data_arun\c012_4m_bath_2025.wav,mean_F1_gt_1500
1255,c012,4m,meal,1245,faut,au,IDS,686.23,0.08,75.03,203.5551757127845,195.038227236068,207.38371120680503,12.345483970737009,396.3727963676947,981.0950947884912,2982.7617271949703,4137.148616063357,402.8820778682303,929.4582916532332,3003.6349263347315,4105.867802535759,success,,,5180.0,\\hypatia.uio.no\lh-hf-iln-sociocognitivelab\Research\BabyLearn\french_data_arun\c012_4m_meal_1245.wav,mean_F2_lt_1000
1259,c012,4m,meal,1245,pour,ou,IDS,687.01,0.08,84.82,305.3446825426024,288.2215061690924,322.897569814507,34.676063645414615,421.8784497085208,775.064993783595,2249.765923475616,3236.136724339417,419.6997268466825,798.095546641358,2209.5938587568007,3227.55261011097,success,,,4630.0,\\hypatia.uio.no\lh-hf-iln-sociocognitivelab\Research\BabyLearn\french_data_arun\c012_4m_meal_1245.wav,mean_F2_lt_1000
1389,c012,8m,bath,1925,on,on,IDS,23.51,0.25,251.5,279.13728099340113,226.17997921873888,309.55766940731246,83.37769018857358,401.081749755588,839.6659334054467,2276.361796522315,3220.041376768042,357.5838784848113,863.6764272452127,2469.0317072094663,3636.3193327405424,success,,,4400.0,\\hypatia.uio.no\lh-hf-iln-sociocognitivelab\Research\BabyLearn\french_data_arun\c012_8m_bath_1925.wav,mean_F2_lt_1000
1391,c012,8m,bath,1925,au,o,IDS,24.16,0.17,170.42,281.184040243588,263.978190676262,287.7607721159765,23.78258143971459,426.24493561169066,945.5223312123724,2536.7759859019534,3485.5722310806696,379.9677838951228,910.382105431555,2363.015064820035,3566.6239643538,success,,,4940.0,\\hypatia.uio.no\lh-hf-iln-sociocognitivelab\Research\BabyLearn\french_data_arun\c012_8m_bath_1925.wav,mean_F2_lt_1000
1396,c012,8m,bath,1925,on,on,IDS,27.43,0.24,240.83,248.98663670042052,220.6267828455597,299.6951599082987,79.06837706273902,344.6150886138045,934.2074206298578,1825.0255097800589,3059.0914177735112,365.8770834576597,841.9202849589726,1789.4372327635615,3370.4180764308817,success,,,4400.0,\\hypatia.uio.no\lh-hf-iln-sociocognitivelab\Research\BabyLearn\french_data_arun\c012_8m_bath_1925.wav,mean_F2_lt_1000
1398,c012,8m,bath,1925,au,o,IDS,28.04,0.15,153.57,273.91921904636325,241.5148439829356,290.3599289869867,48.84508500405113,482.6811639311832,782.1706162769514,2276.121569134796,3596.140591094617,500.401535042978,740.3059922333696,2154.603534113911,3630.2441008549786,success,,,4940.0,\\hypatia.uio.no\lh-hf-iln-sociocognitivelab\Research\BabyLearn\french_data_arun\c012_8m_bath_1925.wav,mean_F2_lt_1000
1403,c012,8m,bath,1925,bisous,ou,IDS,53.55,0.32,320.4,430.7783533948178,404.1294007950578,440.4666020277866,36.33720123272883,433.0547428770386,960.8394851576784,2323.5316273566345,3378.5419284557365,434.36034337685663,947.1441219769968,2318.077098806737,3427.3980693932717,success,,,4630.0,\\hypatia.uio.no\lh-hf-iln-sociocognitivelab\Research\BabyLearn\french_data_arun\c012_8m_bath_1925.wav,mean_F2_lt_1000
1405,c012,8m,bath,1925,bisous,ou,IDS,57.22,0.42,418.17,472.3425812012217,453.7799803078644,488.20382322637306,34.42384291850868,473.2784161765287,997.5057872356203,2326.5920181854517,3356.022756324588,474.8812854776479,962.3627200915872,2313.650286169749,3319.033589999456,success,,,4630.0,\\hypatia.uio.no\lh-hf-iln-sociocognitivelab\Research\BabyLearn\french_data_arun\c012_8m_bath_1925.wav,mean_F2_lt_1000
1463,c012,8m,bath,1925,chapeau,o,IDS,191.43,0.47,466.08,452.2813471772713,442.724805733579,482.0648797175861,39.34007398400712,457.54338755147137,986.831561595848,2504.23928498899,3466.836619759424,450.42737645730574,1140.241080837479,2915.2767931717563,3461.0542388232448,success,,,4940.0,\\hypatia.uio.no\lh-hf-iln-sociocognitivelab\Research\BabyLearn\french_data_arun\c012_8m_bath_1925.wav,mean_F2_lt_1000
1498,c012,8m,bath,1930,donc,on,IDS,31.86,1.18,1178.44,319.9834807285111,207.693898703994,580.5822021808117,372.88830347681767,358.03580516880385,953.838164208605,2180.227850459881,3243.5125747165744,283.5850509630867,972.3690301070995,2059.0949127156573,2946.282050146628,success,,,4400.0,\\hypatia.uio.no\lh-hf-iln-sociocognitivelab\Research\BabyLearn\french_data_arun\c012_8m_bath_1930.wav,mean_F2_lt_1000
1505,c012,8m,bath,1930,sont,on,IDS,139.75,0.22,223.34,281.69454832053583,268.0419138513486,294.95981361122864,26.91789975988001,293.9649051692981,897.8811445874758,2135.666281661426,3168.453206942096,294.5380948183324,865.9849102300591,2090.496239926286,3157.673534640916,success,,,4400.0,\\hypatia.uio.no\lh-hf-iln-sociocognitivelab\Research\BabyLearn\french_data_arun\c012_8m_bath_1930.wav,mean_F2_lt_1000
1511,c012,8m,bath,1930,donc,on,IDS,144.09,0.12,121.34,224.6700490629505,201.4182194103086,245.38080305500225,43.96258364469361,500.44912503210605,938.3274403737096,2109.711316870117,3467.070116250528,628.2138091536495,1138.0372699312345,2383.880375178433,3683.364639167958,success,,,4400.0,\\hypatia.uio.no\lh-hf-iln-sociocognitivelab\Research\BabyLearn\french_data_arun\c012_8m_bath_1930.wav,mean_F2_lt_1000
1515,c012,8m,bath,1930,ont,on,IDS,146.71,0.11,109.7,221.57405936582228,217.38280438255453,226.1034605919024,8.720656209347851,409.3318277130635,918.513975061334,2201.700460845782,3255.500433932797,422.1543123725156,891.3399455233367,1990.559125024078,2982.8463128237445,success,,,4400.0,\\hypatia.uio.no\lh-hf-iln-sociocognitivelab\Research\BabyLearn\french_data_arun\c012_8m_bath_1930.wav,mean_F2_lt_1000
1521,c012,8m,bath,1930,coup,ou,IDS,147.8,0.08,83.73,276.55014537963103,271.00593127147295,282.55121410716004,11.54528283568709,303.8098609979534,871.8367631520614,2314.4734210221995,3289.3583772925463,296.1449114998166,863.3947828120708,2555.6694748495665,3610.088394299756,success,,,4630.0,\\hypatia.uio.no\lh-hf-iln-sociocognitivelab\Research\BabyLearn\french_data_arun\c012_8m_bath_1930.wav,mean_F2_lt_1000
1538,c012,8m,bath,1930,sont,on,IDS,155.44,0.14,136.53,462.8044358214154,448.39881177128905,498.02184163121433,49.62302985992528,462.9653218478189,956.11022399387,2085.189940768789,3066.5871497468465,453.68586310941896,916.4800486573774,2125.8564618878686,3071.905998551109,success,,,4400.0,\\hypatia.uio.no\lh-hf-iln-sociocognitivelab\Research\BabyLearn\french_data_arun\c012_8m_bath_1930.wav,mean_F2_lt_1000
1549,c012,8m,bath,1930,possible,o,IDS,160.82,0.08,80.55,308.7168031914529,288.40171285040424,330.3254160974487,41.92370324704444,373.3444857421576,948.3216579298434,1877.6947371256128,3227.020317707831,365.1064636384246,1059.7646734710725,1891.5081240175812,3238.2372317412464,success,,,4940.0,\\hypatia.uio.no\lh-hf-iln-sociocognitivelab\Research\BabyLearn\french_data_arun\c012_8m_bath_1930.wav,mean_F2_lt_1000
1551,c012,8m,bath,1930,possible,o,IDS,162.8,0.1,102.77,321.54598583507334,290.97486605740727,343.1133552717283,52.138489214321055,357.33017046215593,970.9142202891124,2904.780957077966,3724.7641711018646,355.7816392542675,969.2284376814298,2918.0635100976306,4027.204538944487,success,,,4940.0,\\hypatia.uio.no\lh-hf-iln-sociocognitivelab\Research\BabyLearn\french_data_arun\c012_8m_bath_1930.wav,mean_F2_lt_1000
1655,c012,8m,play,1910,rose,o,IDS,24.98,0.12,120.7,250.32418792482343,233.18343191131257,258.55802437426223,25.374592462949664,545.282794483399,987.3708603912402,2821.923352488175,3716.674899833085,544.7760030905508,972.4115649955284,2808.54613879415,3618.375343745549,success,,,4940.0,\\hypatia.uio.no\lh-hf-iln-sociocognitivelab\Research\BabyLearn\french_data_arun\c012_8m_play_1910.wav,mean_F2_lt_1000
1663,c012,8m,play,1910,construit,on,IDS,110.44,0.06,63.44,189.97259661744403,185.6779044297716,194.48385541189265,8.805950982121033,501.7768665067637,999.2958817647868,1751.9694529423132,2928.228370846964,503.2348019010765,908.211759653607,1741.7524338668277,2919.904289316314,success,,,4400.0,\\hypatia.uio.no\lh-hf-iln-sociocognitivelab\Research\BabyLearn\french_data_arun\c012_8m_play_1910.wav,mean_F2_lt_1000
1698,c012,8m,play,1910,donc,on,IDS,174.74,0.11,106.01,176.58585180308015,170.29702447799056,186.89287719499464,16.595852717004078,447.36577134314575,884.0335592178512,2090.805742705517,2945.6637274948093,464.6686270000776,891.7841240443657,1825.1299154955357,2821.0585565476463,success,,,4400.0,\\hypatia.uio.no\lh-hf-iln-sociocognitivelab\Research\BabyLearn\french_data_arun\c012_8m_play_1910.wav,mean_F2_lt_1000
1745,c012,8m,play,1910,donc,on,IDS,211.54,0.96,960.81,350.8664783827169,288.2962529112944,457.2790114574952,168.98275854620078,430.8797030617458,933.8895804504872,2191.045444657825,3472.822481116651,387.1482028290625,789.1031070246647,2047.2238760421587,3549.9010357543502,success,,,4400.0,\\hypatia.uio.no\lh-hf-iln-sociocognitivelab\Research\BabyLearn\french_data_arun\c012_8m_play_1910.wav,mean_F2_lt_1000
1763,c018,12m,bath,1445,importe,au,IDS,35.16,0.06,61.44,397.63416579166073,375.78210273483535,412.6149840682595,36.83288133342416,632.5645201001697,809.3280693069494,2627.59018510771,3421.378966940053,610.7801166358063,809.9607718495299,2625.303406946694,3392.6864912247584,success,,,5060.0,\\hypatia.uio.no\lh-hf-iln-sociocognitivelab\Research\BabyLearn\french_data_arun\c018_12m_bath_1445.wav,mean_F2_lt_1000
1804,c018,12m,bath,1445,loulou_1,ou,IDS,273.3,0.09,88.13,420.47777989817126,416.89653793436537,423.4780168086684,6.581478874303059,430.6441618472354,969.5002566308692,2518.966117499582,3587.373315023928,430.1144319806319,938.0582566495046,2537.5032007387745,3537.1471388035284,success,,,4720.0,\\hypatia.uio.no\lh-hf-iln-sociocognitivelab\Research\BabyLearn\french_data_arun\c018_12m_bath_1445.wav,mean_F2_lt_1000
1825,c018,12m,bath,1445,parcours,ou,IDS,289.44,0.07,66.44,245.7235952488954,237.0745801387076,256.8881708247673,19.81359068605974,489.9698429208256,990.2608400681488,2354.25618419329,3484.849226326641,497.72692397545467,995.8630633797492,2369.60526939518,3567.2365549901224,success,,,4720.0,\\hypatia.uio.no\lh-hf-iln-sociocognitivelab\Research\BabyLearn\french_data_arun\c018_12m_bath_1445.wav,mean_F2_lt_1000
1829,c018,12m,bath,1445,jouer,ou,IDS,296.1,0.08,80.83,351.8803774968525,340.4379155311632,361.5072399824185,21.06932445125534,389.6433850028977,986.8066698881968,2182.952727088264,3134.9533942350754,388.8364918735356,981.1033377673492,2245.8811561485904,3213.3808086669947,success,,,4720.0,\\hypatia.uio.no\lh-hf-iln-sociocognitivelab\Research\BabyLearn\french_data_arun\c018_12m_bath_1445.wav,mean_F2_lt_1000
1832,c018,12m,bath,1445,on,on,IDS,296.75,0.11,110.33,275.30419237255506,265.7050767042854,280.7600099322574,15.054933227972016,632.05196140184,968.275927558034,2083.87405740913,2810.577099494276,681.8531206743639,909.3818839309884,2374.0839253253785,2639.2061460967125,success,,,4470.0,\\hypatia.uio.no\lh-hf-iln-sociocognitivelab\Research\BabyLearn\french_data_arun\c018_12m_bath_1445.wav,mean_F2_lt_1000
1834,c018,12m,bath,1445,on,on,IDS,297.16,0.13,129.5,327.574462024419,317.63598624952874,342.93115656167146,25.29517031214272,565.7671218812295,971.4909283152084,2238.562577884251,3190.167983749594,562.0923918868394,962.8182572683992,2173.7135752827444,3184.210146877624,success,,,4470.0,\\hypatia.uio.no\lh-hf-iln-sociocognitivelab\Research\BabyLearn\french_data_arun\c018_12m_bath_1445.wav,mean_F2_lt_1000
1835,c018,12m,bath,1445,joue,ou,IDS,297.41,0.21,213.58,459.9550237736771,348.1484739262582,546.9835818003603,198.8351078741021,478.1956009474376,964.3435969077544,2386.98303403676,3322.035350093259,487.8719656096378,945.224172899743,2147.244530452688,3239.3775031374344,success,,,4720.0,\\hypatia.uio.no\lh-hf-iln-sociocognitivelab\Research\BabyLearn\french_data_arun\c018_12m_bath_1445.wav,mean_F2_lt_1000
1837,c018,12m,bath,1445,on,on,IDS,298.61,0.07,72.57,284.9032729198478,264.57933522854216,307.3264412064841,42.74710597794194,566.607852520494,946.6383100730772,2492.130020145594,3563.1332054767936,566.5214041975262,958.8041001759268,2492.9921517058124,3644.8762607597264,success,,,4470.0,\\hypatia.uio.no\lh-hf-iln-sociocognitivelab\Research\BabyLearn\french_data_arun\c018_12m_bath_1445.wav,mean_F2_lt_1000
1906,c018,12m,meal,925,allonge,on,IDS,177.24,0.06,64.83,254.19820015320775,252.3603625717124,255.4322553110817,3.071892739369275,490.7474550188364,968.3118940905084,2387.442677050514,3489.017377160571,490.6892381419326,967.1496462313764,2392.382167644844,3507.438405098684,success,,,4470.0,\\hypatia.uio.no\lh-hf-iln-sociocognitivelab\Research\BabyLearn\french_data_arun\c018_12m_meal_0925.wav,mean_F2_lt_1000
1927,c018,12m,meal,925,concentre,on,IDS,201.71,0.12,122.27,311.56718652505384,305.9847136543946,318.0021820016304,12.017468347235765,417.9358967578145,873.9055494337459,2358.300905233052,3386.2037308873046,393.7452896057237,876.3451702772846,2399.3491929644256,3328.9386936913666,success,,,4470.0,\\hypatia.uio.no\lh-hf-iln-sociocognitivelab\Research\BabyLearn\french_data_arun\c018_12m_meal_0925.wav,mean_F2_lt_1000
1954,c018,12m,meal,930,mon,on,IDS,265.93,0.09,89.38,319.04598817408026,273.0315554182851,347.33578046538776,74.30422504710265,433.22510918529673,804.8967757758647,2007.3163652082117,3330.639792446785,398.7613400639581,797.161739988598,1957.132356670471,3335.6080421455545,success,,,4470.0,\\hypatia.uio.no\lh-hf-iln-sociocognitivelab\Research\BabyLearn\french_data_arun\c018_12m_meal_0930.wav,mean_F2_lt_1000
2016,c018,12m,meal,940,sinon,on,ADS,105.64,0.16,159.63,260.28080167404465,239.6987965738821,270.40291532715656,30.70411875327443,525.4560635579188,949.6794640224306,2512.7827194695788,3085.9441745414265,516.543575335813,869.6038304962389,2306.5651587497646,3060.32969844721,success,,,4470.0,\\hypatia.uio.no\lh-hf-iln-sociocognitivelab\Research\BabyLearn\french_data_arun\c018_12m_meal_0940.wav,mean_F2_lt_1000
2061,c018,12m,meal,940,route,ou,ADS,146.58,0.07,67.91,347.52393247283743,273.676407660755,394.5337048211593,120.8572971604043,404.8340443214226,976.2011774893142,2987.323850719912,3408.633490592462,398.1172911692017,1004.6152771752404,2993.1805464595614,3007.349369263812,success,,,4720.0,\\hypatia.uio.no\lh-hf-iln-sociocognitivelab\Research\BabyLearn\french_data_arun\c018_12m_meal_0940.wav,mean_F2_lt_1000
2069,c018,12m,meal,940,route,ou,ADS,150.81,0.06,59.71,238.5364926512129,234.94420650468024,240.81603021938636,5.871823714706096,479.9507734986885,974.4083392938912,2685.834298176145,3790.502179826207,479.7068437440878,973.6169719743056,2686.365059623735,3771.333387651879,success,,,4720.0,\\hypatia.uio.no\lh-hf-iln-sociocognitivelab\Research\BabyLearn\french_data_arun\c018_12m_meal_0940.wav,mean_F2_lt_1000
2076,c018,12m,meal,940,ont,on,ADS,167.11,0.11,105.91,151.52682409220623,139.80779755647083,162.5251562353613,22.717358678890463,401.2541460851771,888.4478397537958,2256.6931442797554,3150.149164577666,429.4095773843669,933.014444638477,2180.623035834423,3117.738316912746,success,,,4470.0,\\hypatia.uio.no\lh-hf-iln-sociocognitivelab\Research\BabyLearn\french_data_arun\c018_12m_meal_0940.wav,mean_F2_lt_1000
2342,c018,12m,play,2100,mon,on,IDS,139.27,0.11,107.97,476.99777128860046,474.748844679429,478.9949044196037,4.246059740174644,493.532325439832,972.3120756833944,2209.5199079643407,3169.57808416036,476.8754422816498,967.58840690013,2279.704345011108,3205.567557417974,success,,,4470.0,\\hypatia.uio.no\lh-hf-iln-sociocognitivelab\Research\BabyLearn\french_data_arun\c018_12m_play_2100.wav,mean_F2_lt_1000
2586,c018,4m,bath,940,mon,on,IDS,239.88,0.05,50.99,435.08391729638055,432.428733808652,437.5568242772287,5.128090468576659,448.0572517689113,979.987792333367,2164.781984444337,3128.689511441582,448.0572517689113,979.987792333367,2164.781984444337,3128.689511441582,success,,,4470.0,\\hypatia.uio.no\lh-hf-iln-sociocognitivelab\Research\BabyLearn\french_data_arun\c018_4m_bath_0940.wav,mean_F2_lt_1000
2620,c018,4m,bath,945,mon,on,IDS,47.07,0.14,144.71,402.2693132032029,396.1280769758755,406.5024561347477,10.374379158872216,405.1022326591495,941.4878885205964,2138.470585774218,3278.340137357221,402.032237078599,900.4921383743183,2221.661098330719,3260.3691698533453,success,,,4470.0,\\hypatia.uio.no\lh-hf-iln-sociocognitivelab\Research\BabyLearn\french_data_arun\c018_4m_bath_0945.wav,mean_F2_lt_1000
2698,c018,4m,bath,945,quel,ai,IDS,249.73,0.05,53.04,443.51903456591,441.9996514498641,446.18826198852304,4.188610538658963,552.2253758634042,988.980015736192,2711.534226913285,4104.199535198984,552.2253758634042,988.980015736192,2711.534226913285,4104.199535198984,success,,,5510.0,\\hypatia.uio.no\lh-hf-iln-sociocognitivelab\Research\BabyLearn\french_data_arun\c018_4m_bath_0945.wav,mean_F2_lt_1000
2729,c018,4m,bath,945,mon,on,IDS,280.6,0.1,98.68,280.8437124972487,271.63089485901776,287.04441314399554,15.413518284977783,347.9409720612826,903.8405358566418,2185.286092010617,3091.991291197276,357.33863988250624,893.0913630782057,2063.094172634831,2886.0582710273407,success,,,4470.0,\\hypatia.uio.no\lh-hf-iln-sociocognitivelab\Research\BabyLearn\french_data_arun\c018_4m_bath_0945.wav,mean_F2_lt_1000
2735,c018,4m,bath,945,loulou_2,ou,IDS,282.76,0.09,87.72,212.3171684026508,206.97196526903065,214.24517235652715,7.27320708749653,814.2768841959013,971.3149544077758,1679.8366230385147,3293.5888575147446,815.3254584590607,1072.8425005478227,1697.0018701206232,3307.4384759083005,success,,,4720.0,\\hypatia.uio.no\lh-hf-iln-sociocognitivelab\Research\BabyLearn\french_data_arun\c018_4m_bath_0945.wav,mean_F2_lt_1000
2789,c018,4m,bath,950,beaucoup,o,IDS,10.04,0.05,53.36,455.144983908422,454.07548385000126,456.7994453452737,2.72396149527242,457.4926494075158,947.118449305478,2389.412318105477,3277.646255065139,457.4926494075158,947.118449305478,2389.412318105477,3277.646255065139,success,,,4630.0,\\hypatia.uio.no\lh-hf-iln-sociocognitivelab\Research\BabyLearn\french_data_arun\c018_4m_bath_0950.wav,mean_F2_lt_1000
2800,c018,4m,bath,950,mon,on,IDS,12.92,0.05,45.88,456.2199762706133,455.2175987007085,457.1185611818145,1.9009624811060348,456.5032919422272,955.8189335257996,2072.622330458575,3109.4878245407717,456.5032919422272,955.8189335257996,2072.622330458575,3109.4878245407717,success,,,4470.0,\\hypatia.uio.no\lh-hf-iln-sociocognitivelab\Research\BabyLearn\french_data_arun\c018_4m_bath_0950.wav,mean_F2_lt_1000
2829,c018,4m,bath,950,mon,on,IDS,41.95,0.18,183.77,433.8467398877213,416.4644363261991,445.5428079659208,29.07837163972164,439.3984350772309,982.6201381233572,2074.324962436738,3198.845445479982,441.46599204697617,1012.77344445284,2088.6003098973288,3242.4785303257204,success,,,4470.0,\\hypatia.uio.no\lh-hf-iln-sociocognitivelab\Research\BabyLearn\french_data_arun\c018_4m_bath_0950.wav,mean_F2_lt_1000
2887,c018,4m,bath,950,maman,a,IDS,122.69,0.07,68.5,395.9485733128308,393.4673898980816,401.9158708472482,8.448480949166651,454.18526843973314,808.9672832237306,2971.9525049852127,4311.973270084627,455.38848013421887,788.3162704893559,2940.692820520637,4388.569981635789,success,,,5980.0,\\hypatia.uio.no\lh-hf-iln-sociocognitivelab\Research\BabyLearn\french_data_arun\c018_4m_bath_0950.wav,mean_F2_lt_1000
2956,c018,4m,bath,950,on,on,IDS,270.96,0.06,60.4,368.67609294714686,348.53117045307766,377.1070967365905,28.57592628351284,447.6757875457444,967.0067899179872,2031.040155503121,3391.0816987738626,444.70751124997065,978.2229634032644,2025.3884323601364,3419.615890962261,success,,,4470.0,\\hypatia.uio.no\lh-hf-iln-sociocognitivelab\Research\BabyLearn\french_data_arun\c018_4m_bath_0950.wav,mean_F2_lt_1000
2960,c018,4m,bath,950,salopette,o,IDS,271.53,0.05,50.7,384.8964235031885,380.5842802139029,387.6453130271684,7.061032813265456,507.7521133499632,898.118583938113,2020.5470346032744,3063.536037900708,507.7521133499632,898.118583938113,2020.5470346032744,3063.536037900708,success,,,4630.0,\\hypatia.uio.no\lh-hf-iln-sociocognitivelab\Research\BabyLearn\french_data_arun\c018_4m_bath_0950.wav,mean_F2_lt_1000
3034,c018,4m,bath,955,mon,on,IDS,42.5,0.1,103.84,240.6305350512285,226.34298393630405,248.7792571903919,22.43627325408784,315.6298136194006,926.1866159414752,2127.766122784694,3150.5519382906705,286.5049647802302,1249.9292259403835,2112.5102085113936,3513.3053510520926,success,,,4470.0,\\hypatia.uio.no\lh-hf-iln-sociocognitivelab\Research\BabyLearn\french_data_arun\c018_4m_bath_0955.wav,mean_F2_lt_1000
3055,c018,4m,bath,955,mon,on,IDS,49.51,0.13,134.18,286.87879170573666,284.156490816705,289.10258425263135,4.946093435926343,556.4757856910467,908.9738337337708,2181.326763353471,3125.0725473161274,547.9195158827442,865.1427248511861,2154.907556894949,3086.8712237891405,success,,,4470.0,\\hypatia.uio.no\lh-hf-iln-sociocognitivelab\Research\BabyLearn\french_data_arun\c018_4m_bath_0955.wav,mean_F2_lt_1000
3109,c018,4m,bath,955,va,a,IDS,82.02,0.05,45.32,288.63950248118186,282.8311319118389,293.89645070787986,11.065318796040913,723.133248623557,970.6478381604666,2453.137737737913,4043.290686039965,723.133248623557,970.6478381604666,2453.137737737913,4043.290686039965,success,,,5980.0,\\hypatia.uio.no\lh-hf-iln-sociocognitivelab\Research\BabyLearn\french_data_arun\c018_4m_bath_0955.wav,mean_F2_lt_1000
3148,c018,4m,bath,955,dodo_1,o,IDS,93.75,0.09,94.28,447.6789403130565,441.0622180822132,464.8135640987019,23.75134601648864,528.1848406836203,912.641090989411,2219.078487013628,3482.867101100118,520.328432010358,916.49956196712,2204.651006089455,3503.074410515359,success,,,4630.0,\\hypatia.uio.no\lh-hf-iln-sociocognitivelab\Research\BabyLearn\french_data_arun\c018_4m_bath_0955.wav,mean_F2_lt_1000
3160,c018,4m,bath,955,mon,on,IDS,97.11,0.05,52.97,222.85853700769312,221.79575740408808,223.5037795268809,1.7080221227927836,362.2052964653657,778.0636191341786,1964.415185239656,3151.376341720064,362.2052964653657,778.0636191341786,1964.415185239656,3151.376341720064,success,,,4470.0,\\hypatia.uio.no\lh-hf-iln-sociocognitivelab\Research\BabyLearn\french_data_arun\c018_4m_bath_0955.wav,mean_F2_lt_1000
3162,c018,4m,bath,955,ouh,ou,IDS,102.55,0.09,93.24,149.5829351038496,140.96767422869624,152.67111299126685,11.703438762570611,426.1714233394735,900.4592642031382,2380.8795661129807,3319.318366874504,425.71922381412605,894.728124014003,2480.189281429969,3145.1576536751245,success,,,4720.0,\\hypatia.uio.no\lh-hf-iln-sociocognitivelab\Research\BabyLearn\french_data_arun\c018_4m_bath_0955.wav,mean_F2_lt_1000
3201,c018,4m,bath,955,dodo_2,o,IDS,128.09,0.15,147.37,429.4368300014281,418.7550683520199,437.367701401522,18.612633049502165,452.513212776434,945.5917884451128,1779.0210245471044,3238.229343102972,450.321852324908,903.5509890751885,1743.1881021716713,3335.5881795338405,success,,,4630.0,\\hypatia.uio.no\lh-hf-iln-sociocognitivelab\Research\BabyLearn\french_data_arun\c018_4m_bath_0955.wav,mean_F2_lt_1000
3224,c018,4m,bath,955,important,au,IDS,138.41,0.05,54.93,316.0499068760428,315.1694680607502,316.9240357842655,1.754567723515322,614.419799799949,949.2154695711944,2840.040443060886,3863.123610017614,614.419799799949,949.2154695711944,2840.040443060886,3863.123610017614,success,,,5060.0,\\hypatia.uio.no\lh-hf-iln-sociocognitivelab\Research\BabyLearn\french_data_arun\c018_4m_bath_0955.wav,mean_F2_lt_1000
3248,c018,4m,bath,955,pour,ou,IDS,145.88,0.06,63.31,222.19569010594077,219.93514849254476,224.41948553758704,4.4843370450423095,259.79814469029145,903.2306030676192,2367.00507508136,3545.4577635724586,274.1015188121292,901.5616332450916,2389.41610757126,3551.231520539319,success,,,4720.0,\\hypatia.uio.no\lh-hf-iln-sociocognitivelab\Research\BabyLearn\french_data_arun\c018_4m_bath_0955.wav,mean_F2_lt_1000
3279,c018,4m,bath,955,mon,on,IDS,155.82,0.09,87.34,346.7523138895697,340.62955501850644,351.05851205927945,10.428957040773014,372.76246273394287,910.3537355431358,2167.6596589977844,3071.730535278059,371.0749780715195,882.2073924542085,2127.9459866995453,3087.441612621428,success,,,4470.0,\\hypatia.uio.no\lh-hf-iln-sociocognitivelab\Research\BabyLearn\french_data_arun\c018_4m_bath_0955.wav,mean_F2_lt_1000
3292,c018,4m,meal,815,dodo_1,o,IDS,7.09,0.11,110.93,396.57398091125856,394.966185229179,397.7380423279124,2.771857098733392,565.2326857475308,878.2975221096657,2116.812116166937,3377.9990259025653,630.0240233130687,755.9611532930141,2117.498188940393,3394.4010130297625,success,,,4630.0,\\hypatia.uio.no\lh-hf-iln-sociocognitivelab\Research\BabyLearn\french_data_arun\c018_4m_meal_0815.wav,mean_F2_lt_1000
3294,c018,4m,meal,815,mon,on,IDS,7.46,0.09,93.69,398.386896510283,393.1979982619404,402.2932806419903,9.095282380049923,434.2455844057581,982.09041739776,2014.8619927809127,3328.7537482571893,437.3175080968092,911.6826144228388,2035.4247354009372,3252.1105570133805,success,,,4470.0,\\hypatia.uio.no\lh-hf-iln-sociocognitivelab\Research\BabyLearn\french_data_arun\c018_4m_meal_0815.wav,mean_F2_lt_1000
3314,c018,4m,meal,815,on,on,IDS,21.35,0.05,54.55,388.6467007132172,385.3792746104165,391.41913926820393,6.039864657787405,459.4764705594631,904.499374247406,2442.311876613905,3284.2192639862137,459.4764705594631,904.499374247406,2442.311876613905,3284.2192639862137,success,,,4470.0,\\hypatia.uio.no\lh-hf-iln-sociocognitivelab\Research\BabyLearn\french_data_arun\c018_4m_meal_0815.wav,mean_F2_lt_1000
3318,c018,4m,meal,815,mon,on,IDS,22.24,0.11,114.82,320.0772141066382,303.3948465953476,327.99419444631485,24.599347850967263,352.4507184066311,962.2634767975776,2258.6576429683614,3342.421980475634,346.9282525278046,975.2018812290356,2238.276175637641,3282.8406644171523,success,,,4470.0,\\hypatia.uio.no\lh-hf-iln-sociocognitivelab\Research\BabyLearn\french_data_arun\c018_4m_meal_0815.wav,mean_F2_lt_1000
3320,c018,4m,meal,815,oui,o,IDS,42.85,0.13,126.72,349.6473964073301,326.8386050863044,361.83050106805007,34.9918959817457,435.5748794238937,877.9938117419052,2961.595672359052,3521.214854481397,449.30406362138046,525.1966298507724,2895.7186174260487,3391.5747695789773,success,,,4630.0,\\hypatia.uio.no\lh-hf-iln-sociocognitivelab\Research\BabyLearn\french_data_arun\c018_4m_meal_0815.wav,mean_F2_lt_1000
3325,c018,4m,meal,815,mon,on,IDS,44.29,0.11,114.78,369.88683882737206,365.6605820508528,372.7216582510329,7.061076200180139,401.4005289864978,800.0906640911613,2129.287766087576,3174.577305257346,398.8551354958074,788.9689433395963,2135.619577753006,3070.967577244088,success,,,4470.0,\\hypatia.uio.no\lh-hf-iln-sociocognitivelab\Research\BabyLearn\french_data_arun\c018_4m_meal_0815.wav,mean_F2_lt_1000
3370,c018,4m,meal,815,on,on,IDS,66.3,0.08,78.62,365.0156049252622,330.04683762859474,393.7146129171829,63.66777528858819,396.6558432409163,935.0476502707446,1995.8475016478003,3319.281834609368,385.7693511788529,946.3933505557025,2026.8710226610572,3382.001068352838,success,,,4470.0,\\hypatia.uio.no\lh-hf-iln-sociocognitivelab\Research\BabyLearn\french_data_arun\c018_4m_meal_0815.wav,mean_F2_lt_1000
3378,c018,4m,meal,815,mon,on,IDS,72.34,0.06,59.23,370.11834268689535,354.9908875792404,383.1108482915508,28.119960712310387,389.4801049531126,964.3774537861044,2057.868920888625,3195.4939256773505,389.0776910336581,972.0993076455172,2056.151027665637,3194.720579560168,success,,,4470.0,\\hypatia.uio.no\lh-hf-iln-sociocognitivelab\Research\BabyLearn\french_data_arun\c018_4m_meal_0815.wav,mean_F2_lt_1000
3381,c018,4m,meal,815,mon,on,IDS,74.16,0.06,57.23,220.1259599933191,215.01535183492385,224.139388943782,9.124037108858149,427.9194549373715,760.6062510958275,2343.011981885372,3302.0128225484077,430.1843855933084,764.6395907382541,2394.9543894317803,3317.581396474877,success,,,4470.0,\\hypatia.uio.no\lh-hf-iln-sociocognitivelab\Research\BabyLearn\french_data_arun\c018_4m_meal_0815.wav,mean_F2_lt_1000
3385,c018,4m,meal,815,gros,o,IDS,75.39,0.16,157.33,411.7421548679456,347.12157085045664,441.6937899743247,94.57221912386802,424.2389578780925,860.8310434602389,2424.507589532902,3191.9165231506213,427.7686864717604,857.6003200715925,2388.115967158028,3209.415028089923,success,,,4630.0,\\hypatia.uio.no\lh-hf-iln-sociocognitivelab\Research\BabyLearn\french_data_arun\c018_4m_meal_0815.wav,mean_F2_lt_1000
3387,c018,4m,meal,815,dodo_2,o,IDS,75.83,0.15,149.68,342.0670491563528,331.1783664665421,348.78800891331883,17.609642446776718,430.81751949013096,873.1451836597092,2071.2300630464,3186.9027314288915,412.6058543251274,810.5394348617415,2004.249132422071,3097.487384247172,success,,,4630.0,\\hypatia.uio.no\lh-hf-iln-sociocognitivelab\Research\BabyLearn\french_data_arun\c018_4m_meal_0815.wav,mean_F2_lt_1000
3397,c018,4m,meal,815,mon,on,IDS,79.15,0.06,60.37,247.8613916158569,245.21290419012252,249.8489351507847,4.636030960662168,477.6100433331186,516.1125033455696,2019.092179459547,3103.920003417072,490.7487068384506,504.2657517412018,2031.5864763789464,3089.934027610865,success,,,4470.0,\\hypatia.uio.no\lh-hf-iln-sociocognitivelab\Research\BabyLearn\french_data_arun\c018_4m_meal_0815.wav,mean_F2_lt_1000
3414,c018,4m,meal,815,mon,on,IDS,97.77,0.06,56.69,207.70820490536457,203.71240782476715,209.92314648844956,6.210738663682378,409.2582235509082,950.1343713765772,2541.0574951223216,3530.9352375737526,416.9186026401129,972.4176873007071,2557.154054786601,3567.2051330771083,success,,,4470.0,\\hypatia.uio.no\lh-hf-iln-sociocognitivelab\Research\BabyLearn\french_data_arun\c018_4m_meal_0815.wav,mean_F2_lt_1000
3449,c018,4m,meal,815,ton,on,IDS,147.08,0.08,78.97,246.50701096585456,245.51317169130763,248.01950855872605,2.506336867418412,461.10168754120696,757.3934741093361,2153.874625554161,3428.3893369427647,455.8833319454093,753.1661070158596,2201.60622936837,3402.12380718804,success,,,4470.0,\\hypatia.uio.no\lh-hf-iln-sociocognitivelab\Research\BabyLearn\french_data_arun\c018_4m_meal_0815.wav,mean_F2_lt_1000
3461,c018,4m,meal,820,important,an,IDS,2.9,0.1,98.51,387.0413082352298,371.30241953989736,399.12113811997966,27.818718580082304,436.0345339891067,821.9998592765131,2418.808862540774,3577.598048556904,417.9837365010815,848.9551300117778,2593.733976639848,3597.359975664951,success,,,5040.0,\\hypatia.uio.no\lh-hf-iln-sociocognitivelab\Research\BabyLearn\french_data_arun\c018_4m_meal_0820.wav,mean_F2_lt_1000
3492,c018,4m,meal,820,mon,on,IDS,18.73,0.09,85.55,357.2631375326441,346.0000778668013,365.6607818271642,19.660703960362923,376.6940131991339,907.5326558870936,2182.6511611314504,3332.687549976029,383.85680969829616,851.1969707735662,2124.810543308127,3122.9650479734228,success,,,4470.0,\\hypatia.uio.no\lh-hf-iln-sociocognitivelab\Research\BabyLearn\french_data_arun\c018_4m_meal_0820.wav,mean_F2_lt_1000
3500,c018,4m,meal,820,on,on,IDS,24.96,0.11,108.8,343.9116467613409,295.0555793125169,407.91926080776,112.863681495243,474.0515008425545,697.4222699828164,2052.468614651068,3325.101057707416,498.9718728290197,701.4251964503875,2060.953887613522,3382.770164567728,success,,,4470.0,\\hypatia.uio.no\lh-hf-iln-sociocognitivelab\Research\BabyLearn\french_data_arun\c018_4m_meal_0820.wav,mean_F2_lt_1000
3510,c018,4m,meal,820,mon,on,IDS,27.06,0.05,53.61,368.7768752949121,368.19941012323534,369.2896936181176,1.0902834948822715,388.7649041793508,968.9378190920116,2276.156390091738,3131.764164803526,388.7649041793508,968.9378190920116,2276.156390091738,3131.764164803526,success,,,4470.0,\\hypatia.uio.no\lh-hf-iln-sociocognitivelab\Research\BabyLearn\french_data_arun\c018_4m_meal_0820.wav,mean_F2_lt_1000
3539,c018,4m,meal,820,mon,on,IDS,43.18,0.06,64.22,221.00772205262365,217.54751332065305,223.43178049091583,5.884267170262831,401.1587076482516,825.5174213030346,1956.919798911044,3082.299651187971,397.8914229338005,831.8603715258209,1944.281671096638,3091.174067461601,success,,,4470.0,\\hypatia.uio.no\lh-hf-iln-sociocognitivelab\Research\BabyLearn\french_data_arun\c018_4m_meal_0820.wav,mean_F2_lt_1000
3542,c018,4m,meal,820,journee,ou,IDS,43.8,0.07,65.36,200.99334411596496,196.49024182571364,203.286923154896,6.79668132918232,509.4844236754013,697.3262358326605,2517.867368349001,2920.830817805517,499.1113248835387,734.4453237138338,2545.399938549101,2933.5872217666074,success,,,4720.0,\\hypatia.uio.no\lh-hf-iln-sociocognitivelab\Research\BabyLearn\french_data_arun\c018_4m_meal_0820.wav,mean_F2_lt_1000
3577,c018,4m,meal,820,aujourd hui,o,IDS,80.22,0.06,58.62,222.5637915331693,220.75629058953749,223.2722317278701,2.515941138332579,428.20842065865554,880.6490426892939,3020.389349918775,3245.870868886105,428.7190735417202,897.2082301721533,3140.6205807840106,3165.8258762480245,success,,,4630.0,\\hypatia.uio.no\lh-hf-iln-sociocognitivelab\Research\BabyLearn\french_data_arun\c018_4m_meal_0820.wav,mean_F2_lt_1000
3597,c018,4m,meal,820,ton,on,IDS,86.8,0.11,113.38,221.92487744855453,218.67002520997988,226.45681827131628,7.786793061336397,455.6110897938008,671.4773666747376,2297.4684652055844,3352.9268819928147,408.9617578097951,597.2799058277369,2180.522458205707,3498.1444392635885,success,,,4470.0,\\hypatia.uio.no\lh-hf-iln-sociocognitivelab\Research\BabyLearn\french_data_arun\c018_4m_meal_0820.wav,mean_F2_lt_1000
3648,c018,4m,meal,820,continues,on,IDS,183.17,0.06,57.36,500.40757468456906,496.57534029058337,505.7619086206546,9.186568330071225,500.3192687148688,998.8189495097978,2220.552302648088,3013.1891056753693,500.3268340912315,1009.7470278700844,2219.0505066816204,3010.9853152469577,success,,,4470.0,\\hypatia.uio.no\lh-hf-iln-sociocognitivelab\Research\BabyLearn\french_data_arun\c018_4m_meal_0820.wav,mean_F2_lt_1000
3662,c018,4m,meal,820,mon,on,IDS,191.3,0.11,110.17,457.4465912130661,442.1982838133858,464.3723418349556,22.17405802156975,461.5785656831311,972.0129886071176,2213.507500308909,3365.1466020998328,464.7701241343161,968.4353091694212,2222.0655119323865,3375.7371004429497,success,,,4470.0,\\hypatia.uio.no\lh-hf-iln-sociocognitivelab\Research\BabyLearn\french_data_arun\c018_4m_meal_0820.wav,mean_F2_lt_1000
3702,c018,4m,meal,825,concentre,on,IDS,29.63,0.05,47.64,429.13937811990746,427.7953847949201,430.8370620044967,3.0416772095765623,431.2329005955,872.1551252821394,2478.2149985248534,3056.3136396538785,431.2329005955,872.1551252821394,2478.2149985248534,3056.3136396538785,success,,,4470.0,\\hypatia.uio.no\lh-hf-iln-sociocognitivelab\Research\BabyLearn\french_data_arun\c018_4m_meal_0825.wav,mean_F2_lt_1000
3703,c018,4m,meal,825,concentre,an,IDS,29.8,0.06,62.96,464.7372965855448,458.4149909910371,467.0547633595328,8.639772368495755,478.83252208215833,997.222931097214,3267.760321947752,3381.4146878876622,480.2115032182549,1003.8156499960372,3219.918612229925,3296.2573855829287,success,,,5040.0,\\hypatia.uio.no\lh-hf-iln-sociocognitivelab\Research\BabyLearn\french_data_arun\c018_4m_meal_0825.wav,mean_F2_lt_1000
3705,c018,4m,meal,825,mon,on,IDS,30.41,0.07,69.59,436.9616046008372,427.930879158711,447.3997964395963,19.468917280885307,435.868077573697,888.0914882200491,2197.9336308710795,3297.57231758343,436.6431842395404,889.5800399366793,2205.2332241901904,3359.1519001612714,success,,,4470.0,\\hypatia.uio.no\lh-hf-iln-sociocognitivelab\Research\BabyLearn\french_data_arun\c018_4m_meal_0825.wav,mean_F2_lt_1000
3708,c018,4m,meal,825,important,au,IDS,32.08,0.05,51.87,370.0479015163246,369.7509726615653,370.22074281308426,0.4697701515190147,539.4214031241269,739.8037052059428,2421.9219494757585,3645.893240345466,539.4214031241269,739.8037052059428,2421.9219494757585,3645.893240345466,success,,,5060.0,\\hypatia.uio.no\lh-hf-iln-sociocognitivelab\Research\BabyLearn\french_data_arun\c018_4m_meal_0825.wav,mean_F2_lt_1000
3715,c018,4m,meal,825,concentre,an,IDS,34.2,0.07,65.83,410.7281141277927,408.5138309613251,411.6455094258759,3.1316784645508164,440.67285048926885,866.7777631226969,2403.406914697799,3847.185736938906,439.87723738884,866.1416145754557,2474.688629251469,3958.057505753096,success,,,5040.0,\\hypatia.uio.no\lh-hf-iln-sociocognitivelab\Research\BabyLearn\french_data_arun\c018_4m_meal_0825.wav,mean_F2_lt_1000
3716,c018,4m,meal,825,concentre,oe,IDS,34.4,0.05,49.82,405.63296609462327,401.8489432648136,407.6166269586605,5.767683693846891,420.36628837352873,838.0910464524807,2850.6325922451333,3709.224180275821,420.36628837352873,838.0910464524807,2850.6325922451333,3709.224180275821,success,,,5100.0,\\hypatia.uio.no\lh-hf-iln-sociocognitivelab\Research\BabyLearn\french_data_arun\c018_4m_meal_0825.wav,mean_F2_lt_1000
3722,c018,4m,meal,825,beaucoup,o,IDS,37.9,0.06,59.79,353.77782673770645,347.97299308929314,358.79773522265816,10.82474213336502,367.3094098099279,896.5715415700777,2720.8328606922773,3117.333318418121,367.0298152148152,906.6151803437168,2744.316175107195,3231.461630817736,success,,,4630.0,\\hypatia.uio.no\lh-hf-iln-sociocognitivelab\Research\BabyLearn\french_data_arun\c018_4m_meal_0825.wav,mean_F2_lt_1000
3723,c018,4m,meal,825,beaucoup,ou,IDS,38.18,0.11,109.91,405.7205246101951,404.2821456106321,406.9657950791414,2.683649468509316,407.72587999480487,873.4408230478148,2387.534393086542,3335.4160245595326,406.7373209505576,850.2964435490208,2334.5463498132303,3266.876162971939,success,,,4720.0,\\hypatia.uio.no\lh-hf-iln-sociocognitivelab\Research\BabyLearn\french_data_arun\c018_4m_meal_0825.wav,mean_F2_lt_1000
3742,c018,4m,meal,825,biberon,on,IDS,61.57,0.11,109.7,449.89618089474425,447.1340029968489,452.208149509124,5.074146512275149,450.9337258393221,914.5451646240198,2260.974636563037,3278.309542996081,451.1874747803631,914.145040427285,2244.8009956921187,3235.850069457175,success,,,4470.0,\\hypatia.uio.no\lh-hf-iln-sociocognitivelab\Research\BabyLearn\french_data_arun\c018_4m_meal_0825.wav,mean_F2_lt_1000
3755,c018,4m,meal,825,beaucoup,o,IDS,65.14,0.05,54.69,370.6845201944481,369.9082251300027,371.1203067263333,1.21208159633062,374.7429989534687,762.8404234396486,2298.7894634188738,3334.852382787085,374.7429989534687,762.8404234396486,2298.7894634188738,3334.852382787085,success,,,4630.0,\\hypatia.uio.no\lh-hf-iln-sociocognitivelab\Research\BabyLearn\french_data_arun\c018_4m_meal_0825.wav,mean_F2_lt_1000
3763,c018,4m,meal,825,important,au,IDS,67.43,0.05,45.9,252.27906539677252,251.39805401154624,252.81020145849024,1.4121474469440043,563.8830795407953,895.8952841334045,2756.260549174039,3755.056270649845,563.8830795407953,895.8952841334045,2756.260549174039,3755.056270649845,success,,,5060.0,\\hypatia.uio.no\lh-hf-iln-sociocognitivelab\Research\BabyLearn\french_data_arun\c018_4m_meal_0825.wav,mean_F2_lt_1000
3764,c018,4m,meal,825,important,an,IDS,67.64,0.06,61.36,402.070152515247,397.9099088065387,405.83244085514326,7.92253204860458,465.0842920331568,836.3280301135795,2579.886617405248,3369.6039952639644,467.3596857797056,829.7158118079889,2615.394641872036,3328.4018708110307,success,,,5040.0,\\hypatia.uio.no\lh-hf-iln-sociocognitivelab\Research\BabyLearn\french_data_arun\c018_4m_meal_0825.wav,mean_F2_lt_1000
3766,c018,4m,meal,825,manger,an,IDS,68.02,0.06,63.36,346.84002915459115,345.76570508661445,348.0025727828324,2.236867696217928,648.4555562888112,834.522668386586,2111.0370226443906,3495.0015678244067,643.6882801563365,835.2005397737199,2097.1557163245584,3494.180412182457,success,,,5040.0,\\hypatia.uio.no\lh-hf-iln-sociocognitivelab\Research\BabyLearn\french_data_arun\c018_4m_meal_0825.wav,mean_F2_lt_1000
3768,c018,4m,meal,825,mon,on,IDS,68.37,0.06,62.36,360.16518471389884,357.0092563063024,362.5893607056235,5.580104399321101,646.323882071262,715.7168729925199,2083.4788158351325,3136.358281192918,674.3342375482672,715.4132001303578,2068.3054209241477,3137.8158110206023,success,,,4470.0,\\hypatia.uio.no\lh-hf-iln-sociocognitivelab\Research\BabyLearn\french_data_arun\c018_4m_meal_0825.wav,mean_F2_lt_1000
3777,c018,4m,meal,825,on,on,IDS,74.52,0.08,81.03,431.84139684229984,430.48482058917705,435.73882528721526,5.254004698038216,438.7358499456015,981.5818311771916,1698.7583642643967,3249.3536755915634,440.3194894876345,1024.018045239436,1650.1351559655864,3255.832074648976,success,,,4470.0,\\hypatia.uio.no\lh-hf-iln-sociocognitivelab\Research\BabyLearn\french_data_arun\c018_4m_meal_0825.wav,mean_F2_lt_1000
3788,c018,4m,meal,825,mon,on,IDS,89.74,0.08,79.39,423.233694572308,418.07060390385567,430.2971693669375,12.226565463081783,424.2198655889818,885.8130429337072,2189.304930627025,3341.770862704705,423.94005560647184,887.1198744983773,2218.393920256108,3340.450807990377,success,,,4470.0,\\hypatia.uio.no\lh-hf-iln-sociocognitivelab\Research\BabyLearn\french_data_arun\c018_4m_meal_0825.wav,mean_F2_lt_1000
3793,c018,4m,meal,825,guillaume,au,IDS,93.01,0.12,117.96,417.92405213899417,402.81465167959806,431.59006680842367,28.77541512882561,486.9116399584194,918.7259973153105,2822.806034927865,3235.86642882232,468.4192613090455,894.951059933851,2785.8842256291173,3139.9894621521844,success,,,5060.0,\\hypatia.uio.no\lh-hf-iln-sociocognitivelab\Research\BabyLearn\french_data_arun\c018_4m_meal_0825.wav,mean_F2_lt_1000
3807,c018,4m,meal,825,biberon,on,IDS,97.14,0.07,74.57,447.3198339932648,444.12186911095046,449.9194171610277,5.797548050077182,452.8960330379584,974.8712961969292,2048.111566006954,3160.2298202481347,454.1647008669901,959.6505424287284,1997.2546915907749,3164.52239981603,success,,,4470.0,\\hypatia.uio.no\lh-hf-iln-sociocognitivelab\Research\BabyLearn\french_data_arun\c018_4m_meal_0825.wav,mean_F2_lt_1000
3808,c018,4m,meal,825,mon,on,IDS,97.27,0.05,47.45,454.4972978724485,451.1679733101041,456.6951855623032,5.5272122521990354,456.3691662039031,946.0593233402328,2237.471379891961,3187.599969071325,456.3691662039031,946.0593233402328,2237.471379891961,3187.599969071325,success,,,4470.0,\\hypatia.uio.no\lh-hf-iln-sociocognitivelab\Research\BabyLearn\french_data_arun\c018_4m_meal_0825.wav,mean_F2_lt_1000
3864,c018,4m,meal,825,concentrer,on,IDS,160.89,0.05,54.1,336.07199588862454,335.3608768308097,336.4824294261188,1.1215525953090832,663.5020595505621,705.3621729066804,1980.4415392378692,3645.187980448198,663.5020595505621,705.3621729066804,1980.4415392378692,3645.187980448198,success,,,4470.0,\\hypatia.uio.no\lh-hf-iln-sociocognitivelab\Research\BabyLearn\french_data_arun\c018_4m_meal_0825.wav,mean_F2_lt_1000
3865,c018,4m,meal,825,concentrer,an,IDS,161.1,0.06,55.74,340.1998656388941,338.3184243517282,341.0164811205088,2.6980567687805888,607.8395752353667,950.6903942579996,3158.358544949107,3679.375122361173,611.6833023895516,959.4445576642725,3184.4340824036926,3669.913529474265,success,,,5040.0,\\hypatia.uio.no\lh-hf-iln-sociocognitivelab\Research\BabyLearn\french_data_arun\c018_4m_meal_0825.wav,mean_F2_lt_1000
3871,c018,4m,meal,825,mon,on,IDS,163.64,0.05,54.77,235.52171029190583,230.4315475953956,239.92797254996972,9.496424954574168,450.8571662172035,867.1801331641443,2122.319023977257,3548.9285754678235,450.8571662172035,867.1801331641443,2122.319023977257,3548.9285754678235,success,,,4470.0,\\hypatia.uio.no\lh-hf-iln-sociocognitivelab\Research\BabyLearn\french_data_arun\c018_4m_meal_0825.wav,mean_F2_lt_1000
3891,c018,4m,meal,825,mon,on,IDS,199.81,0.07,72.22,318.8004667299664,310.8329401439605,327.95629746699683,17.123357323036316,437.2417999986504,705.9731526401686,1695.738356316998,3208.77462712446,458.0063559235072,613.3594609733741,1600.2088310437346,3090.304650180286,success,,,4470.0,\\hypatia.uio.no\lh-hf-iln-sociocognitivelab\Research\BabyLearn\french_data_arun\c018_4m_meal_0825.wav,mean_F2_lt_1000
3901,c018,4m,meal,825,mon,on,IDS,210.23,0.1,96.97,383.7776457411278,370.68595265005325,390.0136353729183,19.327682722865063,398.5441213343853,964.0758504433508,2252.290413767875,3657.232036425185,401.7246225572648,945.7392348101164,2267.63825496514,3849.973188033114,success,,,4470.0,\\hypatia.uio.no\lh-hf-iln-sociocognitivelab\Research\BabyLearn\french_data_arun\c018_4m_meal_0825.wav,mean_F2_lt_1000
3938,c018,4m,meal,825,faut,o,IDS,274.35,0.05,49.51,305.9061987223063,303.9659435575623,307.25413764104496,3.288194083482665,391.4705119156274,611.4298578052606,2663.4425480543678,3495.7454001060387,391.4705119156274,611.4298578052606,2663.4425480543678,3495.7454001060387,success,,,4630.0,\\hypatia.uio.no\lh-hf-iln-sociocognitivelab\Research\BabyLearn\french_data_arun\c018_4m_meal_0825.wav,mean_F2_lt_1000
3961,c018,4m,meal,825,pour,ou,IDS,288.11,0.05,49.93,295.1001040858023,287.1945584769285,301.9464771487435,14.75191867181502,571.6995918638623,591.4092832478859,2797.9339194275503,3696.387758612878,571.6995918638623,591.4092832478859,2797.9339194275503,3696.387758612878,success,,,4720.0,\\hypatia.uio.no\lh-hf-iln-sociocognitivelab\Research\BabyLearn\french_data_arun\c018_4m_meal_0825.wav,mean_F2_lt_1000
3962,c018,4m,meal,825,grandir,an,IDS,288.4,0.08,78.17,285.10135085128627,271.4017746619107,295.0085419072388,23.606767245328115,531.1291867212526,768.2551732420993,2313.6999081504496,3541.193052959994,550.2878972508626,734.6613195419455,2322.092363838727,3514.8529087967754,success,,,5040.0,\\hypatia.uio.no\lh-hf-iln-sociocognitivelab\Research\BabyLearn\french_data_arun\c018_4m_meal_0825.wav,mean_F2_lt_1000
3968,c018,4m,meal,825,en,an,IDS,291.06,0.05,50.07,243.91995910651136,242.99942533528932,244.80702829142828,1.807602956138936,603.6659106171991,848.2530356968408,2645.13801189088,3363.46112018517,603.6659106171991,848.2530356968408,2645.13801189088,3363.46112018517,success,,,5040.0,\\hypatia.uio.no\lh-hf-iln-sociocognitivelab\Research\BabyLearn\french_data_arun\c018_4m_meal_0825.wav,mean_F2_lt_1000
3972,c018,4m,meal,825,fonctionne,on,IDS,292.15,0.09,87.78,348.8341613620792,336.753261267283,358.06870918310534,21.315447915822347,403.7879245988606,776.9669175219975,2163.018874763573,3195.540665831621,416.0040045571124,797.4019727143333,2169.69287996227,3121.9585608865127,success,,,4470.0,\\hypatia.uio.no\lh-hf-iln-sociocognitivelab\Research\BabyLearn\french_data_arun\c018_4m_meal_0825.wav,mean_F2_lt_1000
3981,c018,4m,meal,825,important,au,IDS,294.17,0.05,51.38,341.7430640854939,338.5647732234659,344.53150699845395,5.966733774988029,614.9963182803172,683.4847968043001,2802.4228820195926,3881.493590996953,614.9963182803172,683.4847968043001,2802.4228820195926,3881.493590996953,success,,,5060.0,\\hypatia.uio.no\lh-hf-iln-sociocognitivelab\Research\BabyLearn\french_data_arun\c018_4m_meal_0825.wav,mean_F2_lt_1000
3983,c018,4m,meal,825,mon,on,IDS,294.55,0.05,50.14,227.83313058388944,227.2788854931615,228.53650251096528,1.2576170178037671,467.0285811058621,838.8971273170231,2037.307722426818,3093.8752617326527,467.0285811058621,838.8971273170231,2037.307722426818,3093.8752617326527,success,,,4470.0,\\hypatia.uio.no\lh-hf-iln-sociocognitivelab\Research\BabyLearn\french_data_arun\c018_4m_meal_0825.wav,mean_F2_lt_1000
3990,c018,4m,meal,830,mon,on,IDS,35.73,0.09,94.61,447.96477274134014,407.4572481156228,485.0703723383374,77.61312422271465,452.7356043355612,978.0924851864372,2226.2618557998235,3115.913453125601,453.2947640535868,982.359450249638,2213.85448849919,3181.72940509038,success,,,4470.0,\\hypatia.uio.no\lh-hf-iln-sociocognitivelab\Research\BabyLearn\french_data_arun\c018_4m_meal_0830.wav,mean_F2_lt_1000
3992,c018,4m,meal,830,on,on,IDS,36.48,0.07,69.68,342.3605989010496,331.6680822181063,350.2414117386393,18.57332952053298,622.8479394529154,751.6894893346308,2013.5442549980569,3446.8164124111736,631.7237935668418,770.7873490275772,2064.0334409193874,3500.699468670009,success,,,4470.0,\\hypatia.uio.no\lh-hf-iln-sociocognitivelab\Research\BabyLearn\french_data_arun\c018_4m_meal_0830.wav,mean_F2_lt_1000
3997,c018,4m,meal,830,ou,ou,IDS,39.34,0.08,76.98,446.564017410409,436.12750327414096,454.1300114594025,18.002508185261547,448.8051382956967,957.8816529711426,2249.5750015731564,3375.401274812337,449.5129841299391,964.2290333367192,2240.137850620023,3346.0813093589763,success,,,4720.0,\\hypatia.uio.no\lh-hf-iln-sociocognitivelab\Research\BabyLearn\french_data_arun\c018_4m_meal_0830.wav,mean_F2_lt_1000
4002,c018,4m,meal,830,bon,on,IDS,40.56,0.07,68.52,237.04637768653396,234.88568645335292,239.51649238703015,4.630805933677237,490.626827185317,880.401509087254,2728.5716999365745,3331.990347724908,492.8464214350624,887.3351533357738,2746.388424682832,3646.614324479651,success,,,4470.0,\\hypatia.uio.no\lh-hf-iln-sociocognitivelab\Research\BabyLearn\french_data_arun\c018_4m_meal_0830.wav,mean_F2_lt_1000
4014,c018,4m,meal,830,mon,on,IDS,46.9,0.05,46.01,347.253560487989,345.74172480827053,348.98286802347576,3.241143215205227,495.2027405341574,736.1317711875087,1985.8559482563912,3265.854262808572,495.2027405341574,736.1317711875087,1985.8559482563912,3265.854262808572,success,,,4470.0,\\hypatia.uio.no\lh-hf-iln-sociocognitivelab\Research\BabyLearn\french_data_arun\c018_4m_meal_0830.wav,mean_F2_lt_1000
4016,c018,4m,meal,830,ou,ou,IDS,47.23,0.05,52.95,343.99052991640656,340.96409758345465,346.895520429654,5.931422846199325,382.6757298081461,700.0241360648542,2264.8848808548187,3204.086593983437,382.6757298081461,700.0241360648542,2264.8848808548187,3204.086593983437,success,,,4720.0,\\hypatia.uio.no\lh-hf-iln-sociocognitivelab\Research\BabyLearn\french_data_arun\c018_4m_meal_0830.wav,mean_F2_lt_1000
4021,c018,4m,meal,830,mon,on,IDS,54.49,0.12,123.08,250.78986870825116,243.8189939123245,254.58771423689697,10.768720324572511,598.369595365281,948.479863808844,1603.1068006392843,2923.701927336739,619.6474843515033,961.8018733200388,1594.9948313680568,2866.1476979781646,success,,,4470.0,\\hypatia.uio.no\lh-hf-iln-sociocognitivelab\Research\BabyLearn\french_data_arun\c018_4m_meal_0830.wav,mean_F2_lt_1000
4027,c018,4m,meal,830,mon,on,IDS,55.58,0.05,49.13,374.5972072237684,371.1133837445216,377.8259008869928,6.712517142471199,538.1413601739065,790.3838550107401,1830.8262267929565,3002.5221054249555,538.1413601739065,790.3838550107401,1830.8262267929565,3002.5221054249555,success,,,4470.0,\\hypatia.uio.no\lh-hf-iln-sociocognitivelab\Research\BabyLearn\french_data_arun\c018_4m_meal_0830.wav,mean_F2_lt_1000
4032,c018,4m,meal,830,ou,ou,IDS,57.51,0.05,49.47,370.0054632440845,368.8319591929469,371.4494921381522,2.617532945205312,376.3896913793237,776.551545263638,2384.466163705986,3229.740663258244,376.3896913793237,776.551545263638,2384.466163705986,3229.740663258244,success,,,4720.0,\\hypatia.uio.no\lh-hf-iln-sociocognitivelab\Research\BabyLearn\french_data_arun\c018_4m_meal_0830.wav,mean_F2_lt_1000
4038,c018,4m,meal,830,rototo_1,o,IDS,62.95,0.05,48.82,197.77074145669067,196.69956262138192,198.43821001081068,1.7386473894287633,524.8652355470527,988.8533340092464,2145.357311306739,2849.86034790742,524.8652355470527,988.8533340092464,2145.357311306739,2849.86034790742,success,,,4630.0,\\hypatia.uio.no\lh-hf-iln-sociocognitivelab\Research\BabyLearn\french_data_arun\c018_4m_meal_0830.wav,mean_F2_lt_1000
4040,c018,4m,meal,830,rototo_3,o,IDS,63.49,0.15,149.82,288.9420257191895,268.62597268647943,307.4453610924992,38.81938840601976,559.7198599449518,888.5040627114483,2305.4957908166343,3356.754914820838,565.9166048297877,979.7663197128384,2504.20303489862,3447.8287318594794,success,,,4630.0,\\hypatia.uio.no\lh-hf-iln-sociocognitivelab\Research\BabyLearn\french_data_arun\c018_4m_meal_0830.wav,mean_F2_lt_1000
4050,c018,4m,meal,830,concentrer,on,IDS,71.07,0.06,56.12,282.01803967169366,270.5392902329727,288.0556264005788,17.516336167606084,516.9888302903844,840.5844880600956,2393.279839374557,3528.23785606616,516.9061370020274,841.2045232120958,2392.0362171407733,3589.37679687173,success,,,4470.0,\\hypatia.uio.no\lh-hf-iln-sociocognitivelab\Research\BabyLearn\french_data_arun\c018_4m_meal_0830.wav,mean_F2_lt_1000
4051,c018,4m,meal,830,concentrer,an,IDS,71.25,0.06,64.9,260.0812979864859,257.0525115977105,264.0419211708872,6.989409573176658,564.4299581831963,971.8193740870478,2743.318877092778,3862.064676167736,559.8592535502014,990.6432609819624,2673.44382207316,3848.4277897050074,success,,,5040.0,\\hypatia.uio.no\lh-hf-iln-sociocognitivelab\Research\BabyLearn\french_data_arun\c018_4m_meal_0830.wav,mean_F2_lt_1000
4053,c018,4m,meal,830,le,oe,IDS,71.78,0.06,61.73,224.23776263773533,222.19098524144184,225.67744382289663,3.486458581454798,522.2475944120321,869.9837833264577,2551.79781334705,3567.6042813409317,521.1988321906599,869.8654720216821,2528.9553352454545,3571.1523722643738,success,,,5100.0,\\hypatia.uio.no\lh-hf-iln-sociocognitivelab\Research\BabyLearn\french_data_arun\c018_4m_meal_0830.wav,mean_F2_lt_1000
4054,c018,4m,meal,830,repas,oe,IDS,71.89,0.05,50.94,203.9413052898665,202.50216058212644,205.3872813916127,2.885120809486267,565.1508439537606,914.297396959056,2819.224247434292,3756.418127353567,565.1508439537606,914.297396959056,2819.224247434292,3756.418127353567,success,,,5100.0,\\hypatia.uio.no\lh-hf-iln-sociocognitivelab\Research\BabyLearn\french_data_arun\c018_4m_meal_0830.wav,mean_F2_lt_1000
4065,c018,4m,meal,830,conclut,on,IDS,74.88,0.08,76.83,235.13524313699105,231.17695059816407,242.09366362259613,10.916713024432084,485.7519508560049,740.5905336648874,2241.984193220781,3134.2238632922104,485.493815462672,737.9987716138528,2284.1806579710387,3177.657354481497,success,,,4470.0,\\hypatia.uio.no\lh-hf-iln-sociocognitivelab\Research\BabyLearn\french_data_arun\c018_4m_meal_0830.wav,mean_F2_lt_1000
4071,c018,4m,meal,830,rototo_1,o,IDS,82.28,0.07,66.89,382.94899179731846,380.5858924338722,384.8573543206677,4.271461886795464,452.0857269587896,759.4271079111404,2367.348941239043,3268.3995208518663,437.89950298614633,775.4062925604233,2494.8882593536464,3301.6092306830283,success,,,4630.0,\\hypatia.uio.no\lh-hf-iln-sociocognitivelab\Research\BabyLearn\french_data_arun\c018_4m_meal_0830.wav,mean_F2_lt_1000
4072,c018,4m,meal,830,rototo_2,o,IDS,82.46,0.06,62.48,428.8955252233105,428.2451075449752,430.5665509236831,2.3214433787078974,438.534244262744,958.7069118717044,2206.9458272114744,3132.4718873486463,438.0565004112402,951.748698673692,2206.992628285946,3129.315931735649,success,,,4630.0,\\hypatia.uio.no\lh-hf-iln-sociocognitivelab\Research\BabyLearn\french_data_arun\c018_4m_meal_0830.wav,mean_F2_lt_1000
4081,c018,4m,meal,830,rototo_1,o,IDS,86.49,0.05,49.46,378.4858067569153,375.84718958528185,380.645552992865,4.798363407583167,426.0577463381531,770.4455355470019,3008.872867631633,3015.042146456278,426.0577463381531,770.4455355470019,3008.872867631633,3015.042146456278,success,,,4630.0,\\hypatia.uio.no\lh-hf-iln-sociocognitivelab\Research\BabyLearn\french_data_arun\c018_4m_meal_0830.wav,mean_F2_lt_1000
4109,c018,4m,meal,830,rot,o,IDS,93.44,0.08,79.0,153.16293396018887,152.27436548017178,153.78322021363886,1.508854733467075,517.5758565102028,895.1701536659376,2768.1034559499235,3425.8864675066025,518.7556723175447,898.161757944516,2950.880367147459,4051.767200106149,success,,,4630.0,\\hypatia.uio.no\lh-hf-iln-sociocognitivelab\Research\BabyLearn\french_data_arun\c018_4m_meal_0830.wav,mean_F2_lt_1000
4118,c018,4m,meal,830,rot,o,IDS,97.43,0.06,64.32,312.0134429317126,308.752647509181,315.3911141256306,6.638466616449648,466.3914338376209,858.0378836393666,2400.4501534738088,3064.9702561695226,464.27132697041617,853.9821428040375,2240.341143331531,2992.923183810086,success,,,4630.0,\\hypatia.uio.no\lh-hf-iln-sociocognitivelab\Research\BabyLearn\french_data_arun\c018_4m_meal_0830.wav,mean_F2_lt_1000
4128,c018,4m,meal,830,promener,o,IDS,104.86,0.05,47.04,320.27685610674314,319.4202240744232,320.8878368612236,1.46761278680043,380.4588349689521,988.1293803420064,2349.22457586487,3293.9360733770577,380.4588349689521,988.1293803420064,2349.22457586487,3293.9360733770577,success,,,4630.0,\\hypatia.uio.no\lh-hf-iln-sociocognitivelab\Research\BabyLearn\french_data_arun\c018_4m_meal_0830.wav,mean_F2_lt_1000
4140,c018,4m,meal,830,comme,au,IDS,118.03,0.06,62.43,479.5363668361933,466.2507022632996,492.0699210550736,25.819218791774063,676.4561140118157,948.5445496030912,1733.2320440500298,3284.178663368613,552.1987688670455,908.222976771488,1250.1880716013302,2918.344369998009,success,,,5060.0,\\hypatia.uio.no\lh-hf-iln-sociocognitivelab\Research\BabyLearn\french_data_arun\c018_4m_meal_0830.wav,mean_F2_lt_1000
4157,c018,4m,meal,830,oiseau,o,IDS,132.44,0.08,77.31,264.22755296133573,260.2573165987983,265.86214876377824,5.604832164979939,522.9321708721934,935.5008211400934,2310.1419893345105,3418.393857998422,522.2470397097446,903.935734924244,2379.3136931474587,3529.7056067247013,success,,,4630.0,\\hypatia.uio.no\lh-hf-iln-sociocognitivelab\Research\BabyLearn\french_data_arun\c018_4m_meal_0830.wav,mean_F2_lt_1000
4162,c018,4m,meal,830,oiseau_2,o,IDS,133.79,0.06,58.0,417.7177109582578,413.5496303732867,420.4822403222863,6.932609948999584,460.6139030283168,907.1130405283632,1784.3539510422136,3023.5415602839867,459.8547284758077,907.4521000765254,1752.4730425593723,3029.1156093083127,success,,,4630.0,\\hypatia.uio.no\lh-hf-iln-sociocognitivelab\Research\BabyLearn\french_data_arun\c018_4m_meal_0830.wav,mean_F2_lt_1000
4163,c018,4m,meal,830,qui,i,IDS,133.98,0.05,48.77,359.38489254009943,355.9977932112356,362.9750269809681,6.977233769732493,402.6765580402003,777.7514224764872,2664.757712350089,4139.140384785919,402.6765580402003,777.7514224764872,2664.757712350089,4139.140384785919,success,,,5770.0,\\hypatia.uio.no\lh-hf-iln-sociocognitivelab\Research\BabyLearn\french_data_arun\c018_4m_meal_0830.wav,mean_F2_lt_1000
4164,c018,4m,meal,830,vole,au,IDS,134.11,0.07,66.92,410.6120868465445,396.7754593111403,425.5232245794363,28.747765268296007,418.83623899971184,822.3016175863463,2466.9787997367685,3219.2668468327643,450.4560741194911,825.1955120959606,2444.688428397857,3346.6856317142806,success,,,5060.0,\\hypatia.uio.no\lh-hf-iln-sociocognitivelab\Research\BabyLearn\french_data_arun\c018_4m_meal_0830.wav,mean_F2_lt_1000
4165,c018,4m,meal,830,haut,o,IDS,134.29,0.09,86.44,419.3926505028193,413.8042230992656,425.9362940070572,12.132070907791617,440.1331818168861,980.9125026804962,1594.1684176093434,3042.2377315665703,437.5691584020277,963.8089900759746,1780.9493035895298,3033.518266085033,success,,,4630.0,\\hypatia.uio.no\lh-hf-iln-sociocognitivelab\Research\BabyLearn\french_data_arun\c018_4m_meal_0830.wav,mean_F2_lt_1000
4166,c018,4m,meal,830,le,oe,IDS,134.41,0.05,52.87,414.3773679183332,413.09175735636165,415.0761978071215,1.9844404507598483,426.48387768821823,852.6558448701007,2203.3230714090478,3514.464776804909,426.48387768821823,852.6558448701007,2203.3230714090478,3514.464776804909,success,,,5100.0,\\hypatia.uio.no\lh-hf-iln-sociocognitivelab\Research\BabyLearn\french_data_arun\c018_4m_meal_0830.wav,mean_F2_lt_1000
4167,c018,4m,meal,830,ciel,ai,IDS,134.65,0.06,63.45,440.6214152659304,439.7457682740551,441.4751286991858,1.7293604251307215,442.9219052546633,880.6294365531294,2601.5956114518103,3725.13278200709,454.1299343088774,880.5750494316718,2610.0382318380293,3731.808907676069,success,,,5510.0,\\hypatia.uio.no\lh-hf-iln-sociocognitivelab\Research\BabyLearn\french_data_arun\c018_4m_meal_0830.wav,mean_F2_lt_1000
4168,c018,4m,meal,830,cheri,e,IDS,135.04,0.05,53.94,424.30773250079307,423.109085686503,425.1398110449058,2.030725358402776,505.00858743604863,825.4496480300269,2846.7282884032456,4305.170524786759,505.00858743604863,825.4496480300269,2846.7282884032456,4305.170524786759,success,,,6160.0,\\hypatia.uio.no\lh-hf-iln-sociocognitivelab\Research\BabyLearn\french_data_arun\c018_4m_meal_0830.wav,mean_F2_lt_1000
4170,c018,4m,meal,830,il,i,IDS,136.05,0.05,49.38,363.51118640005967,362.2353676202695,365.45071599989154,3.2153483796220144,446.6236694971198,607.1993364473423,2728.6314996160568,3911.7280016024606,446.6236694971198,607.1993364473423,2728.6314996160568,3911.7280016024606,success,,,5770.0,\\hypatia.uio.no\lh-hf-iln-sociocognitivelab\Research\BabyLearn\french_data_arun\c018_4m_meal_0830.wav,mean_F2_lt_1000
4172,c018,4m,meal,830,pose,o,IDS,136.4,0.09,87.54,281.784321918312,270.3359256075693,288.3057579720035,17.969832364434183,517.5474328537516,678.4996190753029,1809.589715788738,3173.258052507671,541.4156894216217,650.9786145036649,1779.3926357254013,3055.110893899068,success,,,4630.0,\\hypatia.uio.no\lh-hf-iln-sociocognitivelab\Research\BabyLearn\french_data_arun\c018_4m_meal_0830.wav,mean_F2_lt_1000
4188,c018,4m,meal,830,bougent,ou,IDS,147.09,0.07,70.14,310.5282557254541,299.2789024489174,323.73835780186533,24.45945535294794,515.7699275943688,893.8576717088858,2633.102343495228,3802.592883801754,533.2588647947251,901.108578024012,2597.5732451240083,3746.834613087243,success,,,4720.0,\\hypatia.uio.no\lh-hf-iln-sociocognitivelab\Research\BabyLearn\french_data_arun\c018_4m_meal_0830.wav,mean_F2_lt_1000
4196,c018,4m,meal,830,mon,on,IDS,155.78,0.06,58.53,339.8727928874381,339.3795026612253,340.257267863815,0.8777652025897282,413.6118196888659,715.2740442159676,1943.8269771295013,2978.025980760368,413.509186515336,715.9702389335355,1970.293805006601,2970.8143651243063,success,,,4470.0,\\hypatia.uio.no\lh-hf-iln-sociocognitivelab\Research\BabyLearn\french_data_arun\c018_4m_meal_0830.wav,mean_F2_lt_1000
4200,c018,4m,meal,830,maman,an,IDS,159.47,0.05,52.75,250.86508036981704,249.1426894101681,252.5213158707704,3.3786264606023337,743.0299663243732,909.8979513361746,2070.9185092419693,2986.6693930822166,743.0299663243732,909.8979513361746,2070.9185092419693,2986.6693930822166,success,,,5040.0,\\hypatia.uio.no\lh-hf-iln-sociocognitivelab\Research\BabyLearn\french_data_arun\c018_4m_meal_0830.wav,mean_F2_lt_1000
4201,c018,4m,meal,830,penser,an,IDS,162.78,0.05,49.55,278.4306027375962,276.0816956590937,281.15704213242327,5.075346473329546,420.98522063142383,818.1505464313138,2440.44941667154,3557.820330893868,420.98522063142383,818.1505464313138,2440.44941667154,3557.820330893868,success,,,5040.0,\\hypatia.uio.no\lh-hf-iln-sociocognitivelab\Research\BabyLearn\french_data_arun\c018_4m_meal_0830.wav,mean_F2_lt_1000
4202,c018,4m,meal,830,maman,an,IDS,163.22,0.05,52.86,420.43710539713584,415.41460667392624,424.34050506322393,8.925898389297686,444.2953130703703,888.6114530548704,2319.500462047097,3539.2040858504747,444.2953130703703,888.6114530548704,2319.500462047097,3539.2040858504747,success,,,5040.0,\\hypatia.uio.no\lh-hf-iln-sociocognitivelab\Research\BabyLearn\french_data_arun\c018_4m_meal_0830.wav,mean_F2_lt_1000
4206,c018,4m,meal,830,arroser,o,IDS,163.95,0.06,57.68,349.8013676419982,347.4322082614913,351.49366550520995,4.061457243718621,484.8781173556078,683.2170424494362,1692.7876182304217,3181.195088519517,489.6330925495941,681.7952352101202,1604.8979077044437,3095.501591573316,success,,,4630.0,\\hypatia.uio.no\lh-hf-iln-sociocognitivelab\Research\BabyLearn\french_data_arun\c018_4m_meal_0830.wav,mean_F2_lt_1000
4209,c018,4m,meal,830,plantes,an,IDS,164.45,0.05,49.65,422.3444054152325,418.7350390445659,425.8701345401384,7.135095495572443,533.765748424868,946.3579724246576,2823.394969250535,4080.09914512942,533.765748424868,946.3579724246576,2823.394969250535,4080.09914512942,success,,,5040.0,\\hypatia.uio.no\lh-hf-iln-sociocognitivelab\Research\BabyLearn\french_data_arun\c018_4m_meal_0830.wav,mean_F2_lt_1000
4210,c018,4m,meal,830,mon,on,IDS,164.66,0.04,41.47,380.6942936520137,380.07704800551824,381.3115392985092,1.2344912929909242,402.9324674671743,768.2401186100916,2210.928773985527,3271.20053950802,402.9324674671743,768.2401186100916,2210.928773985527,3271.20053950802,success,,,4470.0,\\hypatia.uio.no\lh-hf-iln-sociocognitivelab\Research\BabyLearn\french_data_arun\c018_4m_meal_0830.wav,mean_F2_lt_1000
4211,c018,4m,meal,830,coeur,oe,IDS,164.83,0.05,49.93,394.815697016974,391.7915609811114,397.0738608679,5.282299886788564,501.8356600001902,792.8832631746286,1939.4553674714389,3261.4699970550114,501.8356600001902,792.8832631746286,1939.4553674714389,3261.4699970550114,success,,,5100.0,\\hypatia.uio.no\lh-hf-iln-sociocognitivelab\Research\BabyLearn\french_data_arun\c018_4m_meal_0830.wav,mean_F2_lt_1000
4219,c018,4m,meal,830,le,oe,IDS,169.12,0.06,60.55,285.49618310554035,283.04277238608626,288.8034138911836,5.76064150509734,377.5559435882424,550.5778176444272,2510.895765306781,3621.168562929366,373.6994181357195,555.7257891786084,2503.518595293871,3620.588479330176,success,,,5100.0,\\hypatia.uio.no\lh-hf-iln-sociocognitivelab\Research\BabyLearn\french_data_arun\c018_4m_meal_0830.wav,mean_F2_lt_1000
4224,c018,4m,meal,830,oiseau,o,IDS,178.17,0.08,76.96,268.7535765041207,265.766407521231,271.4198682986757,5.653460777444707,544.4133927576494,897.4613040132292,1627.478228591022,3083.448335544534,543.1309575208101,912.9291167652596,1638.9143538709425,3050.5666491524403,success,,,4630.0,\\hypatia.uio.no\lh-hf-iln-sociocognitivelab\Research\BabyLearn\french_data_arun\c018_4m_meal_0830.wav,mean_F2_lt_1000
4226,c018,4m,meal,830,encore,au,IDS,178.56,0.05,51.8,227.53932355875347,223.59441854990368,230.5486420530657,6.954223503161984,778.7716660014426,985.9214514914588,2700.999908962764,4150.320530124008,778.7716660014426,985.9214514914588,2700.999908962764,4150.320530124008,success,,,5060.0,\\hypatia.uio.no\lh-hf-iln-sociocognitivelab\Research\BabyLearn\french_data_arun\c018_4m_meal_0830.wav,mean_F2_lt_1000
4235,c018,8m,meal,1200,bon,on,IDS,108.92,0.08,76.81,412.9240254801986,408.9868561216201,415.29492053939697,6.308064417776848,457.2885696818839,848.6158504496301,1885.906141012899,3321.926322337635,441.19910601672046,846.9213904387493,1861.99370340771,3329.9143365468067,success,,,4470.0,\\hypatia.uio.no\lh-hf-iln-sociocognitivelab\Research\BabyLearn\french_data_arun\c018_8m_meal_1200.wav,mean_F2_lt_1000
4262,c018,8m,meal,1200,tout,ou,IDS,121.81,0.06,55.76,305.5539722625166,289.96566865592933,313.53097024321,23.565301587280658,315.67773226669465,907.2233565351386,2335.8626853810147,3418.490797601128,315.35275038493137,903.711089987532,2335.401329825415,3463.4667853177825,success,,,4720.0,\\hypatia.uio.no\lh-hf-iln-sociocognitivelab\Research\BabyLearn\french_data_arun\c018_8m_meal_1200.wav,mean_F2_lt_1000
4282,c018,8m,meal,1200,comprenait,on,ADS,135.77,0.05,50.85,210.57359324405755,205.7591878727445,216.0988858674726,10.339697994728084,495.34594198031294,661.9526253034367,1606.9944950814124,2594.7614303452183,495.34594198031294,661.9526253034367,1606.9944950814124,2594.7614303452183,success,,,4470.0,\\hypatia.uio.no\lh-hf-iln-sociocognitivelab\Research\BabyLearn\french_data_arun\c018_8m_meal_1200.wav,mean_F2_lt_1000
4354,c018,8m,meal,1200,bon,on,IDS,174.19,0.21,213.3,459.01912636179424,393.9067433797293,469.5552233287454,75.64847994901612,479.7280040093058,950.93627704772,2096.066509811584,3314.6516340648154,483.2019057320166,948.1863544286751,2225.1267742372847,3446.395008309945,success,,,4470.0,\\hypatia.uio.no\lh-hf-iln-sociocognitivelab\Research\BabyLearn\french_data_arun\c018_8m_meal_1200.wav,mean_F2_lt_1000
4399,c018,8m,meal,1200,deja,e,ADS,188.55,0.05,53.31,212.2681951706886,209.67447077382025,214.06414608270504,4.38967530888479,1975.740168173037,2858.7972187652044,4595.473867341577,4915.084377910622,1975.740168173037,2858.7972187652044,4595.473867341577,4915.084377910622,success,,,6160.0,\\hypatia.uio.no\lh-hf-iln-sociocognitivelab\Research\BabyLearn\french_data_arun\c018_8m_meal_1200.wav,mean_F1_gt_1500
4508,c018,8m,meal,1200,on,on,IDS,246.98,0.06,61.03,232.72634338563225,227.6215674365476,238.13303046099537,10.511463024447778,520.7245485742342,988.3062117656748,2012.799728485479,3557.5280454477147,525.2446094398415,991.8396290301388,2011.7100096385789,3606.8825472097897,success,,,4470.0,\\hypatia.uio.no\lh-hf-iln-sociocognitivelab\Research\BabyLearn\french_data_arun\c018_8m_meal_1200.wav,mean_F2_lt_1000
4533,c018,8m,meal,1200,yahourt,ou,IDS,264.93,0.1,101.23,353.4030827016749,348.0663201294301,366.146809365396,18.08048923596584,362.37806087732304,945.3434797930756,2231.9411161609837,3359.5775757469783,360.8733993922948,917.0719042804882,2220.2712199172524,3350.1614486390304,success,,,4720.0,\\hypatia.uio.no\lh-hf-iln-sociocognitivelab\Research\BabyLearn\french_data_arun\c018_8m_meal_1200.wav,mean_F2_lt_1000
4560,c018,8m,meal,1200,poulet,ou,ADS,278.36,0.06,59.88,269.1167087851207,263.7795366734392,271.3431102400841,7.563573566644948,410.3036264906267,816.2504598032327,2583.6921369437277,3566.0115373081585,413.68522591262257,815.3696876080713,2591.055687350009,3607.706614699704,success,,,4720.0,\\hypatia.uio.no\lh-hf-iln-sociocognitivelab\Research\BabyLearn\french_data_arun\c018_8m_meal_1200.wav,mean_F2_lt_1000
4563,c018,8m,meal,1200,dans,an,ADS,278.85,0.07,74.27,196.1213491174882,195.69013512706456,196.87471237302088,1.1845772459563193,677.9175495517554,990.086999522428,2710.779471027972,3557.1300156898465,672.7440256994025,808.1943446894663,2559.9107889067045,3455.059905479907,success,,,5040.0,\\hypatia.uio.no\lh-hf-iln-sociocognitivelab\Research\BabyLearn\french_data_arun\c018_8m_meal_1200.wav,mean_F2_lt_1000
4614,c018,8m,meal,1205,mon,on,IDS,13.38,0.09,85.71,421.7261847540563,411.17113456139737,425.8011652213088,14.63003065991137,485.94341171264506,901.54319824475,1803.9629110789112,3342.0167447195017,483.6539487868218,903.7623253390212,1720.0217252893765,3265.1002628734163,success,,,4470.0,\\hypatia.uio.no\lh-hf-iln-sociocognitivelab\Research\BabyLearn\french_data_arun\c018_8m_meal_1205.wav,mean_F2_lt_1000
5006,c018,8m,meal,1210,plan,an,ADS,209.35,0.06,60.94,235.2833872622324,225.57753929312983,241.3361148655162,15.758575572386375,789.4664345297421,887.2146626766693,2691.260523472984,3070.09150705852,795.3652622769927,892.1420336380306,2676.7453858248505,3085.434491923877,success,,,5040.0,\\hypatia.uio.no\lh-hf-iln-sociocognitivelab\Research\BabyLearn\french_data_arun\c018_8m_meal_1210.wav,mean_F2_lt_1000
5075,c018,8m,meal,1215,sont,on,ADS,120.52,0.1,97.79,289.0585261906396,266.3574349589948,358.2638096425074,91.90637468351258,620.4512521371091,913.6943548992984,2403.1589225926487,3526.272252985846,661.2532405776385,881.8638500634556,2459.0105111804755,3605.42806735523,success,,,4470.0,\\hypatia.uio.no\lh-hf-iln-sociocognitivelab\Research\BabyLearn\french_data_arun\c018_8m_meal_1215.wav,mean_F2_lt_1000
5237,c018,8m,play,2100,loulou_1,ou,IDS,15.2,0.06,56.74,226.2255547942968,220.6930536633989,232.9635855962843,12.270531932885405,418.5435742897536,940.0313584355356,2582.620039165621,2939.7203492521194,416.6296278357516,882.2959596803705,2539.2982045813296,2917.368437296785,success,,,4720.0,\\hypatia.uio.no\lh-hf-iln-sociocognitivelab\Research\BabyLearn\french_data_arun\c018_8m_play_2100.wav,mean_F2_lt_1000
5240,c018,8m,play,2100,donc,on,IDS,15.88,0.13,128.03,426.7481305094561,419.0046320403987,430.1144703970735,11.1098383566748,506.99216965590375,961.8411077216044,1897.8715947227008,2906.759459719463,541.9621275876971,906.118054449923,1764.8173461220574,3025.371709043416,success,,,4470.0,\\hypatia.uio.no\lh-hf-iln-sociocognitivelab\Research\BabyLearn\french_data_arun\c018_8m_play_2100.wav,mean_F2_lt_1000
5246,c018,8m,play,2100,mange,an,ADS,24.1,0.06,59.47,270.32956842662145,266.5899864427995,275.5573512337476,8.967364790948068,403.003196502652,883.6811350542233,2622.378717715271,3282.8956832755293,394.2005250419899,880.0082964681876,2580.3995824838776,3259.08143259478,success,,,5040.0,\\hypatia.uio.no\lh-hf-iln-sociocognitivelab\Research\BabyLearn\french_data_arun\c018_8m_play_2100.wav,mean_F2_lt_1000
5247,c018,8m,play,2100,ensemble_1,an,ADS,24.22,0.08,78.35,269.28451721160434,267.162908577543,273.3826554544725,6.219746876929492,584.2423333529575,982.3177178664174,2856.1942993161488,3688.573001841131,430.99574731174926,884.4816733502988,2812.517562312095,3269.76637868827,success,,,5040.0,\\hypatia.uio.no\lh-hf-iln-sociocognitivelab\Research\BabyLearn\french_data_arun\c018_8m_play_2100.wav,mean_F2_lt_1000
5273,c018,8m,play,2100,biberon,on,ADS,59.26,0.12,120.6,302.79322263916487,281.4388916610807,319.36358615160265,37.92469449052197,494.32479164073095,951.9760525411284,2173.7471911612583,3500.484342764689,391.807467815266,929.1585106681098,1785.5843646401595,3597.5006506690365,success,,,4470.0,\\hypatia.uio.no\lh-hf-iln-sociocognitivelab\Research\BabyLearn\french_data_arun\c018_8m_play_2100.wav,mean_F2_lt_1000
5278,c018,8m,play,2100,trop,o,ADS,66.91,0.1,97.52,231.75527333228064,222.07023023546455,244.83223632677849,22.76200609131388,462.5635975500043,745.3278362687003,2516.501276235118,3199.971039266683,445.213593290622,736.2901586021375,2598.194140367534,3227.81225891131,success,,,4630.0,\\hypatia.uio.no\lh-hf-iln-sociocognitivelab\Research\BabyLearn\french_data_arun\c018_8m_play_2100.wav,mean_F2_lt_1000
5282,c018,8m,play,2100,on,on,ADS,67.54,0.05,52.09,201.94864105140152,200.9780374583668,203.39227044392769,2.414232985560858,535.298307023873,858.0109099460005,1898.6155438452988,3358.4886827042246,535.298307023873,858.0109099460005,1898.6155438452988,3358.4886827042246,success,,,4470.0,\\hypatia.uio.no\lh-hf-iln-sociocognitivelab\Research\BabyLearn\french_data_arun\c018_8m_play_2100.wav,mean_F2_lt_1000
5294,c018,8m,play,2100,sont,on,ADS,71.45,0.11,109.69,219.82520431581707,197.96967995084643,234.78529289404617,36.81561294319974,311.28359199516353,860.7673679960452,2168.8164740377983,3235.044132980358,307.9664026130023,931.4823519715744,2166.977091149837,3441.512032597844,success,,,4470.0,\\hypatia.uio.no\lh-hf-iln-sociocognitivelab\Research\BabyLearn\french_data_arun\c018_8m_play_2100.wav,mean_F2_lt_1000
5311,c018,8m,play,2100,morceau,o,IDS,176.23,0.06,57.99,391.7945702831567,388.4765298817516,393.4841531165432,5.007623234791595,415.1504354607252,976.037999660035,1893.0452842555253,3264.9962602277487,412.9779264634609,974.370944086509,1962.188450560736,3234.357196476604,success,,,4630.0,\\hypatia.uio.no\lh-hf-iln-sociocognitivelab\Research\BabyLearn\french_data_arun\c018_8m_play_2100.wav,mean_F2_lt_1000
5326,c018,8m,play,2100,regarde,oe,IDS,198.29,0.05,48.92,403.869092417161,393.0053258022691,412.3534836091155,19.34815780684636,585.2443846427083,768.5848111433587,2172.127427717875,3393.86037777014,585.2443846427083,768.5848111433587,2172.127427717875,3393.86037777014,success,,,5100.0,\\hypatia.uio.no\lh-hf-iln-sociocognitivelab\Research\BabyLearn\french_data_arun\c018_8m_play_2100.wav,mean_F2_lt_1000
5343,c018,8m,play,2100,font,on,IDS,232.79,0.09,85.41,289.8399850627202,279.9942407756976,295.2935157535394,15.299274977841833,306.8982025862875,984.1529476299085,2139.6122600853287,3139.243280662235,298.13771320042645,983.4609058037732,2096.537505992099,3131.2303776195054,success,,,4470.0,\\hypatia.uio.no\lh-hf-iln-sociocognitivelab\Research\BabyLearn\french_data_arun\c018_8m_play_2100.wav,mean_F2_lt_1000
5353,c018,8m,play,2100,mon,on,IDS,238.35,0.1,97.38,406.1262963432516,401.97039971982895,410.75185864395047,8.781458924121523,421.1979983391099,833.814782874072,2164.565207256494,3216.2842768902988,414.65883107512,827.5517949364172,2136.5393475506685,3183.2665047816017,success,,,4470.0,\\hypatia.uio.no\lh-hf-iln-sociocognitivelab\Research\BabyLearn\french_data_arun\c018_8m_play_2100.wav,mean_F2_lt_1000
5373,c018,8m,play,2100,pour,ou,IDS,251.56,0.11,108.85,385.09773650516087,378.1333038390402,390.66281678619066,12.529512947150463,394.6516363467276,912.4509754200292,2254.9696077362173,3315.133219129834,390.1307388086313,993.4903238459868,2368.48515579226,3429.564290685524,success,,,4720.0,\\hypatia.uio.no\lh-hf-iln-sociocognitivelab\Research\BabyLearn\french_data_arun\c018_8m_play_2100.wav,mean_F2_lt_1000
5390,c018,8m,play,2100,dormir,au,IDS,259.41,0.09,89.37,453.60789293241095,439.77172432185046,470.9648577794672,31.19313345761674,519.1191138934308,984.5003128205196,1976.5181402394887,3541.847621996338,523.5033754910863,902.481743051044,1847.0729344907247,3531.9710312267885,success,,,5060.0,\\hypatia.uio.no\lh-hf-iln-sociocognitivelab\Research\BabyLearn\french_data_arun\c018_8m_play_2100.wav,mean_F2_lt_1000
5430,c018,8m,play,2100,vont,on,IDS,272.75,0.06,56.36,318.34659176773147,307.0255168941098,327.5104578810505,20.484940986940728,590.3254781027412,933.424486631358,1975.2491252662628,3387.247988794809,588.7719963733546,938.3387612035536,1995.168074647778,3385.866839451573,success,,,4470.0,\\hypatia.uio.no\lh-hf-iln-sociocognitivelab\Research\BabyLearn\french_data_arun\c018_8m_play_2100.wav,mean_F2_lt_1000
5448,c018,8m,play,2100,gros,o,IDS,282.34,0.12,115.53,421.6302242540754,385.0416736304855,435.34557976884406,50.30390613835857,503.6807324544472,883.3312367534038,1912.399322624433,3207.9919531706087,500.1636553408377,883.0472146504527,2038.8488253074315,3130.004264706366,success,,,4630.0,\\hypatia.uio.no\lh-hf-iln-sociocognitivelab\Research\BabyLearn\french_data_arun\c018_8m_play_2100.wav,mean_F2_lt_1000
5449,c018,8m,play,2100,dodo_1,o,IDS,282.51,0.1,100.38,404.5003913162234,391.3611028863389,415.19854913133855,23.837446244999622,422.5422080190416,987.0044884200324,1981.4389667293708,3222.6857272958528,433.2687100879792,992.211449343831,1941.3353664885612,3206.0742481146185,success,,,4630.0,\\hypatia.uio.no\lh-hf-iln-sociocognitivelab\Research\BabyLearn\french_data_arun\c018_8m_play_2100.wav,mean_F2_lt_1000
5457,c018,8m,play,2100,mon,on,IDS,285.06,0.09,89.57,389.5210046883523,377.6548868699068,398.1391738547122,20.484286984805465,503.9114568135711,954.4595406263028,2191.3820239330325,3053.4736485636568,443.1539189972714,872.2663208133133,2150.6600863238536,2851.5942043449304,success,,,4470.0,\\hypatia.uio.no\lh-hf-iln-sociocognitivelab\Research\BabyLearn\french_data_arun\c018_8m_play_2100.wav,mean_F2_lt_1000
5510,c021,12m,bath,1310,attend,an,IDS,135.24,0.06,57.95,240.22709881164263,230.80248894844092,250.08254634849777,19.28005740005682,574.9799268522966,989.027126775037,2667.437798478131,3433.854178963975,572.7353966715618,982.9304293039652,2750.314660052941,3425.589146158682,success,,,4430.0,\\hypatia.uio.no\lh-hf-iln-sociocognitivelab\Research\BabyLearn\french_data_arun\c021_12m_bath_1310.wav,mean_F2_lt_1000
5512,c021,12m,bath,1310,attend,an,IDS,135.62,0.05,48.51,281.4162501959791,273.5764849203668,288.29206089349566,14.715575973128864,576.2366720957874,918.2782088864424,1932.3296022306804,3152.943368215373,576.2366720957874,918.2782088864424,1932.3296022306804,3152.943368215373,success,,,4430.0,\\hypatia.uio.no\lh-hf-iln-sociocognitivelab\Research\BabyLearn\french_data_arun\c021_12m_bath_1310.wav,mean_F2_lt_1000
5582,c021,12m,meal,1220,on,on,IDS,258.46,0.04,43.47,230.60318078915031,230.46417147271785,230.7421901055828,0.2780186328649563,686.6844173536934,995.803956603046,2487.1614738591907,3421.9486357262344,686.6844173536934,995.803956603046,2487.1614738591907,3421.9486357262344,success,,,4740.0,\\hypatia.uio.no\lh-hf-iln-sociocognitivelab\Research\BabyLearn\french_data_arun\c021_12m_meal_1220.wav,mean_F2_lt_1000
5603,c021,4m,bath,1915,calin,a,IDS,0.68,0.05,47.69,123.56048322424,123.56048322424,123.56048322424,0.0,652.0020066592451,757.2656165994738,2910.2479267581075,4263.653809057604,652.0020066592451,757.2656165994738,2910.2479267581075,4263.653809057604,success,,,5930.0,\\hypatia.uio.no\lh-hf-iln-sociocognitivelab\Research\BabyLearn\french_data_arun\c021_4m_bath_1915.wav,mean_F2_lt_1000
5619,c021,4m,bath,1915,maman,an,IDS,10.39,0.11,113.64,327.88669695604085,322.9083879597584,340.79320909437484,17.884821134616516,538.7083541240843,935.573915145918,2348.355106719945,3166.471582145421,551.5529733484532,925.396285911946,2370.6480044672417,3004.821267144217,success,,,4430.0,\\hypatia.uio.no\lh-hf-iln-sociocognitivelab\Research\BabyLearn\french_data_arun\c021_4m_bath_1915.wav,mean_F2_lt_1000
5624,c021,4m,bath,1915,montre,on,IDS,33.32,0.08,80.52,244.7933399488176,215.0748396016681,280.0679761161304,64.99313651446235,540.359643622177,740.0208794099591,2524.5463817449013,3282.0000770881616,512.4709140914753,722.0211025766853,2482.7732847324605,3454.1714596956867,success,,,4740.0,\\hypatia.uio.no\lh-hf-iln-sociocognitivelab\Research\BabyLearn\french_data_arun\c021_4m_bath_1915.wav,mean_F2_lt_1000
5647,c021,4m,bath,1915,manche,an,ADS,112.49,0.06,59.84,259.4371049281997,258.86442165663385,260.9320567099172,2.067635053283311,684.9444227979587,995.7124092927868,1965.000303056629,3295.802897508673,693.7066637769236,993.6708210672646,1953.4241757363384,3324.112363413708,success,,,4430.0,\\hypatia.uio.no\lh-hf-iln-sociocognitivelab\Research\BabyLearn\french_data_arun\c021_4m_bath_1915.wav,mean_F2_lt_1000
5648,c021,4m,bath,1915,courte,ou,ADS,112.75,0.06,56.76,300.3671269654798,289.7377682884472,313.97881522779466,24.241046939347484,594.1942451079824,937.334530339019,3268.616513845702,3656.7438377345934,594.8108612319521,925.9675702841288,3283.1996718574565,3659.561193474968,success,,,5700.0,\\hypatia.uio.no\lh-hf-iln-sociocognitivelab\Research\BabyLearn\french_data_arun\c021_4m_bath_1915.wav,mean_F2_lt_1000
5711,c021,4m,meal,1210,quand,an,ADS,2.64,0.04,42.12,317.2251574407925,313.4075299039413,321.04278497764375,7.635255073702467,515.7021865168468,644.1441048127161,2046.8844930192724,3375.2113733711285,515.7021865168468,644.1441048127161,2046.8844930192724,3375.2113733711285,success,,,4430.0,\\hypatia.uio.no\lh-hf-iln-sociocognitivelab\Research\BabyLearn\french_data_arun\c021_4m_meal_1210.wav,mean_F2_lt_1000
5865,c021,4m,meal,1215,faut,o,ADS,11.76,0.14,137.79,224.99580632024424,221.5362734115905,227.01350934223208,5.477235930641513,550.5482860529985,977.4982239291464,2422.408264121812,3355.437731666021,544.4528856960392,925.9308986227844,2571.086872250623,2932.120127370648,success,,,4430.0,\\hypatia.uio.no\lh-hf-iln-sociocognitivelab\Research\BabyLearn\french_data_arun\c021_4m_meal_1215.wav,mean_F2_lt_1000
5875,c021,4m,meal,1215,sur,u,ADS,13.53,0.05,52.58,176.84787159062944,176.30770878075245,177.53267224687698,1.2249634661245352,564.723311653088,814.8060979668504,2538.746588240986,3373.5314847246555,564.723311653088,814.8060979668504,2538.746588240986,3373.5314847246555,success,,,4730.0,\\hypatia.uio.no\lh-hf-iln-sociocognitivelab\Research\BabyLearn\french_data_arun\c021_4m_meal_1215.wav,mean_F2_lt_1000
5880,c021,4m,meal,1215,mon,on,ADS,15.77,0.07,66.94,178.09247407496983,173.7735816044531,180.7589224391776,6.985340834724468,436.0349169189113,761.397491566671,2598.8570363573685,3640.813071099419,492.1957174915004,753.901520551553,2826.36965461317,3889.9650421966007,success,,,4740.0,\\hypatia.uio.no\lh-hf-iln-sociocognitivelab\Research\BabyLearn\french_data_arun\c021_4m_meal_1215.wav,mean_F2_lt_1000
5896,c021,4m,meal,1215,prend,an,ADS,37.85,0.08,83.02,193.82206950978667,177.04759485996695,217.04483541928616,39.99724055931921,743.7099077719377,920.0880685894864,2558.576546339652,3422.4300229726946,760.4573178928551,979.539545801757,3103.653601932945,3441.9493372165293,success,,,4430.0,\\hypatia.uio.no\lh-hf-iln-sociocognitivelab\Research\BabyLearn\french_data_arun\c021_4m_meal_1215.wav,mean_F2_lt_1000
5975,c021,8m,bath,1910,attends,an,IDS,98.29,0.05,46.64,255.53286007509283,255.0098337243121,256.0134017547677,1.0035680304555967,728.12791112488,849.162290325877,2036.4817299304973,3047.5715242865235,728.12791112488,849.162290325877,2036.4817299304973,3047.5715242865235,success,,,4430.0,\\hypatia.uio.no\lh-hf-iln-sociocognitivelab\Research\BabyLearn\french_data_arun\c021_8m_bath_1910.wav,mean_F2_lt_1000
5976,c021,8m,bath,1910,bebe_1,e,IDS,98.43,0.06,60.63,242.76816702168557,239.5168629716657,246.0844606483984,6.56759767673276,1773.6688253962775,2173.526897777795,3831.747289325958,4662.876392656071,1761.505369042685,2135.3165002298138,3824.29505796495,4630.711808929557,success,,,5620.0,\\hypatia.uio.no\lh-hf-iln-sociocognitivelab\Research\BabyLearn\french_data_arun\c021_8m_bath_1910.wav,mean_F1_gt_1500
5994,c021,8m,meal,1800,justement,an,ADS,2.38,0.07,65.86,194.0209308154789,189.00362268185404,200.4377306730167,11.434107991162648,531.6192599889926,934.4917611463632,2185.353392441053,3419.220192800226,530.6213686482073,910.2304920058666,2166.7300304493983,3470.4838792933856,success,,,4430.0,\\hypatia.uio.no\lh-hf-iln-sociocognitivelab\Research\BabyLearn\french_data_arun\c021_8m_meal_1800.wav,mean_F2_lt_1000
6020,c021,8m,meal,1800,aucun,o,ADS,21.02,0.08,84.31,204.16249976500688,203.0203598670976,206.3046605031801,3.284300636082463,438.406324135848,942.126622414038,2289.434169442555,3039.372061977726,438.09560156436646,908.4756021888352,2112.27981493211,2990.8757219635622,success,,,4430.0,\\hypatia.uio.no\lh-hf-iln-sociocognitivelab\Research\BabyLearn\french_data_arun\c021_8m_meal_1800.wav,mean_F2_lt_1000
6031,c021,8m,meal,1800,contraire,on,ADS,24.51,0.05,48.67,254.97770004698532,253.03053621643608,257.42373405399866,4.393197837562582,507.2753786260244,798.6523980655427,2498.66328903814,3303.809225988648,507.2753786260244,798.6523980655427,2498.66328903814,3303.809225988648,success,,,4740.0,\\hypatia.uio.no\lh-hf-iln-sociocognitivelab\Research\BabyLearn\french_data_arun\c021_8m_meal_1800.wav,mean_F2_lt_1000
6087,c021,8m,meal,1800,franchement_2,an,ADS,197.72,0.07,68.86,319.26213285802675,307.443374997666,334.45385768094843,27.01048268328242,606.7921873352152,960.1515922067896,2017.0210165344915,3188.453533035574,607.1761043746209,955.3424821503434,1983.9339762815837,3178.915935220813,success,,,4430.0,\\hypatia.uio.no\lh-hf-iln-sociocognitivelab\Research\BabyLearn\french_data_arun\c021_8m_meal_1800.wav,mean_F2_lt_1000
6113,c021,8m,meal,1800,quatorze,au,ADS,210.29,0.05,52.19,194.3639461511584,191.16117930543516,197.32044171039828,6.159262404963158,532.4896425191453,899.5303157904749,2891.1946536443797,3233.7461149162523,532.4896425191453,899.5303157904749,2891.1946536443797,3233.7461149162523,success,,,4650.0,\\hypatia.uio.no\lh-hf-iln-sociocognitivelab\Research\BabyLearn\french_data_arun\c021_8m_meal_1800.wav,mean_F2_lt_1000
6129,c021,8m,meal,1800,en,an,ADS,219.25,0.05,53.34,151.95972609873857,151.0081354821275,152.82458525062864,1.816449768501144,585.3811330781687,729.8132414001285,2218.985732595982,2858.989855483157,585.3811330781687,729.8132414001285,2218.985732595982,2858.989855483157,success,,,4430.0,\\hypatia.uio.no\lh-hf-iln-sociocognitivelab\Research\BabyLearn\french_data_arun\c021_8m_meal_1800.wav,mean_F2_lt_1000
6173,c021,8m,meal,1800,tombe,on,ADS,255.33,0.07,74.71,162.34713889505645,160.88635621087508,164.6093444786428,3.722988267767733,621.9837541069916,929.8416855307732,2261.691774428708,3414.025807483843,624.1522558900726,936.2611026193994,2340.5499455448457,3421.950194004161,success,,,4740.0,\\hypatia.uio.no\lh-hf-iln-sociocognitivelab\Research\BabyLearn\french_data_arun\c021_8m_meal_1800.wav,mean_F2_lt_1000
6186,c021,8m,meal,1800,octobre_1,au,ADS,268.71,0.06,64.01,160.018048333301,153.0712383747343,166.399820306378,13.328581931643695,530.730813897385,743.9863503772676,2383.527184144317,3573.609665967028,531.5444512614735,745.4967330798861,2372.5435683205915,3552.71906865513,success,,,4650.0,\\hypatia.uio.no\lh-hf-iln-sociocognitivelab\Research\BabyLearn\french_data_arun\c021_8m_meal_1800.wav,mean_F2_lt_1000
6189,c021,8m,meal,1800,tombe,on,ADS,271.48,0.1,95.82,165.44057476055684,162.56827663826306,167.31211883620236,4.743842197939301,624.7315148039922,829.2246599228946,2498.810221124386,3635.693799638896,648.9871819864723,1252.3693550778105,2525.610590361588,3946.711565675392,success,,,4740.0,\\hypatia.uio.no\lh-hf-iln-sociocognitivelab\Research\BabyLearn\french_data_arun\c021_8m_meal_1800.wav,mean_F2_lt_1000
6198,c021,8m,meal,1800,tombe,on,ADS,276.85,0.09,87.08,163.63297085506616,160.85512129280593,167.83077196141568,6.975650668609745,485.73160383082393,805.5645197929096,2540.5147939573267,3531.918827964073,483.7007540323666,785.464383034121,2522.7941363905893,3551.699022934945,success,,,4740.0,\\hypatia.uio.no\lh-hf-iln-sociocognitivelab\Research\BabyLearn\french_data_arun\c021_8m_meal_1800.wav,mean_F2_lt_1000
6229,c021,8m,meal,1805,trop,o,ADS,107.76,0.05,48.38,198.72496251608385,198.2593247692809,199.36670772338667,1.1073829541057592,491.5890134911025,813.1273175767292,2315.0963200847464,3371.0529353560046,491.5890134911025,813.1273175767292,2315.0963200847464,3371.0529353560046,success,,,4430.0,\\hypatia.uio.no\lh-hf-iln-sociocognitivelab\Research\BabyLearn\french_data_arun\c021_8m_meal_1805.wav,mean_F2_lt_1000
6241,c021,8m,meal,1805,en,an,ADS,195.61,0.04,44.0,167.95823506290827,167.09996483312003,168.81650529269652,1.7165404595764642,594.3789640958678,826.9759956218643,2539.13028089736,3670.332232874393,594.3789640958678,826.9759956218643,2539.13028089736,3670.332232874393,success,,,4430.0,\\hypatia.uio.no\lh-hf-iln-sociocognitivelab\Research\BabyLearn\french_data_arun\c021_8m_meal_1805.wav,mean_F2_lt_1000
6338,c021,8m,play,1250,quand,an,IDS,110.1,0.04,42.18,253.21727529782265,252.77690660693463,253.6576439887106,0.8807373817759299,575.8523364827504,918.895558502254,1821.212943900296,2868.6403929865523,575.8523364827504,918.895558502254,1821.212943900296,2868.6403929865523,success,,,4430.0,\\hypatia.uio.no\lh-hf-iln-sociocognitivelab\Research\BabyLearn\french_data_arun\c021_8m_play_1250.wav,mean_F2_lt_1000
6546,c021,8m,play,1255,trop,o,IDS,61.47,0.12,121.26,441.68272390758256,419.0435353734376,451.6085509858188,32.56501561238122,476.5262535913689,899.5830798290556,2093.4577391876765,3108.5277968051228,467.8623403976932,909.240815423726,2063.896589021253,3069.332486785288,success,,,4430.0,\\hypatia.uio.no\lh-hf-iln-sociocognitivelab\Research\BabyLearn\french_data_arun\c021_8m_play_1255.wav,mean_F2_lt_1000
6549,c021,8m,play,1255,trop,o,IDS,63.46,0.11,112.59,349.3752616944062,346.97587418009954,354.1752325822618,7.199358402162261,530.3074953371222,997.3200473977544,1974.9664593874968,2804.643378139249,533.4404424878059,1029.365041567881,1416.30333474537,2776.473334499204,success,,,4430.0,\\hypatia.uio.no\lh-hf-iln-sociocognitivelab\Research\BabyLearn\french_data_arun\c021_8m_play_1255.wav,mean_F2_lt_1000
6555,c021,8m,play,1255,descend,an,IDS,70.14,0.08,78.61,395.4412707389956,390.46477839222655,397.5187116094996,7.053933217273084,789.76986949825,969.3998576150994,1567.065247821311,2951.55028518659,783.6812832128637,1007.684480745405,1579.390882831782,2870.289528065777,success,,,4430.0,\\hypatia.uio.no\lh-hf-iln-sociocognitivelab\Research\BabyLearn\french_data_arun\c021_8m_play_1255.wav,mean_F2_lt_1000
6564,c021,8m,play,1255,content,on,IDS,84.32,0.14,142.07,298.0298165293487,257.42528290013365,361.07960346442457,103.65432056429091,474.67234166468666,924.6790577584098,2582.1063002081414,3529.9963653515256,455.3310718302449,860.7546412717543,2636.470288077039,3748.715460060719,success,,,4740.0,\\hypatia.uio.no\lh-hf-iln-sociocognitivelab\Research\BabyLearn\french_data_arun\c021_8m_play_1255.wav,mean_F2_lt_1000
6565,c021,8m,play,1255,content,an,IDS,84.71,0.44,444.1,371.3107850302185,202.54147756010136,501.7889971597042,299.2475195996028,703.0297177227624,972.5127763108652,2314.729526820472,3265.3226388587973,802.7132121995975,1264.9000872852162,3055.655038357684,3241.613852969848,success,,,4430.0,\\hypatia.uio.no\lh-hf-iln-sociocognitivelab\Research\BabyLearn\french_data_arun\c021_8m_play_1255.wav,mean_F2_lt_1000
6574,c021,8m,play,1255,boubou_1,ou,IDS,97.18,0.04,40.45,386.8126641528829,384.7531960963713,388.8721322093946,4.118936113023267,375.9035140860664,609.7228913002148,2381.44898270474,3729.060096097904,375.9035140860664,609.7228913002148,2381.44898270474,3729.060096097904,success,,,5700.0,\\hypatia.uio.no\lh-hf-iln-sociocognitivelab\Research\BabyLearn\french_data_arun\c021_8m_play_1255.wav,mean_F2_lt_1000
6649,c023,4m,bath,2010,chaud,o,IDS,130.89,0.08,79.71,170.67081793868763,164.87380701786563,184.0847441730285,19.210937155162867,375.8033880926136,835.7672725226502,2676.447724389939,3699.034212481031,380.5771712280748,842.5741149448545,2754.001651744491,3572.938137176645,success,,,4660.0,\\hypatia.uio.no\lh-hf-iln-sociocognitivelab\Research\BabyLearn\french_data_arun\c023_4m_bath_2010.wav,mean_F2_lt_1000
6954,c027,12m,meal,1205,toujours_1,ou,ADS,47.64,0.07,65.84,309.2076507755981,300.52707560629887,317.34666219225875,16.819586585959883,391.0843862665888,990.1529009276102,2394.146187082557,3064.291520568868,401.0898631777124,1016.9608404534864,2635.37489082292,3206.422091161148,success,,,4540.0,\\hypatia.uio.no\lh-hf-iln-sociocognitivelab\Research\BabyLearn\french_data_arun\c027_12m_meal_1205.wav,mean_F2_lt_1000
6962,c027,12m,meal,1205,tout,ou,ADS,109.86,0.06,59.48,278.84187830067583,265.01135218658044,289.68960545059974,24.678253264019304,395.623577875997,767.5971045639249,1951.7027757472872,3170.0976999668424,403.6732509398021,721.3505919971731,1834.07550539644,3133.0920676783344,success,,,4540.0,\\hypatia.uio.no\lh-hf-iln-sociocognitivelab\Research\BabyLearn\french_data_arun\c027_12m_meal_1205.wav,mean_F2_lt_1000
7061,c027,4m,bath,1730,compris,on,IDS,250.9,0.07,67.97,338.601276202773,335.5584781192357,340.81737039255853,5.258892273322829,533.420034189677,856.0448823977251,2416.308566090688,3428.8120674870875,523.2420161669079,813.2639941548066,2427.090282695449,3375.056539079714,success,,,4650.0,\\hypatia.uio.no\lh-hf-iln-sociocognitivelab\Research\BabyLearn\french_data_arun\c027_4m_bath_1730.wav,mean_F2_lt_1000
7069,c027,4m,bath,1730,compris,on,IDS,253.56,0.07,67.49,315.1350728027983,314.80131983642275,315.2822444069851,0.4809245705623652,469.5382470321528,977.9448551574494,2645.02412128032,3482.3171554343644,459.86017685793126,943.7342516507366,2278.424575791011,3473.8196386950567,success,,,4650.0,\\hypatia.uio.no\lh-hf-iln-sociocognitivelab\Research\BabyLearn\french_data_arun\c027_4m_bath_1730.wav,mean_F2_lt_1000
7103,c027,4m,bath,1730,on,on,IDS,282.54,0.09,92.65,319.916628853947,315.073246560711,328.59276694788105,13.51952038717002,458.1534757374721,990.6203101875252,2149.459150382077,3245.413650798736,466.6216760330764,826.6222668232675,1807.4356253096205,3237.0695117439245,success,,,4650.0,\\hypatia.uio.no\lh-hf-iln-sociocognitivelab\Research\BabyLearn\french_data_arun\c027_4m_bath_1730.wav,mean_F2_lt_1000
7200,c027,4m,bath,1740,faut,o,ADS,51.8,0.06,55.93,235.43763358523825,232.82024450069167,237.737801469704,4.917556969012338,319.0954058596169,992.6926823941176,2899.9260858332827,4074.228662708809,312.55136254367767,994.160641103724,2924.768162961299,4105.743042180069,success,,,5550.0,\\hypatia.uio.no\lh-hf-iln-sociocognitivelab\Research\BabyLearn\french_data_arun\c027_4m_bath_1740.wav,mean_F2_lt_1000
7314,c027,4m,meal,855,en,an,IDS,33.56,0.05,53.65,257.97208478694216,248.83191578919283,266.9847662715126,18.152850482319792,554.0093385893093,871.5888123808809,2375.965232997969,3455.255706828243,554.0093385893093,871.5888123808809,2375.965232997969,3455.255706828243,success,,,5240.0,\\hypatia.uio.no\lh-hf-iln-sociocognitivelab\Research\BabyLearn\french_data_arun\c027_4m_meal_0855.wav,mean_F2_lt_1000
7320,c027,4m,meal,900,font,on,ADS,148.53,0.05,53.29,214.6018795134861,213.4636144179902,215.4145840849511,1.950969666960873,430.1904093925621,982.9440604808468,2526.2966769379955,2995.912825490159,430.1904093925621,982.9440604808468,2526.2966769379955,2995.912825490159,success,,,4650.0,\\hypatia.uio.no\lh-hf-iln-sociocognitivelab\Research\BabyLearn\french_data_arun\c027_4m_meal_0900.wav,mean_F2_lt_1000
7323,c027,4m,meal,900,grande,an,ADS,149.06,0.05,46.08,200.0460398353531,198.32069392998093,201.45830283129908,3.1376089013181456,716.0756288018637,950.1450079724028,2580.912255663641,3611.0358375275136,716.0756288018637,950.1450079724028,2580.912255663641,3611.0358375275136,success,,,5240.0,\\hypatia.uio.no\lh-hf-iln-sociocognitivelab\Research\BabyLearn\french_data_arun\c027_4m_meal_0900.wav,mean_F2_lt_1000
7329,c027,4m,meal,900,bouchon,on,ADS,154.44,0.05,51.37,240.0426722615434,237.7095947927776,241.352918417769,3.643323624991382,356.5857178795446,856.6157055267984,2447.118052666112,2883.133203929357,356.5857178795446,856.6157055267984,2447.118052666112,2883.133203929357,success,,,4650.0,\\hypatia.uio.no\lh-hf-iln-sociocognitivelab\Research\BabyLearn\french_data_arun\c027_4m_meal_0900.wav,mean_F2_lt_1000
7384,c027,4m,meal,900,mon,on,IDS,241.71,0.06,58.98,321.5434701051742,319.52925367685907,324.81349484706385,5.28424117020478,346.6823464528783,869.280187533189,2289.172495952259,3470.5265112973507,345.76218030784526,871.1804650567935,2266.5654107813566,3457.598690077924,success,,,4650.0,\\hypatia.uio.no\lh-hf-iln-sociocognitivelab\Research\BabyLearn\french_data_arun\c027_4m_meal_0900.wav,mean_F2_lt_1000
7398,c027,4m,meal,900,donc,on,IDS,247.32,0.07,70.38,223.600917579146,215.4020943691232,231.4813430016943,16.079248632571108,287.58153160516844,804.5748602464369,2275.712124741736,3102.240453078686,280.33699844052467,847.0152252966697,2299.2372727943302,3116.3477592858667,success,,,4650.0,\\hypatia.uio.no\lh-hf-iln-sociocognitivelab\Research\BabyLearn\french_data_arun\c027_4m_meal_0900.wav,mean_F2_lt_1000
7403,c027,8m,meal,1900,fatigue,i,IDS,237.03,0.05,52.41,219.02236409028072,214.845022557484,223.7974091900496,8.952386632565606,2310.334560943931,3690.163470354219,4194.459352605269,5338.284864670134,2310.334560943931,3690.163470354219,4194.459352605269,5338.284864670134,success,,,5840.0,\\hypatia.uio.no\lh-hf-iln-sociocognitivelab\Research\BabyLearn\french_data_arun\c027_8m_meal_1900.wav,mean_F1_gt_1500
7459,c028,12m,bath,1805,dodo_2,o,IDS,30.65,0.12,119.55,348.00510420663835,346.2904425870644,352.2405061409484,5.950063553884036,448.4069839180069,686.443147975959,1727.2147985124827,3282.068430466304,503.2089666498159,636.110513028076,1728.2916523095164,3343.5166447404254,success,,,4580.0,\\hypatia.uio.no\lh-hf-iln-sociocognitivelab\Research\BabyLearn\french_data_arun\c028_12m_bath_1805.wav,mean_F2_lt_1000
7484,c028,12m,bath,1805,tombe,on,IDS,47.81,0.11,113.96,438.9357328776472,424.148907131888,450.16715684475815,26.01824971287021,507.9873729752532,958.1425698340078,2119.5406057301284,3107.021792217865,518.529115931255,924.514063996982,2168.0768795626354,3015.838789265095,success,,,4720.0,\\hypatia.uio.no\lh-hf-iln-sociocognitivelab\Research\BabyLearn\french_data_arun\c028_12m_bath_1805.wav,mean_F2_lt_1000
7486,c028,12m,bath,1805,tombe,on,IDS,49.64,0.07,66.77,383.8836051856077,382.1638807838139,385.9688901498085,3.8050093659945783,521.7634856411794,868.8516589979024,2288.008974577466,3292.143302533977,537.8023132135833,874.1021557350886,2305.4557914243665,3387.625352514328,success,,,4720.0,\\hypatia.uio.no\lh-hf-iln-sociocognitivelab\Research\BabyLearn\french_data_arun\c028_12m_bath_1805.wav,mean_F2_lt_1000
7491,c028,12m,bath,1805,nous,ou,ADS,62.19,0.09,93.25,370.6112173565842,367.0275157283248,374.7604269286198,7.73291120029495,392.149226783468,991.6192155685864,1971.2286638397927,3120.591682006246,394.1114127407068,1003.8649469264566,1813.4555745719415,2945.1787564378105,success,,,4410.0,\\hypatia.uio.no\lh-hf-iln-sociocognitivelab\Research\BabyLearn\french_data_arun\c028_12m_bath_1805.wav,mean_F2_lt_1000
7496,c028,12m,bath,1805,bravo,o,ADS,66.27,0.48,480.94,263.6156031766908,234.43478152793165,284.78821927725403,50.35343774932238,511.8662535395131,973.241710306964,2529.993935193333,3050.59286031742,537.3769092748045,921.9242409304576,2340.134519205568,2968.567327234928,success,,,4580.0,\\hypatia.uio.no\lh-hf-iln-sociocognitivelab\Research\BabyLearn\french_data_arun\c028_12m_bath_1805.wav,mean_F2_lt_1000
7532,c028,12m,bath,1805,Timon,on,IDS,86.83,0.11,108.51,441.2217606942079,363.98183193452985,524.7712419547075,160.78941002017768,477.5926667350721,985.2471699545866,2195.8412495828397,3138.9266099217853,440.7428398099977,984.9801633094348,2160.870151101266,3162.6375939010118,success,,,4720.0,\\hypatia.uio.no\lh-hf-iln-sociocognitivelab\Research\BabyLearn\french_data_arun\c028_12m_bath_1805.wav,mean_F2_lt_1000
7556,c028,12m,bath,1805,dodo_1,o,IDS,108.39,0.18,184.69,438.1647366589104,429.4575843649873,444.1493639089655,14.691779543978155,466.32933528826976,912.6417857647408,2036.2847170836096,3161.193657070516,459.5083160946972,914.6233521469388,2126.342743768689,3115.46168928641,success,,,4580.0,\\hypatia.uio.no\lh-hf-iln-sociocognitivelab\Research\BabyLearn\french_data_arun\c028_12m_bath_1805.wav,mean_F2_lt_1000
7653,c028,12m,bath,1805,sur,u,IDS,193.79,0.07,74.41,405.310384788417,400.6133726926755,412.6002906572004,11.986917964524878,607.420580717949,781.6734965154227,2699.994715908701,3093.2809239436388,580.1270745181882,831.8069253103965,2819.697269666198,3322.7017709077804,success,,,4800.0,\\hypatia.uio.no\lh-hf-iln-sociocognitivelab\Research\BabyLearn\french_data_arun\c028_12m_bath_1805.wav,mean_F2_lt_1000
7694,c028,12m,bath,1805,on,on,IDS,239.32,0.08,77.08,301.9308857217316,293.213881805006,309.44195771680995,16.228075911803955,606.0408757391021,883.681257331945,2344.1129704928576,3410.4532388060784,598.3723322521962,908.0501114087032,2365.635832994,3371.48052339552,success,,,4720.0,\\hypatia.uio.no\lh-hf-iln-sociocognitivelab\Research\BabyLearn\french_data_arun\c028_12m_bath_1805.wav,mean_F2_lt_1000
7748,c028,12m,meal,1835,numero,o,IDS,12.46,0.05,50.3,190.7347120144234,190.10325404136827,191.36131501345787,1.258060972089595,450.6843422497638,967.1271656654368,2446.531710776861,3592.1995060818595,450.6843422497638,967.1271656654368,2446.531710776861,3592.1995060818595,success,,,4580.0,\\hypatia.uio.no\lh-hf-iln-sociocognitivelab\Research\BabyLearn\french_data_arun\c028_12m_meal_1835.wav,mean_F2_lt_1000
7815,c028,4m,meal,925,encore,an,IDS,193.78,0.05,51.62,361.67656238759326,361.0687326842483,362.0370541284452,0.9683214441969312,470.1790533445589,899.4449490756085,1992.5421528169347,2901.173942567209,470.1790533445589,899.4449490756085,1992.5421528169347,2901.173942567209,success,,,4820.0,\\hypatia.uio.no\lh-hf-iln-sociocognitivelab\Research\BabyLearn\french_data_arun\c028_4m_meal_0925.wav,mean_F2_lt_1000
7828,c028,4m,meal,925,peur,oe,IDS,220.73,0.08,79.18,461.2518059598671,434.475063141344,481.57330391414473,47.09824077280075,526.6966925062973,961.058985141631,3159.766654494993,4640.863976068629,513.0758300302638,958.5554898407784,3244.2310506519048,4640.128107686041,success,,,5710.0,\\hypatia.uio.no\lh-hf-iln-sociocognitivelab\Research\BabyLearn\french_data_arun\c028_4m_meal_0925.wav,mean_F2_lt_1000
7879,c028,4m,meal,925,loulou_1,ou,IDS,659.74,0.08,80.06,409.5697337114533,372.6034273852361,435.5829229489,62.97949556366388,451.4888585294645,978.2479355528905,1837.8256298434087,3029.180872490487,439.26530114085705,1010.3435719430876,1656.1253048988376,2913.482597997905,success,,,4410.0,\\hypatia.uio.no\lh-hf-iln-sociocognitivelab\Research\BabyLearn\french_data_arun\c028_4m_meal_0925.wav,mean_F2_lt_1000
7883,c028,4m,meal,925,loulou_1,ou,IDS,661.26,0.08,84.41,411.1747767474088,384.8542142387296,435.41502762501744,50.56081338628786,436.3481131027157,974.3626914292436,2116.466066717052,2962.383384130807,437.62126694382033,956.2243918071548,2103.2948600736595,2914.119856853217,success,,,4410.0,\\hypatia.uio.no\lh-hf-iln-sociocognitivelab\Research\BabyLearn\french_data_arun\c028_4m_meal_0925.wav,mean_F2_lt_1000
7897,c028,4m,meal,925,pour,ou,IDS,677.5,0.1,101.29,144.44983567636558,142.99242354038196,146.86270135258593,3.870277812203966,617.5616643822643,967.2764729404206,2148.973159712677,2885.3005357514894,596.7769026889757,945.4185039121668,2159.29752456727,2624.696835206871,success,,,4410.0,\\hypatia.uio.no\lh-hf-iln-sociocognitivelab\Research\BabyLearn\french_data_arun\c028_4m_meal_0925.wav,mean_F2_lt_1000
7901,c028,4m,meal,925,on,on,IDS,720.08,0.12,120.15,149.5160837110913,146.01335127207628,159.34257411109468,13.3292228390184,420.2968441997812,918.7446602478386,2236.402007042091,3278.8621966029464,476.8351782463492,930.8403908374804,2350.908354256858,3370.7674976130224,success,,,4720.0,\\hypatia.uio.no\lh-hf-iln-sociocognitivelab\Research\BabyLearn\french_data_arun\c028_4m_meal_0925.wav,mean_F2_lt_1000
7906,c028,4m,meal,925,entendu_2,an,ADS,748.93,0.11,111.79,105.9718265790836,104.28178622143048,109.44218964202464,5.1604034205941645,571.6655778478801,947.111594443117,2425.064007808311,3434.1281252627537,599.9983254750746,920.5567384502892,2422.880815359689,3481.650099858985,success,,,4820.0,\\hypatia.uio.no\lh-hf-iln-sociocognitivelab\Research\BabyLearn\french_data_arun\c028_4m_meal_0925.wav,mean_F2_lt_1000
7910,c028,4m,meal,925,va,a,IDS,948.68,0.09,91.35,482.3912757478508,453.7787445493096,507.98100145650096,54.20225690719138,592.9447558422993,983.0874737894602,2858.804857473053,3825.4387808152064,543.0933830396352,984.9453037870194,2847.0711119150096,3583.110284022745,success,,,5400.0,\\hypatia.uio.no\lh-hf-iln-sociocognitivelab\Research\BabyLearn\french_data_arun\c028_4m_meal_0925.wav,mean_F2_lt_1000
7918,c028,4m,meal,925,on,on,IDS,992.16,0.12,123.34,238.85708003976777,215.3640908750134,266.6231597029613,51.259068827947885,344.0783499789267,955.6010500266108,2358.4253874930723,3590.195472134089,312.2335061392228,835.6423954500127,2124.2545912474684,3494.573135644024,success,,,4720.0,\\hypatia.uio.no\lh-hf-iln-sociocognitivelab\Research\BabyLearn\french_data_arun\c028_4m_meal_0925.wav,mean_F2_lt_1000
7954,c028,4m,meal,925,repond,on,IDS,1164.87,0.14,135.14,246.8766582624383,243.54168654821967,250.8476272223145,7.305940674094785,480.3981980652917,953.8384193088516,2534.903336571819,3442.167402199589,502.5028933284783,950.41027816169,2315.22017459469,3357.683029525884,success,,,4720.0,\\hypatia.uio.no\lh-hf-iln-sociocognitivelab\Research\BabyLearn\french_data_arun\c028_4m_meal_0925.wav,mean_F2_lt_1000
7967,c028,4m,meal,925,pourquoi,a,IDS,1178.7,0.09,86.73,460.0800512903312,453.5207307061645,463.6914121943406,10.170681488176172,494.1832506330624,958.70943027583,2429.3407935659898,3772.376947325628,485.1429884457552,981.165844921575,2363.957574714147,3846.3171903446,success,,,5400.0,\\hypatia.uio.no\lh-hf-iln-sociocognitivelab\Research\BabyLearn\french_data_arun\c028_4m_meal_0925.wav,mean_F2_lt_1000
7969,c028,4m,meal,925,repond,on,IDS,1179.15,0.1,102.87,404.9426915800176,401.32350864127,412.61273943199126,11.289230790721264,408.7141153044015,863.8487614403551,2392.5049412078247,3284.9602036474107,410.27550296168704,873.1813735117511,2409.084251818076,3401.390581643981,success,,,4720.0,\\hypatia.uio.no\lh-hf-iln-sociocognitivelab\Research\BabyLearn\french_data_arun\c028_4m_meal_0925.wav,mean_F2_lt_1000
8012,c028,4m,meal,925,bon,on,IDS,1912.05,0.09,94.2,403.6797244777173,330.0603570429722,522.7336716485415,192.6733146055693,540.3743172900813,865.8661953544658,2235.510208181572,3191.792573782553,595.0452425137354,696.4248577508806,2207.8470305069904,2995.287276814371,success,,,4720.0,\\hypatia.uio.no\lh-hf-iln-sociocognitivelab\Research\BabyLearn\french_data_arun\c028_4m_meal_0925.wav,mean_F2_lt_1000
8016,c028,4m,meal,925,bon,on,IDS,1913.55,0.13,129.98,252.29104022524868,240.9800918828097,261.9211772069109,20.94108532410124,479.0367470521368,879.5384786942773,2362.685407609008,2994.2811405421835,479.1854053962642,829.1795718271607,2256.5962179911685,2894.223815735858,success,,,4720.0,\\hypatia.uio.no\lh-hf-iln-sociocognitivelab\Research\BabyLearn\french_data_arun\c028_4m_meal_0925.wav,mean_F2_lt_1000
8020,c028,4m,meal,925,bon,on,IDS,1915.84,0.07,74.85,498.58090652380974,441.9567567066808,559.0388783662563,117.08212165957552,520.0070784253006,998.235162907167,2143.872035127241,3123.3591678969765,529.6301995693133,1004.5649941243196,2124.3866418044763,3103.7131236651794,success,,,4720.0,\\hypatia.uio.no\lh-hf-iln-sociocognitivelab\Research\BabyLearn\french_data_arun\c028_4m_meal_0925.wav,mean_F2_lt_1000
8042,c028,4m,meal,925,ou,ou,IDS,2016.0,0.09,92.22,431.4647988990872,406.8406911013761,445.6348682781791,38.79417717680303,440.0575903080173,887.6682944077625,2033.4771243233895,3002.554958784492,438.05771994699313,878.4375778599359,1993.8841948805232,3057.372218113112,success,,,4410.0,\\hypatia.uio.no\lh-hf-iln-sociocognitivelab\Research\BabyLearn\french_data_arun\c028_4m_meal_0925.wav,mean_F2_lt_1000
8063,c028,4m,meal,925,oui,ou,IDS,2079.33,0.15,147.8,394.57637300818425,363.1227340564792,443.2738937868293,80.15115973035017,396.04454422276257,990.4932739906536,2181.202659583322,3044.6823847335863,386.5782238487342,904.7174457969757,2473.706393671263,2942.1307124664963,success,,,4410.0,\\hypatia.uio.no\lh-hf-iln-sociocognitivelab\Research\BabyLearn\french_data_arun\c028_4m_meal_0925.wav,mean_F2_lt_1000
8085,c028,8m,meal,815,bon,on,IDS,101.53,0.11,112.23,176.2723433558071,167.8415630888916,183.0711150543345,15.229551965442909,675.9879751448981,864.3422030100415,2382.7552497476267,3397.942967696065,787.6001977072522,824.4154291191969,2420.7041505522457,3268.730022449305,success,,,4720.0,\\hypatia.uio.no\lh-hf-iln-sociocognitivelab\Research\BabyLearn\french_data_arun\c028_8m_meal_0815.wav,mean_F2_lt_1000
8099,c028,8m,meal,815,viens,in,IDS,173.8,0.06,59.99,258.38434739200846,255.32242398308685,260.6886939858585,5.366270002771643,570.5503178171256,864.6132017608606,1557.892027146578,3128.9007493454355,568.7774798387859,943.456288244486,1557.9494174531014,3124.782930560649,success,,,4530.0,\\hypatia.uio.no\lh-hf-iln-sociocognitivelab\Research\BabyLearn\french_data_arun\c028_8m_meal_0815.wav,mean_F2_lt_1000
8156,c028,8m,play,1705,ou,ou,IDS,272.75,0.08,82.79,378.0098858923084,370.9173603792631,389.1656625738062,18.2483021945431,421.0084770908624,951.778005644186,2246.5453251819504,3277.6424068255737,403.23586498141367,916.3856884775116,2244.2243770849286,3133.209295654068,success,,,4410.0,\\hypatia.uio.no\lh-hf-iln-sociocognitivelab\Research\BabyLearn\french_data_arun\c028_8m_play_1705.wav,mean_F2_lt_1000
8195,c028,8m,play,1710,poubelle,ou,IDS,122.81,0.06,56.23,311.4316370313576,308.50905429578165,312.82935051410766,4.320296218326007,318.71634149055376,992.3068306733647,2290.047980676009,3089.035776897168,334.3197865033992,995.3048566026614,2268.388232716922,3076.234997427915,success,,,4410.0,\\hypatia.uio.no\lh-hf-iln-sociocognitivelab\Research\BabyLearn\french_data_arun\c028_8m_play_1710.wav,mean_F2_lt_1000
8232,c028,8m,play,1710,au,o,ADS,233.79,0.18,183.92,240.85332812930935,232.92098344656807,247.7418869537944,14.82090350722632,495.4032851009417,959.9849260430803,2345.772249750463,3376.199229376728,501.7374260453871,907.8615892558964,2226.224052734943,3390.713658242038,success,,,4580.0,\\hypatia.uio.no\lh-hf-iln-sociocognitivelab\Research\BabyLearn\french_data_arun\c028_8m_play_1710.wav,mean_F2_lt_1000
8233,c028,8m,play,1710,congele,on,ADS,234.01,0.06,61.31,257.29535244644995,256.24341536024764,258.85116257655426,2.6077472163066204,545.8062537384201,929.8590688299364,2582.5207830517866,3519.4821235983136,519.7301489976144,816.2259752033153,2585.725698941158,3534.654898620332,success,,,4720.0,\\hypatia.uio.no\lh-hf-iln-sociocognitivelab\Research\BabyLearn\french_data_arun\c028_8m_play_1710.wav,mean_F2_lt_1000
8240,c028,8m,play,1710,jours,ou,ADS,238.31,0.09,91.01,392.9340750873215,327.7959083152719,462.2940737408017,134.4981654255298,451.0465044021794,931.2656947849388,2456.111490613652,3294.4721401311767,466.4940649087789,848.7561768976321,2369.5823492727145,2947.7852425560727,success,,,4410.0,\\hypatia.uio.no\lh-hf-iln-sociocognitivelab\Research\BabyLearn\french_data_arun\c028_8m_play_1710.wav,mean_F2_lt_1000
8246,c028,8m,play,1710,pour,ou,ADS,240.43,0.06,57.52,242.56516480564235,239.9763246316961,247.62988557024983,7.653560938553767,630.6902860674073,960.673668622441,2175.656916538648,3364.3665564093512,642.3144614157059,960.4232822124354,2174.181862461924,3366.711380644782,success,,,4410.0,\\hypatia.uio.no\lh-hf-iln-sociocognitivelab\Research\BabyLearn\french_data_arun\c028_8m_play_1710.wav,mean_F2_lt_1000
8257,c028,8m,play,1710,pour,ou,ADS,252.75,0.06,64.95,251.52978372223288,247.77928260919447,254.83964678311864,7.060364173924171,524.793326235544,882.8382605730726,2231.513550256936,2941.003381687909,526.2133913798385,883.2143506259933,2195.519853682138,2931.995908007661,success,,,4410.0,\\hypatia.uio.no\lh-hf-iln-sociocognitivelab\Research\BabyLearn\french_data_arun\c028_8m_play_1710.wav,mean_F2_lt_1000
8259,c028,8m,play,1710,jour,ou,ADS,253.12,0.12,116.26,277.2777442221371,250.8910159208936,292.0516547848167,41.16063886392311,552.0504822933965,908.437882181478,2325.283697014048,3193.384649506924,572.4752171552502,897.4386024401695,2420.999643629364,3363.308501413467,success,,,4410.0,\\hypatia.uio.no\lh-hf-iln-sociocognitivelab\Research\BabyLearn\french_data_arun\c028_8m_play_1710.wav,mean_F2_lt_1000
8306,c031,12m,meal,1250,pantalon,on,IDS,136.95,0.07,69.07,218.79084046658716,217.39769492792905,221.1693068224111,3.77161189448205,501.3171098607544,997.5885120950664,2394.6575474685687,3546.812950622076,507.8459860771137,968.1125250773282,2369.344496420781,3495.303452146179,success,,,4520.0,\\hypatia.uio.no\lh-hf-iln-sociocognitivelab\Research\BabyLearn\french_data_arun\c031_12m_meal_1250.wav,mean_F2_lt_1000
8313,c031,12m,meal,1250,on,on,IDS,160.79,0.06,59.37,223.02844483443832,212.2981933241474,258.3634709580583,46.06527763391091,311.6604213710752,848.5339631823572,2433.4055259191477,3478.3381710986314,308.50466639687187,847.0208400178014,2368.268484673915,3484.30817507591,success,,,4520.0,\\hypatia.uio.no\lh-hf-iln-sociocognitivelab\Research\BabyLearn\french_data_arun\c031_12m_meal_1250.wav,mean_F2_lt_1000
8335,c031,12m,meal,1250,on,on,IDS,265.53,0.06,63.44,192.370218267848,189.71852292403872,195.1472560327064,5.4287331086677,410.15482861823466,774.6270234978587,2153.561620148582,3174.097161425617,410.27276636992895,783.7599774061234,2130.981968850901,3160.992161450564,success,,,4520.0,\\hypatia.uio.no\lh-hf-iln-sociocognitivelab\Research\BabyLearn\french_data_arun\c031_12m_meal_1250.wav,mean_F2_lt_1000
8338,c031,12m,meal,1250,coup,ou,IDS,266.22,0.07,72.47,419.72733442414346,403.5262016617363,427.1608461048971,23.634644443160767,424.3857167028064,861.7159181354332,2109.4286641988856,3176.561780007224,423.45414219196965,867.8097810698241,2107.562474862228,3198.173399954521,success,,,4400.0,\\hypatia.uio.no\lh-hf-iln-sociocognitivelab\Research\BabyLearn\french_data_arun\c031_12m_meal_1250.wav,mean_F2_lt_1000
8346,c031,12m,meal,1250,sont,on,ADS,292.53,0.06,64.62,225.62736795281967,217.06803789478636,239.0850733615789,22.017035466792574,434.4435355897757,879.5987746713852,2388.1521905415843,3204.822472825761,427.5904995849174,885.5928284720821,2393.682805478265,3213.3639053104253,success,,,4520.0,\\hypatia.uio.no\lh-hf-iln-sociocognitivelab\Research\BabyLearn\french_data_arun\c031_12m_meal_1250.wav,mean_F2_lt_1000
8351,c031,12m,meal,1255,pour,ou,IDS,20.15,0.06,60.97,313.0775171262359,310.57031654538844,315.7256685216419,5.155351976253485,181.72415198809756,930.4757622629072,2487.795062186544,2928.906090798372,217.22603303419467,934.0926119149768,2509.67209934902,2930.2803138091194,success,,,4400.0,\\hypatia.uio.no\lh-hf-iln-sociocognitivelab\Research\BabyLearn\french_data_arun\c031_12m_meal_1255.wav,mean_F2_lt_1000
8376,c031,12m,meal,1255,oh,o,IDS,78.71,0.11,109.16,320.95502857989874,315.6133830567609,325.0136150023638,9.400231945602911,351.1158656539703,978.122629996624,2514.9462063359942,3490.4909918701737,352.8488068426352,987.5025965108867,2466.4766993734056,3515.2584848176384,success,,,4840.0,\\hypatia.uio.no\lh-hf-iln-sociocognitivelab\Research\BabyLearn\french_data_arun\c031_12m_meal_1255.wav,mean_F2_lt_1000
8423,c031,12m,meal,1255,novembre,an,ADS,278.45,0.1,104.14,290.6572376672586,289.9696303587532,291.7045812541318,1.7349508953786312,699.6880751267441,907.55227900824,2992.492331702535,3450.975246277315,788.669427159533,838.29455138415,3017.411930506055,3462.7872471751148,success,,,4830.0,\\hypatia.uio.no\lh-hf-iln-sociocognitivelab\Research\BabyLearn\french_data_arun\c031_12m_meal_1255.wav,mean_F2_lt_1000
8465,c031,12m,meal,1300,maman,an,IDS,37.56,0.05,51.5,227.68978035580415,214.87799144653195,240.0964519934642,25.21846054693225,596.7338606835428,929.2780896777872,2857.992351138309,3547.443679527274,596.7338606835428,929.2780896777872,2857.992351138309,3547.443679527274,success,,,4830.0,\\hypatia.uio.no\lh-hf-iln-sociocognitivelab\Research\BabyLearn\french_data_arun\c031_12m_meal_1300.wav,mean_F2_lt_1000
8472,c031,12m,meal,1300,maman,an,IDS,119.04,0.09,85.4,295.5131648706165,287.3094143945542,308.0486556917666,20.7392412972124,623.886770598408,929.1395554803912,2333.631460897972,3647.704994265104,637.2643209025408,930.700269588752,2216.8438687083626,3520.6726391315824,success,,,4830.0,\\hypatia.uio.no\lh-hf-iln-sociocognitivelab\Research\BabyLearn\french_data_arun\c031_12m_meal_1300.wav,mean_F2_lt_1000
8492,c031,12m,meal,1300,on,on,ADS,251.31,0.06,57.32,334.5933591414592,319.1885353221488,352.3571473119396,33.168611989790804,446.3486065821892,848.5971194358315,2042.2148878579592,3174.0224810863338,451.6055528140024,844.2527968603479,2032.1390153365064,3178.691045838099,success,,,4520.0,\\hypatia.uio.no\lh-hf-iln-sociocognitivelab\Research\BabyLearn\french_data_arun\c031_12m_meal_1300.wav,mean_F2_lt_1000
8529,c031,12m,play,2020,poum,ou,IDS,177.24,0.08,84.17,405.014272222948,397.5737075895629,409.28769450076027,11.713986911197368,427.9558949035379,915.5691117381668,2546.9277146346326,3042.761620628156,431.6724384331697,932.1871829669642,2550.827264290893,3021.6378583204164,success,,,4400.0,\\hypatia.uio.no\lh-hf-iln-sociocognitivelab\Research\BabyLearn\french_data_arun\c031_12m_play_2020.wav,mean_F2_lt_1000
8546,c031,12m,play,2020,ensemble_2,an,IDS,183.43,0.04,43.88,311.6338307490975,311.0719453036801,312.19571619451494,1.1237708908348625,630.316054903383,973.9305481705602,2643.7624966317308,3513.346778978403,630.316054903383,973.9305481705602,2643.7624966317308,3513.346778978403,success,,,4830.0,\\hypatia.uio.no\lh-hf-iln-sociocognitivelab\Research\BabyLearn\french_data_arun\c031_12m_play_2020.wav,mean_F2_lt_1000
8562,c031,12m,play,2020,canard_1,a,IDS,207.28,0.05,50.87,326.37111775368186,315.42383469510884,337.00437982439,21.58054512928112,607.8187592719279,925.1819440231468,2542.7949131951204,3335.847460039536,607.8187592719279,925.1819440231468,2542.7949131951204,3335.847460039536,success,,,5070.0,\\hypatia.uio.no\lh-hf-iln-sociocognitivelab\Research\BabyLearn\french_data_arun\c031_12m_play_2020.wav,mean_F2_lt_1000
8570,c031,12m,play,2020,Garou,ou,IDS,232.68,0.07,72.04,483.510358254374,475.8653891494732,488.9343320416168,13.068942892143523,487.6563711393136,988.124272596531,2227.0336943823427,3180.63139401044,488.0932067106933,987.5585873104638,2232.0441039693505,3142.4041216701617,success,,,4400.0,\\hypatia.uio.no\lh-hf-iln-sociocognitivelab\Research\BabyLearn\french_data_arun\c031_12m_play_2020.wav,mean_F2_lt_1000
8574,c031,12m,play,2020,chien,in,IDS,233.3,0.05,51.38,498.371420614144,491.4408098803715,503.56082485909786,12.120014978726374,575.8654928985271,877.8247059333472,2230.177559818216,3427.5575420154223,575.8654928985271,877.8247059333472,2230.177559818216,3427.5575420154223,success,,,4960.0,\\hypatia.uio.no\lh-hf-iln-sociocognitivelab\Research\BabyLearn\french_data_arun\c031_12m_play_2020.wav,mean_F2_lt_1000
8576,c031,12m,play,2020,mouton,on,IDS,235.72,0.07,67.31,290.6428909998341,285.7089126303204,299.3103064674826,13.601393837162163,325.44816711030137,936.2359887026356,2478.895839274436,3407.805419840626,335.3803308625887,904.4159701182216,2533.807834486511,3443.2597309481384,success,,,4520.0,\\hypatia.uio.no\lh-hf-iln-sociocognitivelab\Research\BabyLearn\french_data_arun\c031_12m_play_2020.wav,mean_F2_lt_1000
8586,c031,12m,play,2020,on,on,IDS,278.67,0.06,58.59,187.47034060134632,178.62962065220478,192.43709713098968,13.807476478784878,416.5233992799364,965.6109162256432,2356.2248913539142,3615.770174940141,386.7844353039743,962.188867907454,2364.840963959844,3623.615575490745,success,,,4520.0,\\hypatia.uio.no\lh-hf-iln-sociocognitivelab\Research\BabyLearn\french_data_arun\c031_12m_play_2020.wav,mean_F2_lt_1000
8601,c031,12m,play,2025,chanson,on,IDS,48.29,0.1,97.2,453.9584851163878,443.525971405952,464.8770129611325,21.35104155518053,490.7961704736266,920.4762526418648,2158.4290837347758,3300.789133622808,490.471261272973,919.72278604219,2225.954360163126,3322.650273896029,success,,,4520.0,\\hypatia.uio.no\lh-hf-iln-sociocognitivelab\Research\BabyLearn\french_data_arun\c031_12m_play_2025.wav,mean_F2_lt_1000
8614,c031,12m,play,2025,comment,an,IDS,81.6,0.06,59.43,262.7420041197839,257.4440862643777,269.8374507248065,12.393364460428812,650.6648667336775,819.6411071247518,3146.145847987199,3686.26811908089,628.7185516832249,844.6825006495134,3170.4882749064964,3676.664162106973,success,,,4830.0,\\hypatia.uio.no\lh-hf-iln-sociocognitivelab\Research\BabyLearn\french_data_arun\c031_12m_play_2025.wav,mean_F2_lt_1000
8621,c031,12m,play,2025,attention,on,IDS,156.58,0.1,98.47,356.1833405638233,294.2478022475798,408.9688909870176,114.7210887394378,403.16991150217575,979.4483489191156,2419.582178652482,3696.514322283313,430.900858796405,949.2214736195982,2387.5797328391304,3551.211227366889,success,,,4520.0,\\hypatia.uio.no\lh-hf-iln-sociocognitivelab\Research\BabyLearn\french_data_arun\c031_12m_play_2025.wav,mean_F2_lt_1000
8622,c031,12m,play,2025,attention,an,IDS,157.96,0.07,68.49,411.4174627255225,399.6103228934724,428.8309710555239,29.22064816205153,502.44820254125256,873.5011345531497,2616.4664776904324,3292.2004384636607,531.0745617772919,802.2134572623559,2584.741968064337,3132.927047297714,success,,,4830.0,\\hypatia.uio.no\lh-hf-iln-sociocognitivelab\Research\BabyLearn\french_data_arun\c031_12m_play_2025.wav,mean_F2_lt_1000
8634,c031,12m,play,2025,remontes,on,IDS,274.64,0.05,52.85,439.1581122382063,422.3306595191797,454.08060934555374,31.749949826374007,445.95207999170646,967.2660402907738,2468.6834304951085,3623.926826124344,445.95207999170646,967.2660402907738,2468.6834304951085,3623.926826124344,success,,,4520.0,\\hypatia.uio.no\lh-hf-iln-sociocognitivelab\Research\BabyLearn\french_data_arun\c031_12m_play_2025.wav,mean_F2_lt_1000
8640,c031,12m,play,2025,ascensseur,an,IDS,286.51,0.11,107.31,214.8359171301601,209.92093021695493,224.3871387355694,14.46620851861448,443.5826327333208,986.0490315740036,2404.0414418443515,3553.949154963959,436.95983827543847,960.8354284874176,2504.110353665421,3512.0230873323085,success,,,4830.0,\\hypatia.uio.no\lh-hf-iln-sociocognitivelab\Research\BabyLearn\french_data_arun\c031_12m_play_2025.wav,mean_F2_lt_1000
8677,c031,12m,play,2030,sont,on,ADS,272.57,0.09,93.49,228.52558894068883,212.44349324963036,247.7797165020065,35.33622325237616,495.2142800250796,698.2050244784997,2273.3868667272354,3261.209088273503,402.9213273633615,683.132966127284,2170.5124395909456,3273.968235439599,success,,,4520.0,\\hypatia.uio.no\lh-hf-iln-sociocognitivelab\Research\BabyLearn\french_data_arun\c031_12m_play_2030.wav,mean_F2_lt_1000
8685,c031,12m,play,2030,grande,an,ADS,274.08,0.04,41.27,196.8877653529208,196.619697913522,197.1558327923196,0.5361348787976397,506.8643802906232,824.040095297382,2246.726530757361,3313.504852666734,506.8643802906232,824.040095297382,2246.726530757361,3313.504852666734,success,,,4830.0,\\hypatia.uio.no\lh-hf-iln-sociocognitivelab\Research\BabyLearn\french_data_arun\c031_12m_play_2030.wav,mean_F2_lt_1000
8718,c031,12m,play,2030,ou,ou,ADS,289.98,0.06,63.66,211.3976625387592,208.01108664505136,218.881002825652,10.869916180600654,423.8940185479379,783.5577740511611,2136.791984268509,3235.909841056004,419.9348983405496,788.7121808986471,2118.82895099948,3211.062564530055,success,,,4400.0,\\hypatia.uio.no\lh-hf-iln-sociocognitivelab\Research\BabyLearn\french_data_arun\c031_12m_play_2030.wav,mean_F2_lt_1000
8797,c031,4m,bath,1420,oui,i,IDS,430.18,0.08,80.65,334.1154931231818,327.3782140930313,339.568700817429,12.190486724397658,342.4076749775047,905.7312966327436,2575.994536223319,3355.7204312680024,343.64343451591265,882.0510759185095,2628.7956507503627,3366.2420639493475,success,,,4620.0,\\hypatia.uio.no\lh-hf-iln-sociocognitivelab\Research\BabyLearn\french_data_arun\c031_4m_bath_1420.wav,mean_F2_lt_1000
8800,c031,4m,bath,1420,langue,an,IDS,448.35,0.07,69.09,225.1741831394096,224.5348553770342,226.34870976143748,1.813854384403271,389.91823208124737,958.3897119424856,2791.182104923454,3410.8542013270567,608.7349363931445,946.8007272494316,3302.422914597198,3434.753422612288,success,,,4830.0,\\hypatia.uio.no\lh-hf-iln-sociocognitivelab\Research\BabyLearn\french_data_arun\c031_4m_bath_1420.wav,mean_F2_lt_1000
8962,c031,4m,bath,1420,on,on,IDS,1080.68,0.09,93.62,285.3353724105739,275.00320712507664,293.7650898726027,18.761882747526045,339.9071717704996,846.6650212583866,2349.826790804387,3211.58198641888,385.1892662990194,784.1169579486987,2195.854781023347,3049.980372314581,success,,,4520.0,\\hypatia.uio.no\lh-hf-iln-sociocognitivelab\Research\BabyLearn\french_data_arun\c031_4m_bath_1420.wav,mean_F2_lt_1000
8978,c035,12m,bath,1050,on,on,IDS,10.48,0.05,52.17,399.0426748744964,389.8391451193752,406.80763205671,16.96848693733483,409.3369743275691,828.3768927199615,2303.039475058394,3297.735341911758,409.3369743275691,828.3768927199615,2303.039475058394,3297.735341911758,success,,,4650.0,\\hypatia.uio.no\lh-hf-iln-sociocognitivelab\Research\BabyLearn\french_data_arun\c035_12m_bath_1050.wav,mean_F2_lt_1000
9008,c035,12m,bath,1050,pour,ou,IDS,152.55,0.04,43.38,289.3741427836786,288.4641352139044,290.28415035345284,1.8200151395484452,327.9663431433426,954.8665436185285,2247.807158355876,3456.782437351845,327.9663431433426,954.8665436185285,2247.807158355876,3456.782437351845,success,,,4930.0,\\hypatia.uio.no\lh-hf-iln-sociocognitivelab\Research\BabyLearn\french_data_arun\c035_12m_bath_1050.wav,mean_F2_lt_1000
9024,c035,12m,bath,1050,pot,o,IDS,186.34,0.22,221.43,447.58678131658985,443.3725951434131,452.8503584055395,9.477763262126416,483.4987793340934,981.72037787608,2003.34505943969,3234.4128680796566,480.64054327875454,925.3229577049508,2059.2283486105785,3150.0310752540845,success,,,4670.0,\\hypatia.uio.no\lh-hf-iln-sociocognitivelab\Research\BabyLearn\french_data_arun\c035_12m_bath_1050.wav,mean_F2_lt_1000
9027,c035,12m,bath,1050,monde,on,IDS,194.49,0.14,138.27,434.2981921510016,429.9425042926615,440.59831382896624,10.655809536304789,517.4822951398432,964.5587182409066,1920.4166154982388,3109.036387170984,481.0037783282122,928.1535901552916,1908.2484068362544,2983.5753804936303,success,,,4650.0,\\hypatia.uio.no\lh-hf-iln-sociocognitivelab\Research\BabyLearn\french_data_arun\c035_12m_bath_1050.wav,mean_F2_lt_1000
9075,c035,12m,bath,1050,on,on,IDS,273.01,0.14,138.21,378.4188433197506,353.8806489063501,389.0552660622382,35.17461715588814,581.3857757837882,966.7298345734908,2061.20262632938,3269.007477327676,551.379682312371,993.2260460688188,1994.0784255968267,3231.281678902984,success,,,4650.0,\\hypatia.uio.no\lh-hf-iln-sociocognitivelab\Research\BabyLearn\french_data_arun\c035_12m_bath_1050.wav,mean_F2_lt_1000
9182,c035,12m,bath,1100,non,on,IDS,267.73,0.08,81.2,454.59877698675206,444.9574084406957,470.5700531639391,25.61264472324342,614.319479307832,944.6884860731824,1839.3098551782643,3473.523478987043,554.0940550832366,954.535245075436,1902.840550107495,3463.689331113745,success,,,4650.0,\\hypatia.uio.no\lh-hf-iln-sociocognitivelab\Research\BabyLearn\french_data_arun\c035_12m_bath_1100.wav,mean_F2_lt_1000
9206,c035,4m,bath,1955,raoul,ou,IDS,90.65,0.1,96.05,271.0965741434498,262.20170529217614,283.8705498266016,21.668844534425432,435.5506064976423,794.493914055174,2675.919412092254,3970.765889732015,432.4096527347679,679.3976621597723,2290.770193242833,3476.4300311216657,success,,,4930.0,\\hypatia.uio.no\lh-hf-iln-sociocognitivelab\Research\BabyLearn\french_data_arun\c035_4m_bath_1955.wav,mean_F2_lt_1000
9284,c035,4m,bath,1955,entendre_1,an,IDS,254.22,0.09,86.44,416.619047409749,402.61944576326806,424.0725768978338,21.45313113456575,524.4903407403281,863.5902093951141,2041.308469879602,3252.2111206832533,482.24799248328304,849.4894638638121,2117.046462336723,3271.2598756123275,success,,,4560.0,\\hypatia.uio.no\lh-hf-iln-sociocognitivelab\Research\BabyLearn\french_data_arun\c035_4m_bath_1955.wav,mean_F2_lt_1000
9320,c035,4m,bath,1955,grande,an,IDS,375.14,0.07,70.63,272.2145596581209,265.1357983872957,276.0394735012663,10.903675113970564,308.569536820844,924.2925372716256,2487.987466768785,3540.1569347085942,319.77448921400446,924.0030501364952,2496.293254290603,3581.8469646392296,success,,,4560.0,\\hypatia.uio.no\lh-hf-iln-sociocognitivelab\Research\BabyLearn\french_data_arun\c035_4m_bath_1955.wav,mean_F2_lt_1000
9335,c035,4m,bath,1955,grande,an,IDS,438.87,0.09,88.43,258.4036759168628,242.8284371687876,288.19231494084966,45.3638777720621,310.01152732856497,959.0844565249488,2451.4500670181674,3420.9069490299453,275.4212703891016,980.307413779596,2399.421888825417,3466.1344163727754,success,,,4560.0,\\hypatia.uio.no\lh-hf-iln-sociocognitivelab\Research\BabyLearn\french_data_arun\c035_4m_bath_1955.wav,mean_F2_lt_1000
9344,c035,4m,bath,1955,ours,ou,IDS,494.68,0.06,60.91,450.82472564054353,419.0682292449392,480.1391090785399,61.07087983360071,455.3502719535465,929.78624555648,2543.7030857186064,3475.7812376217685,452.8628185494226,925.4774945874876,2567.335177202524,3524.185908198528,success,,,4930.0,\\hypatia.uio.no\lh-hf-iln-sociocognitivelab\Research\BabyLearn\french_data_arun\c035_4m_bath_1955.wav,mean_F2_lt_1000
9346,c035,4m,bath,1955,violette,o,IDS,496.94,0.06,61.06,257.7035200490468,256.96203911648985,258.5224506340854,1.5604115175955258,334.1686619090919,775.300289833773,2487.169524921216,2880.356493062196,333.8167426939254,774.6907752472816,2487.5988667280253,2905.571539954696,success,,,4670.0,\\hypatia.uio.no\lh-hf-iln-sociocognitivelab\Research\BabyLearn\french_data_arun\c035_4m_bath_1955.wav,mean_F2_lt_1000
9385,c035,4m,bath,1955,bon,on,IDS,662.49,0.12,116.49,395.957614300744,262.9825677156925,528.745001115384,265.7624333996915,412.868789490737,967.6921133670172,2277.041156390112,3242.9585760803807,397.0426700552831,912.6604424147474,2412.0008385786564,3078.194198224538,success,,,4650.0,\\hypatia.uio.no\lh-hf-iln-sociocognitivelab\Research\BabyLearn\french_data_arun\c035_4m_bath_1955.wav,mean_F2_lt_1000
9391,c035,4m,bath,1955,discussion,on,IDS,669.64,0.09,89.09,260.2171461559698,247.7152719214693,268.09149993794443,20.376228016475125,329.85973394201136,906.279262568996,2258.7405240774547,3302.837511068908,327.7718389873743,855.8433863525222,2245.283096785842,3360.954242808595,success,,,4650.0,\\hypatia.uio.no\lh-hf-iln-sociocognitivelab\Research\BabyLearn\french_data_arun\c035_4m_bath_1955.wav,mean_F2_lt_1000
9427,c035,4m,bath,1955,body,o,IDS,872.21,0.07,70.63,224.4155105840606,221.77413985903885,227.06233583579188,5.28819597675303,423.9640339632659,928.63713507085,2262.2904573727105,3249.87509048312,421.2990472364501,922.6379944357644,2196.3703764387,3199.7754952971327,success,,,4670.0,\\hypatia.uio.no\lh-hf-iln-sociocognitivelab\Research\BabyLearn\french_data_arun\c035_4m_bath_1955.wav,mean_F2_lt_1000
9448,c035,4m,bath,1955,rose,o,IDS,1080.34,0.12,119.23,382.24956805039136,317.67341858460094,433.3788162695676,115.70539768496668,522.4565692912763,863.5971414975758,2234.498336096691,3461.9818292694663,571.0138023550425,823.8675179002862,2743.732421541533,3831.690473572488,success,,,4670.0,\\hypatia.uio.no\lh-hf-iln-sociocognitivelab\Research\BabyLearn\french_data_arun\c035_4m_bath_1955.wav,mean_F2_lt_1000
9450,c035,4m,bath,1955,blanc,an,IDS,1084.61,0.08,75.11,427.6566190715604,411.7447562292791,451.8946698766218,40.14991364734272,491.1242618456951,864.3707213560915,1701.0075414373823,3391.754297744588,508.74559692652366,867.7375421756542,1699.4280275576446,3398.833594659641,success,,,4560.0,\\hypatia.uio.no\lh-hf-iln-sociocognitivelab\Research\BabyLearn\french_data_arun\c035_4m_bath_1955.wav,mean_F2_lt_1000
9452,c035,4m,bath,1955,et,e,IDS,1093.88,0.08,77.59,405.2899871143872,401.0062461004696,408.26656479293325,7.26031869246367,494.2876453525489,800.8081163442926,3038.426133060388,4180.519497879361,460.3458148504639,847.961460743696,3124.537256481083,4198.870617714609,success,,,5810.0,\\hypatia.uio.no\lh-hf-iln-sociocognitivelab\Research\BabyLearn\french_data_arun\c035_4m_bath_1955.wav,mean_F2_lt_1000
9717,c035,8m,bath,1135,tigrou,ou,IDS,211.38,0.11,112.18,383.25112668717134,372.32400733554647,394.9439977062236,22.6199903706771,405.9699314736348,862.8025028530118,2384.8775579410903,3497.157986108752,441.13165933584,777.1525861502812,2427.80546272171,3382.7302102335525,success,,,4930.0,\\hypatia.uio.no\lh-hf-iln-sociocognitivelab\Research\BabyLearn\french_data_arun\c035_8m_bath_1135.wav,mean_F2_lt_1000
9833,c036,12m,meal,830,joueras,a,IDS,5.22,0.1,96.64,187.2958065833625,174.22989814780652,205.0762159367035,30.846317788896982,638.7113713286683,962.154196241078,2985.57456507244,4299.427112467678,700.273803441245,954.54610980575,2978.9308916336354,4080.098527442298,success,,,5950.0,\\hypatia.uio.no\lh-hf-iln-sociocognitivelab\Research\BabyLearn\french_data_arun\c036_12m_meal_0830.wav,mean_F2_lt_1000
9889,c036,12m,meal,830,non,on,ADS,240.82,0.09,94.63,305.58257026353914,294.3695224216023,318.89526912735533,24.525746705753026,332.7233896470163,883.9396679337754,2544.90218914476,3661.017283380773,347.21105218692406,805.9342791035386,2467.9156842074312,3626.303133647189,success,,,5420.0,\\hypatia.uio.no\lh-hf-iln-sociocognitivelab\Research\BabyLearn\french_data_arun\c036_12m_meal_0830.wav,mean_F2_lt_1000
10025,c037,12m,meal,825,pain,in,ADS,0.66,0.1,98.7,243.92606536791763,240.5935527819179,248.3314006883715,7.737847906453595,558.539555736577,928.3507128810012,2295.582366323546,3358.94508160215,563.1501198527404,944.8649501836898,2807.018610431667,3971.013332269457,success,,,4590.0,\\hypatia.uio.no\lh-hf-iln-sociocognitivelab\Research\BabyLearn\french_data_arun\c037_12m_meal_0825.wav,mean_F2_lt_1000
10031,c037,12m,meal,825,un,in,ADS,3.46,0.07,65.57,239.990288273846,235.4022132249309,243.9484533009048,8.546240075973884,540.8985326785079,949.2369012513824,1794.2535572149209,3356.358979782257,531.922620021742,950.9139293745264,1744.1994304584907,3315.254760217066,success,,,4590.0,\\hypatia.uio.no\lh-hf-iln-sociocognitivelab\Research\BabyLearn\french_data_arun\c037_12m_meal_0825.wav,mean_F2_lt_1000
10051,c037,12m,meal,825,prends,an,ADS,28.37,0.1,98.26,203.46892202744127,198.3197850578505,210.34401294690232,12.024227889051788,418.99116753937153,934.2488160290792,2328.345433450749,3648.348514268608,421.980433148442,989.249286925728,1881.791287304948,3384.828738009925,success,,,5170.0,\\hypatia.uio.no\lh-hf-iln-sociocognitivelab\Research\BabyLearn\french_data_arun\c037_12m_meal_0825.wav,mean_F2_lt_1000
10064,c037,12m,meal,825,individuel,in,ADS,32.07,0.07,70.74,207.5633842044544,206.98003222167276,208.08406953715516,1.104037315482401,307.3597531314891,979.753583271223,1886.045808187632,3314.2167321142374,300.7700928108814,982.7296998798048,1809.9378529398737,3265.435491519515,success,,,4590.0,\\hypatia.uio.no\lh-hf-iln-sociocognitivelab\Research\BabyLearn\french_data_arun\c037_12m_meal_0825.wav,mean_F2_lt_1000
10147,c037,12m,meal,825,en,an,ADS,215.1,0.05,54.73,248.3460433347818,247.2631495521942,249.1160679300237,1.852918377829468,651.7706299046757,805.0288702388682,2432.487979792793,3652.35007026967,651.7706299046757,805.0288702388682,2432.487979792793,3652.35007026967,success,,,5170.0,\\hypatia.uio.no\lh-hf-iln-sociocognitivelab\Research\BabyLearn\french_data_arun\c037_12m_meal_0825.wav,mean_F2_lt_1000
10154,c037,12m,meal,825,en,an,ADS,218.61,0.06,63.52,237.51214208604068,236.7963000521613,239.18887219748845,2.392572145327108,604.960428830129,817.92693346804,2758.679408066977,3919.690824406961,612.6637275051132,801.9003343203576,2735.488633095517,3777.7116099705536,success,,,5170.0,\\hypatia.uio.no\lh-hf-iln-sociocognitivelab\Research\BabyLearn\french_data_arun\c037_12m_meal_0825.wav,mean_F2_lt_1000
10156,c037,12m,meal,825,beaucoup,o,ADS,223.3,0.08,76.44,217.46566109607775,215.22356221935925,219.02650987050956,3.802947651150277,364.8614664673688,982.5904296035594,2779.589428815343,3808.740228701867,360.0040321587091,996.3317098328848,2794.795921973665,3837.74843964572,success,,,4660.0,\\hypatia.uio.no\lh-hf-iln-sociocognitivelab\Research\BabyLearn\french_data_arun\c037_12m_meal_0825.wav,mean_F2_lt_1000
10158,c037,12m,meal,825,non,on,ADS,223.93,0.07,69.67,197.11257242514665,196.2910411523597,197.9890297875762,1.697988635216518,566.5575671586239,961.7382292470752,2259.5008436065414,3329.214511997459,555.1882497318346,899.3327644000724,1572.586105554916,3133.21364860684,success,,,4400.0,\\hypatia.uio.no\lh-hf-iln-sociocognitivelab\Research\BabyLearn\french_data_arun\c037_12m_meal_0825.wav,mean_F2_lt_1000
10169,c037,12m,meal,825,non,on,ADS,245.55,0.06,62.62,216.869626954284,216.22703990984425,218.0519441250927,1.8249042152484376,363.4118687883476,808.7519782322727,1835.1433242085611,3323.336725366552,360.8710281198016,807.6413623949226,1801.4787250563368,3311.39075293973,success,,,4400.0,\\hypatia.uio.no\lh-hf-iln-sociocognitivelab\Research\BabyLearn\french_data_arun\c037_12m_meal_0825.wav,mean_F2_lt_1000
10170,c037,12m,meal,825,bon,on,ADS,245.96,0.08,83.68,196.06214605181165,195.24122088467112,197.1537048384323,1.912483953761182,333.17823524770927,756.5789665861478,2102.4037610199894,3319.586583480849,339.88372791674743,754.2650449813405,2116.3527316101136,3280.0524224571463,success,,,4400.0,\\hypatia.uio.no\lh-hf-iln-sociocognitivelab\Research\BabyLearn\french_data_arun\c037_12m_meal_0825.wav,mean_F2_lt_1000
10176,c037,12m,meal,825,idealement,an,ADS,252.93,0.06,63.07,194.5573620579712,189.33660794579248,203.9391355402237,14.602527594431225,366.61682758954686,938.562211571639,2506.1936466580155,3462.514253700067,368.7789588177602,942.9048930945175,2508.1750555964163,3451.557795070039,success,,,5170.0,\\hypatia.uio.no\lh-hf-iln-sociocognitivelab\Research\BabyLearn\french_data_arun\c037_12m_meal_0825.wav,mean_F2_lt_1000
10180,c037,12m,meal,825,ben,in,ADS,256.05,0.15,151.18,171.7467947626962,164.16677772670715,177.80437217699242,13.637594450285263,504.22801104756746,920.1211479894922,2434.053190674268,3585.623746257861,528.7622368695517,935.3720298363332,2622.8934655986977,3771.3184467477504,success,,,4590.0,\\hypatia.uio.no\lh-hf-iln-sociocognitivelab\Research\BabyLearn\french_data_arun\c037_12m_meal_0825.wav,mean_F2_lt_1000
10184,c037,12m,meal,825,non,on,ADS,264.2,0.09,91.2,217.40426507985927,211.86408331372587,220.88823574273556,9.02415242900966,622.216322009793,986.1701560832114,1426.066143570476,3204.0301796346407,645.4511589541771,983.1314778854954,1348.7389818278657,3145.116032387946,success,,,4400.0,\\hypatia.uio.no\lh-hf-iln-sociocognitivelab\Research\BabyLearn\french_data_arun\c037_12m_meal_0825.wav,mean_F2_lt_1000
10195,c037,12m,meal,825,selon,on,ADS,289.37,0.1,101.42,243.26698919469587,241.331339073639,244.575923514625,3.244584440986017,447.01296180000014,744.8478895832385,2136.258559135273,3090.8901470648216,476.3152921784098,481.0300607966344,2058.9472179453182,3137.4785521276194,success,,,4400.0,\\hypatia.uio.no\lh-hf-iln-sociocognitivelab\Research\BabyLearn\french_data_arun\c037_12m_meal_0825.wav,mean_F2_lt_1000
10197,c037,12m,meal,825,en,an,ADS,290.27,0.09,86.33,200.61101822756268,196.64510358860605,203.01856632197172,6.373462733365699,250.89866446694836,816.4401871929557,2379.877732252235,3456.064308194601,265.2171939056628,820.7830494070606,2449.10454436944,3450.2510254753174,success,,,5170.0,\\hypatia.uio.no\lh-hf-iln-sociocognitivelab\Research\BabyLearn\french_data_arun\c037_12m_meal_0825.wav,mean_F2_lt_1000
10198,c037,12m,meal,825,en,an,ADS,291.33,0.06,61.43,200.73755884531653,199.3486169429739,201.82520070588333,2.476583762909428,365.5900857167941,778.4130000664305,2427.862037301205,3530.7476829815546,367.8893191749167,777.4095087478058,2410.8211146301246,3549.2985968901244,success,,,5170.0,\\hypatia.uio.no\lh-hf-iln-sociocognitivelab\Research\BabyLearn\french_data_arun\c037_12m_meal_0825.wav,mean_F2_lt_1000
10199,c037,12m,meal,825,prends,an,ADS,291.57,0.08,79.61,238.762710920345,236.57206002121845,240.67566573440888,4.103605713190433,536.023320155602,623.4949562557496,2308.473181737451,3679.214225102647,546.2662925956022,609.0361455238585,2193.286558158697,3603.800632767475,success,,,5170.0,\\hypatia.uio.no\lh-hf-iln-sociocognitivelab\Research\BabyLearn\french_data_arun\c037_12m_meal_0825.wav,mean_F2_lt_1000
10200,c037,12m,meal,825,en,an,ADS,291.88,0.06,62.85,209.12098384682488,207.3991711559005,209.8736417317074,2.4744705758068903,228.1213975243217,936.7978647783012,2627.974291088688,3492.433289232223,229.56495121493813,936.0283225259404,2649.25786599985,3485.3450080563366,success,,,5170.0,\\hypatia.uio.no\lh-hf-iln-sociocognitivelab\Research\BabyLearn\french_data_arun\c037_12m_meal_0825.wav,mean_F2_lt_1000
10219,c037,12m,play,1945,ours,ou,IDS,138.07,0.1,99.68,300.8436414625379,296.88383285728713,304.3560046559178,7.472171798630654,497.0748454751396,905.3709895098488,2286.39529359289,3532.531111162968,404.5247133567375,876.77276392374,2289.417995460466,3640.886304248793,success,,,4670.0,\\hypatia.uio.no\lh-hf-iln-sociocognitivelab\Research\BabyLearn\french_data_arun\c037_12m_play_1945.wav,mean_F2_lt_1000
10229,c037,12m,play,1945,gateau,o,IDS,173.03,0.13,130.52,283.33596197978545,101.6493130301888,402.2180559664566,300.56874293626777,448.9777387972936,922.3396848793489,2260.443820969636,3274.9690167924964,442.52710155133735,927.9557858807016,2302.66886552004,3231.55605652224,success,,,4660.0,\\hypatia.uio.no\lh-hf-iln-sociocognitivelab\Research\BabyLearn\french_data_arun\c037_12m_play_1945.wav,mean_F2_lt_1000
10233,c037,12m,play,1945,savon,on,IDS,195.34,0.36,356.91,259.72676474863897,255.89848269484372,262.86029493548136,6.961812240637613,625.7058274212292,802.722600122416,2358.573225503716,3259.7112127842797,702.4777723334417,1074.8290401155564,2670.437395833613,3662.05139682844,success,,,4400.0,\\hypatia.uio.no\lh-hf-iln-sociocognitivelab\Research\BabyLearn\french_data_arun\c037_12m_play_1945.wav,mean_F2_lt_1000
10258,c037,12m,play,1945,bon,on,IDS,273.01,0.13,132.05,298.05385954305524,291.80815917841164,306.4385464190735,14.630387240661832,316.90334802764755,992.0665372031192,2144.298640378743,3130.6616086865747,307.2107444231099,1017.2158276519564,2129.6847706066405,3041.1984141039443,success,,,4400.0,\\hypatia.uio.no\lh-hf-iln-sociocognitivelab\Research\BabyLearn\french_data_arun\c037_12m_play_1945.wav,mean_F2_lt_1000
10278,c037,12m,play,1945,oh,o,IDS,298.81,0.19,191.07,298.7260360809884,290.1088261253223,308.6250273716666,18.51620124634428,370.8305891612377,891.8380517305366,2286.366589068369,3309.3452933342246,336.8094167222502,887.3365496569882,2156.138931209589,3353.9379922461217,success,,,4660.0,\\hypatia.uio.no\lh-hf-iln-sociocognitivelab\Research\BabyLearn\french_data_arun\c037_12m_play_1945.wav,mean_F2_lt_1000
10296,c037,4m,meal,720,un,in,IDS,29.93,0.06,62.21,242.7262466379556,239.74291429381063,245.52615167685252,5.7832373830419215,457.4088302752348,936.3181021093033,2140.903830100742,3222.6629589269805,454.381953819962,930.367067410598,2090.5041283434807,3208.651207421616,success,,,4590.0,\\hypatia.uio.no\lh-hf-iln-sociocognitivelab\Research\BabyLearn\french_data_arun\c037_4m_meal_0720.wav,mean_F2_lt_1000
10305,c037,4m,meal,720,gros,o,ADS,40.49,0.05,54.01,215.53092600687356,212.48423913563036,218.01734050744088,5.533101371810545,423.716639178499,882.495231535654,2527.793710299863,3517.5359375067937,423.716639178499,882.495231535654,2527.793710299863,3517.5359375067937,success,,,4660.0,\\hypatia.uio.no\lh-hf-iln-sociocognitivelab\Research\BabyLearn\french_data_arun\c037_4m_meal_0720.wav,mean_F2_lt_1000
10309,c037,4m,meal,720,prendre,an,ADS,53.44,0.06,59.34,211.28210322504077,208.68277657625524,214.1256612660406,5.442884689785359,459.1100452406216,954.6667636743456,2756.942212172571,4086.506138801604,461.3795787489147,957.1921496314644,2747.519341064981,4096.72739785995,success,,,5170.0,\\hypatia.uio.no\lh-hf-iln-sociocognitivelab\Research\BabyLearn\french_data_arun\c037_4m_meal_0720.wav,mean_F2_lt_1000
10344,c037,4m,meal,720,on,on,IDS,162.32,0.05,51.93,213.45084944836933,212.14012512807403,214.54056299787524,2.400437869801209,341.1182309060507,985.258102195356,1220.8987859426293,2889.2906246569983,341.1182309060507,985.258102195356,1220.8987859426293,2889.2906246569983,success,,,4400.0,\\hypatia.uio.no\lh-hf-iln-sociocognitivelab\Research\BabyLearn\french_data_arun\c037_4m_meal_0720.wav,mean_F2_lt_1000
10364,c037,4m,meal,720,biberon,on,IDS,297.09,0.23,228.26,228.92204465743663,210.510834286149,257.66287537051346,47.15204108436447,479.3740382467499,803.8664974086389,2100.5467204472834,3224.55306108586,481.7774467900864,768.333316658754,1993.6579254244211,3171.638572026942,success,,,4400.0,\\hypatia.uio.no\lh-hf-iln-sociocognitivelab\Research\BabyLearn\french_data_arun\c037_4m_meal_0720.wav,mean_F2_lt_1000
10394,c037,4m,meal,725,un,in,IDS,264.95,0.08,80.75,229.29002364246327,224.4205773697386,234.18809139735663,9.767514027618065,569.593830604849,984.8519397440826,2345.8720952199246,3229.781213718501,560.8466437834023,980.3766944310096,2356.705452842777,3438.396870123724,success,,,4590.0,\\hypatia.uio.no\lh-hf-iln-sociocognitivelab\Research\BabyLearn\french_data_arun\c037_4m_meal_0725.wav,mean_F2_lt_1000
10396,c037,4m,meal,725,oh,o,IDS,287.94,0.51,512.2,213.2301329196676,180.1803642868568,272.18575728782224,92.00539300096546,474.7188835510115,897.4938154742773,2374.4171771365664,3324.725633726081,438.6098332962824,1010.2559428082682,2513.6928652854763,3012.902369125284,success,,,4660.0,\\hypatia.uio.no\lh-hf-iln-sociocognitivelab\Research\BabyLearn\french_data_arun\c037_4m_meal_0725.wav,mean_F2_lt_1000
10425,c037,4m,meal,730,aller,e,IDS,94.87,0.16,156.86,111.8733269591796,111.81015601288578,111.93649790547344,0.1263418925876465,1719.9762320364175,2942.6175060652345,4101.026410328339,5246.424263666443,469.1259905118893,2599.442964392745,3110.1759510394963,4566.617075799589,success,,,6580.0,\\hypatia.uio.no\lh-hf-iln-sociocognitivelab\Research\BabyLearn\french_data_arun\c037_4m_meal_0730.wav,mean_F1_gt_1500
10441,c037,4m,meal,730,non,on,IDS,236.08,0.31,313.68,187.49436311047512,99.79320542625057,203.1458648870695,103.35265946081896,517.8641875276631,923.690851251682,2210.1938741811105,3205.377367368884,501.4476826980756,863.9009700600335,1891.809858519556,3357.810974338679,success,,,4400.0,\\hypatia.uio.no\lh-hf-iln-sociocognitivelab\Research\BabyLearn\french_data_arun\c037_4m_meal_0730.wav,mean_F2_lt_1000
10459,c037,8m,bath,1845,ton,on,IDS,150.26,0.13,127.72,233.41704884412383,224.20176692049583,242.3510327435545,18.14926582305867,302.8342508915157,948.0125249510062,1922.379358421437,3003.918307551658,283.93731647706414,952.8542016692396,1885.3635971566384,2911.907046605685,success,,,4400.0,\\hypatia.uio.no\lh-hf-iln-sociocognitivelab\Research\BabyLearn\french_data_arun\c037_8m_bath_1845.wav,mean_F2_lt_1000
10482,c037,8m,bath,1845,ou,ou,IDS,217.45,0.21,207.21,326.2112067424948,318.0133080226099,346.00469514761875,27.991387125008828,450.6679268696601,984.7263577115652,2391.4678109910046,3435.7671226744733,365.5279239216516,968.1349072390956,2278.065164079685,3348.250230192798,success,,,4670.0,\\hypatia.uio.no\lh-hf-iln-sociocognitivelab\Research\BabyLearn\french_data_arun\c037_8m_bath_1845.wav,mean_F2_lt_1000
10483,c037,8m,bath,1845,on,on,IDS,217.66,0.14,144.21,323.2619492509897,307.6698461990852,335.8959700871266,28.2261238880414,505.5312060401189,965.1700341580306,2576.789676560028,3276.5805010031413,617.0150150298858,967.92181958874,2836.2667723054724,3329.707137064233,success,,,4400.0,\\hypatia.uio.no\lh-hf-iln-sociocognitivelab\Research\BabyLearn\french_data_arun\c037_8m_bath_1845.wav,mean_F2_lt_1000
10487,c037,8m,bath,1845,on,on,IDS,226.06,0.07,69.03,244.8925261414328,243.56711316042137,246.73017222665345,3.16305906623208,474.973950842654,802.6452871761848,2311.4349316338808,3399.100051083053,479.4427986623394,797.5396286386194,2366.7994971417947,3450.0844684916533,success,,,4400.0,\\hypatia.uio.no\lh-hf-iln-sociocognitivelab\Research\BabyLearn\french_data_arun\c037_8m_bath_1845.wav,mean_F2_lt_1000
10508,c037,8m,bath,1850,oh,o,IDS,260.96,0.15,153.39,261.360119251476,247.0159012981752,269.81966499011054,22.80376369193533,529.329428368226,988.9453565420848,2460.543290553053,3565.6384481101986,531.2426910574031,983.2153170763004,2353.494040112204,3718.3567701688617,success,,,4660.0,\\hypatia.uio.no\lh-hf-iln-sociocognitivelab\Research\BabyLearn\french_data_arun\c037_8m_bath_1850.wav,mean_F2_lt_1000
10522,c037,8m,bath,1850,racontes,on,IDS,286.26,0.07,74.01,303.5539520724273,292.6611760848446,314.33566210057904,21.67448601573443,661.3247909095833,966.5333451469428,2329.4874158705884,3176.2252761091167,573.314668255659,911.47233204138,2296.6816592749387,2998.018076833433,success,,,4400.0,\\hypatia.uio.no\lh-hf-iln-sociocognitivelab\Research\BabyLearn\french_data_arun\c037_8m_bath_1850.wav,mean_F2_lt_1000
10527,c037,8m,bath,1855,ongles,on,IDS,21.13,0.14,138.1,225.99803600777705,214.28005668020532,230.26458611850543,15.984529438300116,307.87875238598923,739.4922329381251,1755.7061794512426,3028.5563480569035,305.01512759683106,732.1840029750864,1608.4619836405034,2991.512420905243,success,,,4400.0,\\hypatia.uio.no\lh-hf-iln-sociocognitivelab\Research\BabyLearn\french_data_arun\c037_8m_bath_1855.wav,mean_F2_lt_1000
10536,c037,8m,bath,1855,avant,an,IDS,108.94,0.06,64.2,278.8486231277363,265.29353112647505,290.36073169734334,25.06720057086829,553.0202475985928,850.8265291762019,2661.470659793917,3563.3288594901123,553.1838519338944,851.8206177161392,2686.480628524308,3542.863324770748,success,,,5170.0,\\hypatia.uio.no\lh-hf-iln-sociocognitivelab\Research\BabyLearn\french_data_arun\c037_8m_bath_1855.wav,mean_F2_lt_1000
10548,c037,8m,bath,1855,biberon,on,IDS,160.14,0.1,101.98,207.45349671200077,203.5406118294988,216.35989162081668,12.81927979131791,397.1019584305433,696.1743248002161,1986.647343166045,2998.2194744736453,546.7276211780724,549.9169593131262,1881.705774697661,2426.9157521322218,success,,,4400.0,\\hypatia.uio.no\lh-hf-iln-sociocognitivelab\Research\BabyLearn\french_data_arun\c037_8m_bath_1855.wav,mean_F2_lt_1000
10578,c040,12m,meal,915,oh,o,IDS,290.82,0.06,60.41,209.3750766081042,200.75800089208025,217.0940883276629,16.336087435582613,390.2810111429757,997.1960777952596,2418.370460182253,3656.267089597044,391.3043122048879,997.429589854522,2403.8787517197284,3651.797134330469,success,,,5020.0,\\hypatia.uio.no\lh-hf-iln-sociocognitivelab\Research\BabyLearn\french_data_arun\c040_12m_meal_0915.wav,mean_F2_lt_1000
10580,c040,12m,meal,915,bon,on,IDS,291.27,0.08,81.06,154.38652449685424,140.03168334039745,165.8696051869982,25.83792184660075,465.0322399004931,990.741525237574,2207.7127942046686,3365.212360222214,478.5481382277388,1045.4571835563504,2197.873788096315,3369.6068380877527,success,,,4690.0,\\hypatia.uio.no\lh-hf-iln-sociocognitivelab\Research\BabyLearn\french_data_arun\c040_12m_meal_0915.wav,mean_F2_lt_1000
10582,c040,12m,meal,915,biberon,on,IDS,291.89,0.09,86.09,131.2159561158526,126.92180370296845,133.7034645449647,6.781660841996271,539.3272737313273,926.35277659059,2485.4534124630795,3495.2984992757424,520.3620561288922,1352.0860277647253,2538.0295661608648,3724.78701623353,success,,,4690.0,\\hypatia.uio.no\lh-hf-iln-sociocognitivelab\Research\BabyLearn\french_data_arun\c040_12m_meal_0915.wav,mean_F2_lt_1000
10672,c040,12m,play,1205,on,on,IDS,261.47,0.05,52.99,168.1399342513375,167.93802876344498,168.4840801800134,0.5460514165684174,491.81199085733016,917.146231686734,2307.1175620441977,3396.0744763493267,491.81199085733016,917.146231686734,2307.1175620441977,3396.0744763493267,success,,,4690.0,\\hypatia.uio.no\lh-hf-iln-sociocognitivelab\Research\BabyLearn\french_data_arun\c040_12m_play_1205.wav,mean_F2_lt_1000
10714,c040,4m,meal,835,daccord,au,IDS,23.05,0.1,102.44,316.79672384729616,314.5688282356903,320.0527257337209,5.483897498030558,610.341554100068,964.3372471753498,2180.472777089808,3254.0824012658545,585.1990020464082,947.9267468930724,2186.356570473099,3203.58114588361,success,,,4400.0,\\hypatia.uio.no\lh-hf-iln-sociocognitivelab\Research\BabyLearn\french_data_arun\c040_4m_meal_0835.wav,mean_F2_lt_1000
10736,c040,4m,meal,835,biberon,on,IDS,151.46,0.06,60.37,476.6364819970729,445.06629560039374,505.1738123637432,60.10751676334945,484.2037496352445,961.9232975126424,2356.0149799895926,3360.0818962648077,483.4173711751919,958.3468264559428,2349.9858759037647,3359.7185774021987,success,,,4690.0,\\hypatia.uio.no\lh-hf-iln-sociocognitivelab\Research\BabyLearn\french_data_arun\c040_4m_meal_0835.wav,mean_F2_lt_1000
10770,c040,4m,meal,845,olalalala_4,a,IDS,293.07,0.08,75.59,214.1310845083386,209.15562894959004,216.53128416222955,7.375655212639515,670.7060017076996,909.6140767052945,3039.529333557209,4220.343789202708,667.0903640506328,920.8862819428869,3056.877903265014,4295.69706509463,success,,,5740.0,\\hypatia.uio.no\lh-hf-iln-sociocognitivelab\Research\BabyLearn\french_data_arun\c040_4m_meal_0845.wav,mean_F2_lt_1000
10813,c040,8m,meal,1125,pour,ou,IDS,109.37,0.06,58.12,286.58468142476625,274.4827107077317,296.1664675634486,21.683756855716865,594.5736289072128,940.4755018459364,2206.861427726584,3382.732750868196,598.4831589534535,939.5741004834392,2194.3166218907945,3371.536524654576,success,,,4790.0,\\hypatia.uio.no\lh-hf-iln-sociocognitivelab\Research\BabyLearn\french_data_arun\c040_8m_meal_1125.wav,mean_F2_lt_1000
10814,c040,8m,meal,1125,installer,in,IDS,109.51,0.06,62.9,280.1733360463012,278.46001568360685,283.6821441165184,5.222128432911518,702.4165563838534,984.3717465793128,1311.8790530740034,3149.781677253377,704.3190900644219,967.173391776995,1317.687344951814,3147.242379110128,success,,,4610.0,\\hypatia.uio.no\lh-hf-iln-sociocognitivelab\Research\BabyLearn\french_data_arun\c040_8m_meal_1125.wav,mean_F2_lt_1000
10819,c040,8m,meal,1125,seconde,on,IDS,111.65,0.11,111.71,394.1731757642488,380.0803128525867,406.2845572218213,26.204244369234573,455.2171661064116,836.6157221246409,2354.2982138563707,3201.3991425174904,451.6183386976881,831.431323360802,2423.6764120855028,3154.5036443484146,success,,,4690.0,\\hypatia.uio.no\lh-hf-iln-sociocognitivelab\Research\BabyLearn\french_data_arun\c040_8m_meal_1125.wav,mean_F2_lt_1000
10822,c040,8m,meal,1125,seconde,on,IDS,116.26,0.06,56.47,432.8403083125292,423.3929427711987,438.4212224748813,15.028279703682584,476.1335318100558,904.3292756372848,2510.4699811530204,3467.2422473285283,468.05440265547,900.0330316882004,2467.112265850629,3400.900172142005,success,,,4690.0,\\hypatia.uio.no\lh-hf-iln-sociocognitivelab\Research\BabyLearn\french_data_arun\c040_8m_meal_1125.wav,mean_F2_lt_1000
10828,c040,8m,meal,1125,on,on,IDS,120.35,0.05,52.72,260.75056427777946,255.38685239058103,264.42759613498697,9.040743744405916,651.5247513047269,889.7885784875817,2010.1464988127125,3010.738921826095,651.5247513047269,889.7885784875817,2010.1464988127125,3010.738921826095,success,,,4690.0,\\hypatia.uio.no\lh-hf-iln-sociocognitivelab\Research\BabyLearn\french_data_arun\c040_8m_meal_1125.wav,mean_F2_lt_1000
10835,c040,8m,meal,1125,non,on,ADS,132.14,0.05,52.7,245.3429646860176,238.25080364169463,251.2474499849745,12.996646343279878,528.9027889270279,778.2372332019173,2397.854907432191,3129.812303457696,528.9027889270279,778.2372332019173,2397.854907432191,3129.812303457696,success,,,4690.0,\\hypatia.uio.no\lh-hf-iln-sociocognitivelab\Research\BabyLearn\french_data_arun\c040_8m_meal_1125.wav,mean_F2_lt_1000
10836,c040,8m,meal,1125,on,on,ADS,132.43,0.05,52.46,190.26152542230972,187.6192453656579,192.53394758653516,4.9147022208772455,544.0657285555683,900.7429665389308,2288.056543671535,2942.136131786549,544.0657285555683,900.7429665389308,2288.056543671535,2942.136131786549,success,,,4690.0,\\hypatia.uio.no\lh-hf-iln-sociocognitivelab\Research\BabyLearn\french_data_arun\c040_8m_meal_1125.wav,mean_F2_lt_1000
10851,c040,8m,meal,1125,oh,o,IDS,224.35,0.11,109.75,256.9109114315994,237.6552334247446,270.52897234025824,32.87373891551363,514.4230875322575,950.8731329629512,2551.796897816835,3456.513689651664,521.3309780232237,937.4741143811826,2578.7041573582205,3429.315299075831,success,,,5020.0,\\hypatia.uio.no\lh-hf-iln-sociocognitivelab\Research\BabyLearn\french_data_arun\c040_8m_meal_1125.wav,mean_F2_lt_1000
10852,c040,8m,meal,1125,bonjour,on,IDS,245.6,0.09,91.23,123.73100419688755,103.82505091966624,183.1723222373299,79.34727131766364,518.6133242898555,948.5299949117806,2436.1012903782603,3406.21325953838,530.6855460254892,930.8082902470828,2658.0452462788016,3151.405868165932,success,,,4690.0,\\hypatia.uio.no\lh-hf-iln-sociocognitivelab\Research\BabyLearn\french_data_arun\c040_8m_meal_1125.wav,mean_F2_lt_1000
10861,c040,8m,meal,1125,trouve,ou,ADS,265.34,0.05,53.23,107.42142249760538,105.77125610374456,109.71775997896218,3.94650387521763,496.6370804630331,994.089904342306,2496.077288667188,3090.288152421703,496.6370804630331,994.089904342306,2496.077288667188,3090.288152421703,success,,,4790.0,\\hypatia.uio.no\lh-hf-iln-sociocognitivelab\Research\BabyLearn\french_data_arun\c040_8m_meal_1125.wav,mean_F2_lt_1000
10863,c040,8m,meal,1125,porter,au,ADS,273.46,0.05,51.41,105.88870679057182,104.3864188437639,107.98248274240544,3.596063898641546,601.3123715437423,979.9584192216606,2323.179812800239,3270.968294884948,601.3123715437423,979.9584192216606,2323.179812800239,3270.968294884948,success,,,4400.0,\\hypatia.uio.no\lh-hf-iln-sociocognitivelab\Research\BabyLearn\french_data_arun\c040_8m_meal_1125.wav,mean_F2_lt_1000
10876,c040,8m,meal,1130,en,an,ADS,17.24,0.25,249.84,209.66559191457307,203.0896622908622,216.3671971966797,13.277534905817532,649.7630733467828,984.0710599612707,2523.2431636867927,3672.878551693492,629.4023768753153,1045.39289620261,2422.0813068851007,3702.889188654368,success,,,4880.0,\\hypatia.uio.no\lh-hf-iln-sociocognitivelab\Research\BabyLearn\french_data_arun\c040_8m_meal_1130.wav,mean_F2_lt_1000
10887,c040,8m,meal,1130,mon,on,IDS,76.12,0.05,52.55,267.254620159786,264.23282949269367,270.3057963927381,6.072966900044435,527.0590714519177,660.4171219736897,2160.207591048917,3096.784995720903,527.0590714519177,660.4171219736897,2160.207591048917,3096.784995720903,success,,,4690.0,\\hypatia.uio.no\lh-hf-iln-sociocognitivelab\Research\BabyLearn\french_data_arun\c040_8m_meal_1130.wav,mean_F2_lt_1000
10891,c040,8m,meal,1130,en,an,ADS,78.1,0.06,61.55,184.4797276724448,177.13902682541317,193.49047503551964,16.35144821010647,558.152304374805,980.2206741086338,2374.511408262065,3260.2993421484507,559.9009702571329,976.0505109194836,2369.864628554627,3316.239704095168,success,,,4880.0,\\hypatia.uio.no\lh-hf-iln-sociocognitivelab\Research\BabyLearn\french_data_arun\c040_8m_meal_1130.wav,mean_F2_lt_1000
10900,c040,8m,meal,1130,tot,o,ADS,90.11,0.12,117.32,183.0855066392728,171.66533740316538,197.60058008891525,25.93524268574987,505.71486859892696,883.4621664703974,2686.088710986543,3557.179371833084,500.1042741074604,827.5960091634677,2808.085808046388,3251.3860617225705,success,,,5020.0,\\hypatia.uio.no\lh-hf-iln-sociocognitivelab\Research\BabyLearn\french_data_arun\c040_8m_meal_1130.wav,mean_F2_lt_1000
10922,c040,8m,meal,1130,emporter,au,ADS,149.98,0.06,59.87,110.13323805463726,109.66363527625704,110.98619017848712,1.322554902230081,597.992509803015,889.800065209062,2605.922232242452,3461.358076843312,601.4430611252712,889.4555086987928,2604.148356016657,3584.7318524454868,success,,,4400.0,\\hypatia.uio.no\lh-hf-iln-sociocognitivelab\Research\BabyLearn\french_data_arun\c040_8m_meal_1130.wav,mean_F2_lt_1000
10923,c040,8m,meal,1130,boulot,ou,ADS,150.27,0.06,57.55,110.83338146438696,109.68146733843196,112.08494322805124,2.403475889619287,440.3826171067993,899.1026987209946,2372.55312882761,3268.522927031006,437.9611834282189,869.2070048455096,2388.050649641304,3267.467434837961,success,,,4790.0,\\hypatia.uio.no\lh-hf-iln-sociocognitivelab\Research\BabyLearn\french_data_arun\c040_8m_meal_1130.wav,mean_F2_lt_1000
10941,c040,8m,meal,1130,bain,in,ADS,202.24,0.09,94.12,150.75931866969296,149.64767587379194,151.85361645951494,2.205940585722999,521.9998213072295,817.0005334836825,2285.843202547998,3338.1062996855267,545.8532723633666,740.0206152986083,2230.356713833196,3173.737230169302,success,,,4610.0,\\hypatia.uio.no\lh-hf-iln-sociocognitivelab\Research\BabyLearn\french_data_arun\c040_8m_meal_1130.wav,mean_F2_lt_1000
10965,c040,8m,meal,1130,en,an,ADS,265.33,0.07,74.63,229.48691303418423,224.07186340179751,235.80757230009843,11.735708898300912,661.171469655176,764.8441052514711,2332.3436179401037,3351.155724979758,675.4234761194723,818.6939941664175,2327.7945174776014,3323.865351422589,success,,,4880.0,\\hypatia.uio.no\lh-hf-iln-sociocognitivelab\Research\BabyLearn\french_data_arun\c040_8m_meal_1130.wav,mean_F2_lt_1000
10966,c040,8m,meal,1130,profiter,au,ADS,265.49,0.06,56.19,107.30982568199458,102.46560380089718,111.42852303378754,8.962919232890357,521.8936676775974,923.1702688020064,2547.5961320886986,3365.7385300504748,524.3699360658719,906.5048136047584,2534.888339879889,3608.348489871124,success,,,4400.0,\\hypatia.uio.no\lh-hf-iln-sociocognitivelab\Research\BabyLearn\french_data_arun\c040_8m_meal_1130.wav,mean_F2_lt_1000
10967,c040,8m,meal,1130,pour,ou,ADS,265.83,0.06,55.25,212.78973422500047,207.19816442284545,224.4823552228161,17.284190799970645,533.7171433970659,826.5513757124642,2278.683096725458,3423.767596939121,527.1526528471097,831.8691972047649,2331.5033253070105,3452.616049831435,success,,,4790.0,\\hypatia.uio.no\lh-hf-iln-sociocognitivelab\Research\BabyLearn\french_data_arun\c040_8m_meal_1130.wav,mean_F2_lt_1000
10976,c040,8m,meal,1130,route,ou,ADS,274.87,0.05,53.07,102.55760890696796,101.81614279023962,103.36703472995752,1.5508919397178855,408.74155787033646,970.6558629524978,2635.146602550241,3353.7125622961653,408.74155787033646,970.6558629524978,2635.146602550241,3353.7125622961653,success,,,4790.0,\\hypatia.uio.no\lh-hf-iln-sociocognitivelab\Research\BabyLearn\french_data_arun\c040_8m_meal_1130.wav,mean_F2_lt_1000
10978,c040,8m,meal,1130,pendant_1,an,ADS,275.17,0.06,63.04,172.14525399635085,170.1771899271057,174.15142934477134,3.9742394176656433,549.4885934755167,872.2956858448309,2299.1573974702787,3358.678154919612,550.9621992851283,871.2407334669808,2301.7858384705355,3322.2625412048,success,,,4880.0,\\hypatia.uio.no\lh-hf-iln-sociocognitivelab\Research\BabyLearn\french_data_arun\c040_8m_meal_1130.wav,mean_F2_lt_1000
10983,c040,8m,meal,1130,non,on,ADS,280.36,0.08,83.02,228.52689991179471,224.67746674068772,231.86491399438376,7.187447253696035,581.7850256975657,652.7386234952675,2329.690052310955,3279.363153077204,626.6155193964072,649.8879535050833,2223.749924866624,3242.0470413101298,success,,,4690.0,\\hypatia.uio.no\lh-hf-iln-sociocognitivelab\Research\BabyLearn\french_data_arun\c040_8m_meal_1130.wav,mean_F2_lt_1000
11037,c040,8m,meal,1135,sent,an,IDS,94.75,0.08,78.09,172.98403368405368,168.9983532762827,180.86051656819765,11.862163291914952,556.1340638641155,921.0362473109956,2298.076430738577,3168.0715835617075,577.8453457496561,932.3887674650208,2206.638685527726,3103.831394248192,success,,,4880.0,\\hypatia.uio.no\lh-hf-iln-sociocognitivelab\Research\BabyLearn\french_data_arun\c040_8m_meal_1135.wav,mean_F2_lt_1000
11054,c040,8m,meal,1135,fous,ou,ADS,143.49,0.15,152.57,138.0499816817296,100.46406267364593,173.39455154864024,72.93048887499432,466.6345039339329,842.2262624248152,2290.631485533245,3271.337920531698,490.1599327086168,948.8376297511688,2410.824027521392,3447.486085980343,success,,,4790.0,\\hypatia.uio.no\lh-hf-iln-sociocognitivelab\Research\BabyLearn\french_data_arun\c040_8m_meal_1135.wav,mean_F2_lt_1000
11133,c040,8m,meal,1140,alors,au,IDS,175.99,0.12,121.86,249.80431059855815,246.31661982644275,255.77226922263196,9.455649396189187,567.5097321978265,972.2093297460918,1907.1693680151052,2976.2262778768963,554.7945179745129,1212.6410914381377,2266.2877097091523,3368.1379891145707,success,,,4400.0,\\hypatia.uio.no\lh-hf-iln-sociocognitivelab\Research\BabyLearn\french_data_arun\c040_8m_meal_1140.wav,mean_F2_lt_1000
11149,c040,8m,meal,1140,bon,on,IDS,289.68,0.1,95.69,420.88076150383415,293.0432431602509,529.9517109285312,236.90846776828027,500.8610454363081,959.8548882004698,2040.1746497645197,3317.3906152810714,498.0668476570904,978.238241869519,2046.9327449856016,3244.479590300451,success,,,4690.0,\\hypatia.uio.no\lh-hf-iln-sociocognitivelab\Research\BabyLearn\french_data_arun\c040_8m_meal_1140.wav,mean_F2_lt_1000
11407,c044,12m,meal,1340,yaourt,ou,IDS,58.21,0.05,51.48,241.5140143559082,239.6809666212753,243.00675790722048,3.325791285945172,483.42561870851097,978.8045383305767,2139.9338825214386,3066.17360977175,483.42561870851097,978.8045383305767,2139.9338825214386,3066.17360977175,success,,,4590.0,\\hypatia.uio.no\lh-hf-iln-sociocognitivelab\Research\BabyLearn\french_data_arun\c044_12m_meal_1340.wav,mean_F2_lt_1000
11484,c044,8m,meal,1320,un,in,IDS,127.48,0.1,96.06,260.9341330339347,238.9964988428808,281.9245152017764,42.928016358895576,635.0943265908833,950.0081103464648,2788.998625266377,3616.5470373867793,722.8633134859568,783.9246082118959,2755.580031692272,3580.599757145452,success,,,5010.0,\\hypatia.uio.no\lh-hf-iln-sociocognitivelab\Research\BabyLearn\french_data_arun\c044_8m_meal_1320.wav,mean_F2_lt_1000
11570,c044,8m,meal,1330,je,oe,IDS,109.04,0.05,53.02,203.3344902065778,200.1455593993537,206.38136464344697,6.235805244093314,519.4866759313455,954.7160501967256,2774.1965196587253,4001.707185763471,519.4866759313455,954.7160501967256,2774.1965196587253,4001.707185763471,success,,,5620.0,\\hypatia.uio.no\lh-hf-iln-sociocognitivelab\Research\BabyLearn\french_data_arun\c044_8m_meal_1330.wav,mean_F2_lt_1000
11577,c044,8m,meal,1330,impression,on,ADS,140.6,0.1,99.29,299.9502066320052,292.6615405843337,304.8560564189021,12.194515834568392,545.635714626063,835.1270126359304,2397.840741897141,3819.624142016282,552.6694362340756,865.9066319402993,2355.568470270437,3815.645189053634,success,,,5630.0,\\hypatia.uio.no\lh-hf-iln-sociocognitivelab\Research\BabyLearn\french_data_arun\c044_8m_meal_1330.wav,mean_F2_lt_1000
11598,c044,8m,meal,1330,pour,ou,ADS,184.82,0.08,75.53,246.2687066179442,235.58223985855403,254.19636184880537,18.61412199025133,553.6472432742329,965.197739825754,2201.3085373673844,3298.741839257661,569.7507932405982,1041.509524561356,2222.176328153552,3458.945653408583,success,,,4590.0,\\hypatia.uio.no\lh-hf-iln-sociocognitivelab\Research\BabyLearn\french_data_arun\c044_8m_meal_1330.wav,mean_F2_lt_1000
11610,c044,8m,meal,1330,temps,an,IDS,205.02,0.07,73.07,148.57928873926457,148.0179571444932,149.42053397230387,1.4025768278106625,639.3293683786865,813.1373002811949,2761.768678154196,3863.0093011133386,659.033327199722,918.8010372795916,2755.7220670832835,4190.040164472561,success,,,5010.0,\\hypatia.uio.no\lh-hf-iln-sociocognitivelab\Research\BabyLearn\french_data_arun\c044_8m_meal_1330.wav,mean_F2_lt_1000
11624,c044,8m,meal,1330,beaucoup,ou,ADS,224.4,0.1,101.13,191.94852098007135,186.3729146502668,199.8089721375406,13.436057487273786,413.28150152775777,853.2988993245278,2453.134734009988,3583.670672400682,401.0955694975533,963.497554948284,2507.225477955961,3898.835911728715,success,,,4590.0,\\hypatia.uio.no\lh-hf-iln-sociocognitivelab\Research\BabyLearn\french_data_arun\c044_8m_meal_1330.wav,mean_F2_lt_1000
11682,c045,12m,play,2105,gros,o,IDS,140.31,0.08,76.04,185.6950275156448,179.32772288798472,189.77960801300804,10.451885125023324,375.8608528437034,973.9890755601637,3166.29089220306,4077.9678602125687,377.73990183364657,1019.3755039991596,3200.59801575344,4016.347637599766,success,,,5130.0,\\hypatia.uio.no\lh-hf-iln-sociocognitivelab\Research\BabyLearn\french_data_arun\c045_12m_play_2105.wav,mean_F2_lt_1000
11683,c045,12m,play,2105,ours,ou,IDS,140.47,0.13,130.49,331.38796096580376,283.128437336574,357.02332166061126,73.89488432403726,399.2143588628943,924.4617814757128,2725.898902743153,3879.3279390068574,399.56106245378703,916.9627568678416,2640.4627156961265,3348.7306380868945,success,,,5010.0,\\hypatia.uio.no\lh-hf-iln-sociocognitivelab\Research\BabyLearn\french_data_arun\c045_12m_play_2105.wav,mean_F2_lt_1000
11697,c045,12m,play,2105,ou,ou,IDS,150.5,0.08,77.52,318.40588895286845,304.05526453741726,332.1657871927333,28.11052265531606,454.7371865794411,926.542166202,2513.3442185259964,3656.0230533621375,457.9554779003281,931.5253689946884,2549.656438979433,3682.766353035845,success,,,5010.0,\\hypatia.uio.no\lh-hf-iln-sociocognitivelab\Research\BabyLearn\french_data_arun\c045_12m_play_2105.wav,mean_F2_lt_1000
11702,c045,12m,play,2105,montres,on,IDS,151.96,0.05,51.5,362.4847540838389,342.9593942020276,380.0611053396727,37.101711137645054,435.9395858441415,787.7218543100663,2212.959986075861,3783.106157744271,435.9395858441415,787.7218543100663,2212.959986075861,3783.106157744271,success,,,4420.0,\\hypatia.uio.no\lh-hf-iln-sociocognitivelab\Research\BabyLearn\french_data_arun\c045_12m_play_2105.wav,mean_F2_lt_1000
11704,c045,12m,play,2105,lapin,in,IDS,152.7,0.05,49.81,312.2743942200769,308.3057883606392,316.6996810080445,8.393892647405266,578.1378319508634,912.0543420372984,2932.636601140538,3729.660544274085,578.1378319508634,912.0543420372984,2932.636601140538,3729.660544274085,success,,,5210.0,\\hypatia.uio.no\lh-hf-iln-sociocognitivelab\Research\BabyLearn\french_data_arun\c045_12m_play_2105.wav,mean_F2_lt_1000
11728,c045,12m,play,2105,montres,on,IDS,166.09,0.05,52.16,293.8127412288664,286.8478294699973,298.7275660824373,11.879736612439956,330.8697411686063,876.7540647730368,2036.556828571519,3190.735448607712,330.8697411686063,876.7540647730368,2036.556828571519,3190.735448607712,success,,,4420.0,\\hypatia.uio.no\lh-hf-iln-sociocognitivelab\Research\BabyLearn\french_data_arun\c045_12m_play_2105.wav,mean_F2_lt_1000
11796,c045,12m,play,2105,gros,o,IDS,282.57,0.1,104.29,226.41543834109905,215.05397446412195,232.5891798714828,17.53520540736085,442.6220745335195,809.3375084885234,2934.423363357286,3694.689796370544,413.79955705953375,861.2975255963672,3032.8306400001484,3730.493369334785,success,,,5130.0,\\hypatia.uio.no\lh-hf-iln-sociocognitivelab\Research\BabyLearn\french_data_arun\c045_12m_play_2105.wav,mean_F2_lt_1000
11814,c045,12m,play,2105,on,on,IDS,297.8,0.06,64.63,211.045545840339,209.3463403347352,213.2343314558865,3.887991121151316,236.1203876932302,945.279827850641,2261.692987899427,3293.059354668387,236.189083513897,940.520565409574,2244.809723521575,3310.816617373104,success,,,4420.0,\\hypatia.uio.no\lh-hf-iln-sociocognitivelab\Research\BabyLearn\french_data_arun\c045_12m_play_2105.wav,mean_F2_lt_1000
11842,c045,12m,play,2110,orange,o,IDS,29.5,0.1,100.37,179.9990922787416,99.75552286408812,199.1948011112989,99.43927824721077,369.37675955517307,950.3189640824846,2600.7297825193955,3699.798507777577,368.1750453631537,875.4882051564455,2603.983459526934,3716.05775423369,success,,,5130.0,\\hypatia.uio.no\lh-hf-iln-sociocognitivelab\Research\BabyLearn\french_data_arun\c045_12m_play_2110.wav,mean_F2_lt_1000
11893,c045,12m,play,2110,vautour,ou,IDS,87.33,0.05,52.21,285.4850592495387,280.8640685746944,289.8514432728052,8.987374698110784,337.81694347880165,840.6304299894223,2624.060153618609,3826.961560917712,337.81694347880165,840.6304299894223,2624.060153618609,3826.961560917712,success,,,5010.0,\\hypatia.uio.no\lh-hf-iln-sociocognitivelab\Research\BabyLearn\french_data_arun\c045_12m_play_2110.wav,mean_F2_lt_1000
11936,c045,12m,play,2110,temps,an,IDS,127.61,0.06,61.46,247.31293654683296,244.72356061956924,249.32504839905417,4.601487779484927,648.3442324328967,899.8122256526891,2667.98516199818,3758.199034442842,657.992717935923,891.6788218551404,2656.738528502529,3719.168385777616,success,,,4450.0,\\hypatia.uio.no\lh-hf-iln-sociocognitivelab\Research\BabyLearn\french_data_arun\c045_12m_play_2110.wav,mean_F2_lt_1000
11998,c045,4m,bath,1120,cou,ou,IDS,556.43,0.06,62.45,226.0738841165605,221.6551206741234,234.0111736403119,12.356052966188514,214.3319221250727,985.9305043648296,2479.108689470881,3821.393240527751,207.2223592307909,975.6911892327748,2465.176786997588,3830.275154654372,success,,,5010.0,\\hypatia.uio.no\lh-hf-iln-sociocognitivelab\Research\BabyLearn\french_data_arun\c045_4m_bath_1120.wav,mean_F2_lt_1000
12018,c045,4m,bath,1120,barissement,an,IDS,617.87,0.2,198.46,215.51361264440703,198.45692241421204,220.87938074913927,22.422458334927228,571.0664380138934,955.2086170312,2237.7327159427823,3204.384034093447,415.7010369149954,875.0345336154219,2202.8307784620742,3109.6144067857645,success,,,4450.0,\\hypatia.uio.no\lh-hf-iln-sociocognitivelab\Research\BabyLearn\french_data_arun\c045_4m_bath_1120.wav,mean_F2_lt_1000
12052,c052,12m,bath,2140,non,on,IDS,98.51,0.24,236.68,179.64630665805137,134.1632066584622,280.2743698657855,146.1111632073233,366.6291359971561,949.5067666780836,2517.149539469691,3373.502963200036,370.903875352738,887.7596859117878,2426.4419562701287,3332.5220804540622,success,,,4780.0,\\hypatia.uio.no\lh-hf-iln-sociocognitivelab\Research\BabyLearn\french_data_arun\c052_12m_bath_2140.wav,mean_F2_lt_1000
12070,c052,12m,bath,2140,maintenant,an,IDS,262.12,0.06,58.07,155.26070764142054,153.05949279298815,156.94873548514445,3.889242692156273,476.12990460797073,606.2506664204938,2033.2144530671212,3100.1111233686206,476.9379533560856,635.4422733861468,2036.8298751972752,3095.4760958439497,success,,,4670.0,\\hypatia.uio.no\lh-hf-iln-sociocognitivelab\Research\BabyLearn\french_data_arun\c052_12m_bath_2140.wav,mean_F2_lt_1000
12084,c052,12m,bath,2140,non,on,IDS,267.26,0.1,103.8,165.79088355921505,162.6641213677488,171.982664734195,9.318543366446193,479.6678369912397,931.6014914795188,2729.1362701064245,3325.532245451207,467.8456058130809,921.9593043891068,2712.429203383196,3317.9908429303423,success,,,4780.0,\\hypatia.uio.no\lh-hf-iln-sociocognitivelab\Research\BabyLearn\french_data_arun\c052_12m_bath_2140.wav,mean_F2_lt_1000
12122,c052,12m,play,1035,dans,an,IDS,169.37,0.06,61.64,208.64737420150988,207.32332209710876,210.06799588086216,2.744673783753427,557.646465831471,961.8070164740824,1850.5732270379808,3222.5352575001234,616.3252396243967,1126.2485027782875,2187.302570975681,3528.9937900809946,success,,,4670.0,\\hypatia.uio.no\lh-hf-iln-sociocognitivelab\Research\BabyLearn\french_data_arun\c052_12m_play_1035.wav,mean_F2_lt_1000
12142,c052,12m,play,1035,comment,an,IDS,180.1,0.06,64.51,161.76943560664026,161.46814369535423,162.14840843656972,0.6802647412154954,567.2911615999192,971.9071127587192,2264.986964039478,3063.042451379122,563.0465798877093,971.251489003492,2219.299431711762,3070.659326220327,success,,,4670.0,\\hypatia.uio.no\lh-hf-iln-sociocognitivelab\Research\BabyLearn\french_data_arun\c052_12m_play_1035.wav,mean_F2_lt_1000
12196,c052,12m,play,1035,change,an,IDS,242.13,0.1,97.78,193.4088743952274,174.32905601106816,213.00090151313637,38.67184550206818,494.5116424642489,969.1749960270108,2586.128812344682,3011.1173406946377,464.9622634604938,949.2136616730718,2647.473576735334,2955.0809541791937,success,,,4670.0,\\hypatia.uio.no\lh-hf-iln-sociocognitivelab\Research\BabyLearn\french_data_arun\c052_12m_play_1035.wav,mean_F2_lt_1000
12236,c052,4m,bath,2000,ou,ou,ADS,160.44,0.07,72.16,227.255817573528,223.3966469830553,236.7332997203613,13.336652737305968,517.4023798425068,995.4257489636336,2450.998620363485,3704.108161624676,583.0508232882098,978.2345154240533,2445.758837553375,3683.093998851345,success,,,5180.0,\\hypatia.uio.no\lh-hf-iln-sociocognitivelab\Research\BabyLearn\french_data_arun\c052_4m_bath_2000.wav,mean_F2_lt_1000
12265,c052,4m,bath,2000,maman,an,IDS,337.34,0.1,103.52,393.836377448248,386.27193706127343,400.0480945390154,13.776157477742004,462.5593441848304,830.226338370558,2058.547297503568,3081.182529639877,451.7875888015449,839.9048454213454,2134.289037108115,3152.819969638549,success,,,4670.0,\\hypatia.uio.no\lh-hf-iln-sociocognitivelab\Research\BabyLearn\french_data_arun\c052_4m_bath_2000.wav,mean_F2_lt_1000
12289,c052,4m,bath,2000,trop,o,IDS,673.26,0.06,60.4,206.8880350198424,174.219805857948,239.9562218791551,65.7364160212071,462.8940863421449,982.1141604868632,2759.0832472005486,3708.12109393732,463.4745669559012,982.6111296201884,2810.616912190781,3669.823216089697,success,,,5080.0,\\hypatia.uio.no\lh-hf-iln-sociocognitivelab\Research\BabyLearn\french_data_arun\c052_4m_bath_2000.wav,mean_F2_lt_1000
12290,c052,4m,bath,2000,grand,an,IDS,673.46,0.05,53.29,138.84490604614766,134.88273625476705,144.1446777777852,9.261941523018152,582.6340040118993,918.081405252292,2454.811638873333,3306.236628717314,582.6340040118993,918.081405252292,2454.811638873333,3306.236628717314,success,,,4670.0,\\hypatia.uio.no\lh-hf-iln-sociocognitivelab\Research\BabyLearn\french_data_arun\c052_4m_bath_2000.wav,mean_F2_lt_1000
12306,c053,12m,bath,915,Thibault,o,IDS,91.63,0.08,82.89,260.07232395162214,245.14995047826315,275.5706481496308,30.420697671367662,527.8067039302852,981.703442741454,2797.508946914169,3770.595074817932,522.13421063276,986.100625025068,2817.971497226152,3616.076498119057,success,,,4740.0,\\hypatia.uio.no\lh-hf-iln-sociocognitivelab\Research\BabyLearn\french_data_arun\c053_12m_bath_0915.wav,mean_F2_lt_1000
12312,c053,12m,bath,915,Thibault,o,IDS,94.19,0.14,143.02,321.61914511548576,241.0107405372264,459.15569554198896,218.14495500476252,596.0421128393036,974.4035539678368,2818.097768047491,3812.588113905428,614.8471992245128,1032.619241269479,2857.2363865922125,3834.249213067012,success,,,4740.0,\\hypatia.uio.no\lh-hf-iln-sociocognitivelab\Research\BabyLearn\french_data_arun\c053_12m_bath_0915.wav,mean_F2_lt_1000
12337,c053,12m,bath,915,vraiment,an,ADS,133.03,0.11,114.65,261.1772054039653,257.2799107006856,262.58623387888235,5.306323178196749,803.3089831816313,940.0273760378712,2426.463018644517,3750.6774210663434,900.22777019723,926.2159986016416,2380.2387872200907,3699.7193770381846,success,,,5790.0,\\hypatia.uio.no\lh-hf-iln-sociocognitivelab\Research\BabyLearn\french_data_arun\c053_12m_bath_0915.wav,mean_F2_lt_1000
12371,c053,12m,bath,915,on,on,ADS,252.92,0.09,89.19,179.8909262258314,178.41784979956097,181.9447811500755,3.5269313505145305,570.8984964729286,978.455101697021,2361.193350859829,2774.654977846602,578.2034071817768,965.5578418438226,2336.504582792526,2743.441503790278,success,,,4440.0,\\hypatia.uio.no\lh-hf-iln-sociocognitivelab\Research\BabyLearn\french_data_arun\c053_12m_bath_0915.wav,mean_F2_lt_1000
12386,c053,12m,bath,920,Thibault,o,IDS,125.97,0.08,82.81,169.3154673745997,164.22998355226076,175.64115646786357,11.411172915602805,524.3011220889349,914.1633235703896,2459.777341333508,3513.080034603632,507.48272232469526,952.0049176832522,2529.105070046905,3446.5699324154607,success,,,4740.0,\\hypatia.uio.no\lh-hf-iln-sociocognitivelab\Research\BabyLearn\french_data_arun\c053_12m_bath_0920.wav,mean_F2_lt_1000
12394,c053,12m,meal,910,bon,on,IDS,105.72,0.1,100.91,239.0256758583784,232.3154227717109,243.6756792625302,11.360256490819296,538.8470180995781,792.1478549206162,2332.483584183039,3420.5900954356234,504.3239666185664,794.4324351168756,2260.220453839508,3444.347312992165,success,,,4440.0,\\hypatia.uio.no\lh-hf-iln-sociocognitivelab\Research\BabyLearn\french_data_arun\c053_12m_meal_0910.wav,mean_F2_lt_1000
12403,c053,12m,meal,910,concours,on,IDS,128.82,0.1,95.43,217.4781523096617,214.79518847753005,220.08805955669592,5.292871079165877,430.7802045864488,830.7873189767568,2368.61282444375,3483.457937924516,414.1729512519245,874.0486691797636,2307.28095574537,3233.812738221241,success,,,4440.0,\\hypatia.uio.no\lh-hf-iln-sociocognitivelab\Research\BabyLearn\french_data_arun\c053_12m_meal_0910.wav,mean_F2_lt_1000
12409,c053,12m,meal,910,bouche,ou,IDS,130.13,0.09,87.16,275.82567210158675,254.87896657969404,295.91057236716125,41.031605787467214,383.9810049796874,964.9176927007428,2392.371443915017,3181.3380702310114,389.30920185356285,1018.9496674817264,2408.739295379845,3145.4977487046926,success,,,4640.0,\\hypatia.uio.no\lh-hf-iln-sociocognitivelab\Research\BabyLearn\french_data_arun\c053_12m_meal_0910.wav,mean_F2_lt_1000
12479,c053,4m,bath,1240,complique,on,IDS,37.22,0.08,78.41,172.22489659559588,167.21949703051152,176.27855721650522,9.0590601859937,403.3929317459717,920.5404244464992,2348.9576394764413,3294.8108665345444,417.2112228044721,541.7221235752668,2134.390218018373,3020.248960160869,success,,,4440.0,\\hypatia.uio.no\lh-hf-iln-sociocognitivelab\Research\BabyLearn\french_data_arun\c053_4m_bath_1240.wav,mean_F2_lt_1000
12494,c053,4m,bath,1240,comprends,on,IDS,48.69,0.09,85.1,204.2082622571808,195.1104916016923,210.78805390565307,15.67756230396077,320.34318461841593,752.8783894734227,2235.915924481033,3209.9081506941693,366.02540024570703,918.1623680047252,2334.2611878492407,3286.70876564982,success,,,4440.0,\\hypatia.uio.no\lh-hf-iln-sociocognitivelab\Research\BabyLearn\french_data_arun\c053_4m_bath_1240.wav,mean_F2_lt_1000
12502,c053,4m,bath,1240,ordinateur,au,IDS,57.71,0.08,77.16,163.52987083444273,159.11349968438873,165.74759512754326,6.634095443154536,535.8292067918823,940.1282287799417,2966.874138439482,3600.579855075104,531.5122974640389,936.8729324869768,2975.1369263522924,3585.745147571928,success,,,5100.0,\\hypatia.uio.no\lh-hf-iln-sociocognitivelab\Research\BabyLearn\french_data_arun\c053_4m_bath_1240.wav,mean_F2_lt_1000
12511,c053,4m,bath,1240,couche,ou,IDS,65.21,0.06,61.72,223.33865096755844,211.3847749323628,229.65394509998248,18.26917016761968,377.3756610399158,786.4764469661146,2206.1775882548445,3146.838369249007,388.85284627574873,742.737925268728,2180.145727175718,3201.9942231790287,success,,,4640.0,\\hypatia.uio.no\lh-hf-iln-sociocognitivelab\Research\BabyLearn\french_data_arun\c053_4m_bath_1240.wav,mean_F2_lt_1000
12514,c053,4m,bath,1240,on,on,IDS,73.42,0.08,76.54,227.14464467159,222.1661763452749,232.1575312094371,9.99135486416222,395.2471088167525,707.6834841295364,2193.64462811183,3275.9280994936257,394.52328894645166,680.5277045747207,2190.7054948530404,3175.5062336749843,success,,,4440.0,\\hypatia.uio.no\lh-hf-iln-sociocognitivelab\Research\BabyLearn\french_data_arun\c053_4m_bath_1240.wav,mean_F2_lt_1000
12517,c053,4m,bath,1240,couche,ou,IDS,74.04,0.09,85.85,343.29048174230445,312.8335159286916,384.6532095567823,71.8196936280907,351.89118324031824,808.5485604480441,2356.14273131919,3191.1242779080703,348.02554045550585,765.0878891651489,2284.840568236204,3185.750573343076,success,,,4640.0,\\hypatia.uio.no\lh-hf-iln-sociocognitivelab\Research\BabyLearn\french_data_arun\c053_4m_bath_1240.wav,mean_F2_lt_1000
12518,c053,4m,bath,1240,thibaut,o,IDS,74.61,0.09,86.66,318.24308119676675,293.04829682629355,368.4048002829678,75.35650345667426,477.1367515254613,905.9203656218476,2793.4985296265404,3658.948186641704,519.0842713343559,924.3829704714764,3008.7558918038085,4024.893487975857,success,,,4740.0,\\hypatia.uio.no\lh-hf-iln-sociocognitivelab\Research\BabyLearn\french_data_arun\c053_4m_bath_1240.wav,mean_F2_lt_1000
12520,c053,4m,bath,1240,moi,a,IDS,76.7,0.26,259.59,277.5416234337079,266.2790314009519,285.0921217938779,18.81309039292597,666.8770607039792,988.4480941743772,3097.458929130387,3825.06811049074,608.7588527994666,932.8958677419828,3031.1452788842453,3717.9091932742663,success,,,5450.0,\\hypatia.uio.no\lh-hf-iln-sociocognitivelab\Research\BabyLearn\french_data_arun\c053_4m_bath_1240.wav,mean_F2_lt_1000
12521,c053,4m,bath,1240,parle,a,IDS,77.36,0.2,200.22,232.4587371602869,229.0327018265241,235.94203405170276,6.909332225178673,738.4151100771412,906.6145437277872,2653.370079190534,3731.672080951328,720.5941286721984,994.349167682616,2686.793097070938,3740.605480596777,success,,,5450.0,\\hypatia.uio.no\lh-hf-iln-sociocognitivelab\Research\BabyLearn\french_data_arun\c053_4m_bath_1240.wav,mean_F2_lt_1000
12522,c053,4m,bath,1240,thibaut,o,IDS,77.9,0.27,266.54,209.5174815836696,207.39786914081384,211.36346378686372,3.965594646049908,395.4861683788045,830.3974937609254,2379.900737449035,3325.128494538012,404.58887523942894,826.2784323046155,2477.509840906924,3574.440822780823,success,,,4740.0,\\hypatia.uio.no\lh-hf-iln-sociocognitivelab\Research\BabyLearn\french_data_arun\c053_4m_bath_1240.wav,mean_F2_lt_1000
12524,c053,4m,bath,1240,on,on,IDS,80.61,0.06,63.8,231.03776248727067,215.4188393123,242.22451591018597,26.80567659788593,515.5167053572576,975.9775220631706,2373.463663132354,3576.3501613630824,507.6992993131842,936.0555596014776,2285.053253098277,3563.3635470828617,success,,,4440.0,\\hypatia.uio.no\lh-hf-iln-sociocognitivelab\Research\BabyLearn\french_data_arun\c053_4m_bath_1240.wav,mean_F2_lt_1000
12526,c053,4m,bath,1240,couche,ou,IDS,81.11,0.08,80.84,405.31982288143206,364.71609517987935,457.31627520775606,92.60018002787672,407.2146731046214,938.219999040188,2315.204011639168,3207.1654759217363,399.85938034828126,984.2907866120948,2316.64718738272,3180.82791603807,success,,,4640.0,\\hypatia.uio.no\lh-hf-iln-sociocognitivelab\Research\BabyLearn\french_data_arun\c053_4m_bath_1240.wav,mean_F2_lt_1000
12535,c053,4m,bath,1240,ton,on,IDS,95.47,0.29,288.11,165.13964605591832,163.20252947331645,171.10115692052622,7.898627447209776,341.31007300714964,959.6706783113024,2343.1931247895723,3361.0797540442786,459.7706416519845,998.5752401920296,2392.6313517955728,3366.8151893222257,success,,,4440.0,\\hypatia.uio.no\lh-hf-iln-sociocognitivelab\Research\BabyLearn\french_data_arun\c053_4m_bath_1240.wav,mean_F2_lt_1000
12536,c053,4m,bath,1240,ton,on,IDS,96.29,0.12,116.15,175.3427096946857,165.48851715613785,180.93905101795644,15.4505338618186,388.9276837227072,774.6931088692465,2633.2648349025976,3661.892714081265,399.0882638771961,1264.4984720217385,2607.995008096685,3794.5051233423846,success,,,4440.0,\\hypatia.uio.no\lh-hf-iln-sociocognitivelab\Research\BabyLearn\french_data_arun\c053_4m_bath_1240.wav,mean_F2_lt_1000
12538,c053,4m,bath,1240,biberon,oe,IDS,96.59,0.09,90.05,178.76450764658193,173.51776302713412,185.2983019328264,11.780538905692254,452.8530514793322,947.5329884543698,2764.767502843662,3844.7256653018953,465.0145972943824,955.748206028863,2666.2907438257166,3868.974992699211,success,,,5020.0,\\hypatia.uio.no\lh-hf-iln-sociocognitivelab\Research\BabyLearn\french_data_arun\c053_4m_bath_1240.wav,mean_F2_lt_1000
12547,c053,4m,bath,1240,mon,on,IDS,103.11,0.08,82.56,166.98365123950035,164.54520273931115,168.35115887432048,3.8059561350093247,209.61082382201587,765.6224535848696,1976.1123246094191,3056.609740520922,205.24655757895496,719.7942548364596,1977.2146521452796,3096.0842940188995,success,,,4440.0,\\hypatia.uio.no\lh-hf-iln-sociocognitivelab\Research\BabyLearn\french_data_arun\c053_4m_bath_1240.wav,mean_F2_lt_1000
12549,c053,4m,bath,1240,on,on,IDS,108.37,0.08,77.67,195.7138790277639,191.28574695470533,204.7383127890736,13.452565834368244,524.0883121099388,749.6870638132646,2251.925577590772,3446.660884006184,486.33813273331725,742.7072798517464,2228.4940563204595,3457.942100069115,success,,,4440.0,\\hypatia.uio.no\lh-hf-iln-sociocognitivelab\Research\BabyLearn\french_data_arun\c053_4m_bath_1240.wav,mean_F2_lt_1000
12574,c053,4m,bath,1240,mauvais,o,IDS,171.52,0.07,65.2,429.7147111922548,402.9409073496676,451.8113819722767,48.87047462260915,438.6443420276639,877.3772619042661,2269.7277677289253,3318.7986763780827,437.8331544743277,877.1794859601584,2257.3040909197675,3355.960748250562,success,,,4740.0,\\hypatia.uio.no\lh-hf-iln-sociocognitivelab\Research\BabyLearn\french_data_arun\c053_4m_bath_1240.wav,mean_F2_lt_1000
12610,c053,4m,bath,1240,mon,on,IDS,279.72,0.07,69.21,196.62391074466325,195.3495138647089,198.1687530558852,2.819239191176308,600.3216240355791,802.9833922843513,2298.7234366542543,3234.2360187423114,595.8228494929057,797.0537364446789,2308.7038579941463,3201.382659397424,success,,,4440.0,\\hypatia.uio.no\lh-hf-iln-sociocognitivelab\Research\BabyLearn\french_data_arun\c053_4m_bath_1240.wav,mean_F2_lt_1000
12633,c053,4m,bath,1240,haut,o,IDS,344.84,0.45,451.52,207.68741300193423,154.76685405875955,234.13270370551732,79.3658496467578,453.7676589766608,943.2193793571356,2679.120507654932,3681.5529548656295,420.73149612105385,825.7034240936545,2657.0531096406726,3746.473015205717,success,,,4740.0,\\hypatia.uio.no\lh-hf-iln-sociocognitivelab\Research\BabyLearn\french_data_arun\c053_4m_bath_1240.wav,mean_F2_lt_1000
12646,c053,4m,bath,1240,bisous,ou,IDS,378.49,0.09,85.81,206.3583137335161,201.034445321422,208.65397225291036,7.619526931488366,276.69843437166185,882.6883209782345,2466.766276400029,3530.897458593592,267.9922386198023,850.428446017678,2434.1823657837976,3380.4955990845456,success,,,4640.0,\\hypatia.uio.no\lh-hf-iln-sociocognitivelab\Research\BabyLearn\french_data_arun\c053_4m_bath_1240.wav,mean_F2_lt_1000
12647,c053,4m,bath,1240,au,o,IDS,378.57,0.12,121.35,193.1604008120524,167.90998570980722,213.0596474483224,45.14966173851519,486.7767293642085,799.8304943321152,2752.1334364701625,3768.974191214864,414.4259233430556,828.8024117780508,2702.944322859896,3779.1852508882594,success,,,4740.0,\\hypatia.uio.no\lh-hf-iln-sociocognitivelab\Research\BabyLearn\french_data_arun\c053_4m_bath_1240.wav,mean_F2_lt_1000
12659,c053,4m,bath,1240,thibaut,o,IDS,396.24,0.28,280.66,284.4888341871334,281.9249493388418,287.69157260041106,5.7666232615692365,573.0823621783793,876.1982039484672,2431.906185137496,3662.038995785604,608.9992183169445,903.3783436777225,2471.609694465259,3955.939591019392,success,,,4740.0,\\hypatia.uio.no\lh-hf-iln-sociocognitivelab\Research\BabyLearn\french_data_arun\c053_4m_bath_1240.wav,mean_F2_lt_1000
12774,c053,8m,meal,1200,non,on,IDS,8.91,0.12,121.11,281.10487718657896,277.64261996078466,288.9586740996847,11.316054138900029,586.7535905296763,990.9987823333926,2185.055456443697,3442.963519494156,591.2371817636207,921.3298870803754,2250.073103534307,3360.623378599876,success,,,4440.0,\\hypatia.uio.no\lh-hf-iln-sociocognitivelab\Research\BabyLearn\french_data_arun\c053_8m_meal_1200.wav,mean_F2_lt_1000
12812,c053,8m,meal,1200,compte,on,IDS,32.52,0.05,51.55,262.11090487252045,260.8582000752923,264.2539875083937,3.395787433101418,515.8197779476799,958.9526581097556,2243.365977975984,3211.735493843837,515.8197779476799,958.9526581097556,2243.365977975984,3211.735493843837,success,,,4440.0,\\hypatia.uio.no\lh-hf-iln-sociocognitivelab\Research\BabyLearn\french_data_arun\c053_8m_meal_1200.wav,mean_F2_lt_1000
12820,c053,8m,meal,1200,bon,on,IDS,49.38,0.13,133.57,238.0740308264928,215.05532947961052,245.83850262706449,30.783173147453937,360.85195297614615,875.4418593323026,2163.1574825009143,3155.290016649177,306.54747132222,789.9844848435334,2050.430491185246,3119.8714339488897,success,,,4440.0,\\hypatia.uio.no\lh-hf-iln-sociocognitivelab\Research\BabyLearn\french_data_arun\c053_8m_meal_1200.wav,mean_F2_lt_1000
12833,c053,8m,meal,1200,ton,on,IDS,171.91,0.1,103.71,442.6238948199649,377.49477963842935,497.77495192008365,120.2801722816543,458.0408547468195,913.9751107675288,2274.1785630763648,3043.141135238008,455.7818164679808,938.4630610469892,2330.080232832919,3082.9596187641023,success,,,4440.0,\\hypatia.uio.no\lh-hf-iln-sociocognitivelab\Research\BabyLearn\french_data_arun\c053_8m_meal_1200.wav,mean_F2_lt_1000
12839,c053,8m,meal,1200,bon,on,IDS,195.73,0.13,129.56,324.84308923004755,265.438708730025,349.3634922424387,83.92478351241374,662.5233421375092,990.6624885387722,2212.4258439311943,3180.872948500854,684.687586202074,946.462951021194,2112.5755260460755,3257.7479412623325,success,,,4440.0,\\hypatia.uio.no\lh-hf-iln-sociocognitivelab\Research\BabyLearn\french_data_arun\c053_8m_meal_1200.wav,mean_F2_lt_1000
12843,c053,8m,meal,1200,bon,on,IDS,200.89,0.2,198.87,255.71398710502288,253.46061508787523,257.8083331225113,4.347718034636074,517.9378876418971,985.0585735540802,2344.0184618433245,3175.2050997132856,525.410715822425,951.9925264995456,2334.339630853594,3045.112874871325,success,,,4440.0,\\hypatia.uio.no\lh-hf-iln-sociocognitivelab\Research\BabyLearn\french_data_arun\c053_8m_meal_1200.wav,mean_F2_lt_1000
12844,c053,8m,meal,1200,trop,o,IDS,203.47,0.09,93.57,134.38942304881007,123.0739114632431,141.31859667660487,18.244685213361763,456.2388259496075,805.3420926925255,2554.2008104550387,3526.951951435244,461.1799838446423,809.7950995294204,2471.771669425408,3634.13287165636,success,,,4740.0,\\hypatia.uio.no\lh-hf-iln-sociocognitivelab\Research\BabyLearn\french_data_arun\c053_8m_meal_1200.wav,mean_F2_lt_1000
12848,c053,8m,meal,1200,nouveau,o,IDS,217.34,0.13,129.98,369.8218492590845,358.3923993865548,376.6634380688268,18.271038682272035,555.6244332781833,729.2665483640266,2049.269104574784,3228.866497726316,679.3287493486067,931.9798465725394,2550.0983138399088,4143.291242339814,success,,,4740.0,\\hypatia.uio.no\lh-hf-iln-sociocognitivelab\Research\BabyLearn\french_data_arun\c053_8m_meal_1200.wav,mean_F2_lt_1000
12860,c053,8m,meal,1200,non,on,IDS,224.76,0.07,70.2,195.50635890729083,194.8439005709728,196.25149011386745,1.4075895428946694,466.4725509251918,774.2482016198699,1941.989377398744,3024.8039034770327,469.6735632799047,753.1391524289452,1987.982671630469,3010.0659678137085,success,,,4440.0,\\hypatia.uio.no\lh-hf-iln-sociocognitivelab\Research\BabyLearn\french_data_arun\c053_8m_meal_1200.wav,mean_F2_lt_1000
12867,c053,8m,meal,1200,trop,o,IDS,241.9,0.08,82.67,344.07401004916943,329.5562600636473,355.52755490547634,25.971294841829035,453.5317960771402,790.8589854875676,2729.57867878386,3453.3534473019645,398.4022150246217,689.5893901248552,2771.226184781196,3142.304935384259,success,,,4740.0,\\hypatia.uio.no\lh-hf-iln-sociocognitivelab\Research\BabyLearn\french_data_arun\c053_8m_meal_1200.wav,mean_F2_lt_1000
12868,c053,8m,meal,1200,bon,on,IDS,242.05,0.25,248.85,416.2574064229466,310.24446199463614,483.9651136528148,173.7206516581786,486.50383600920986,903.272188059447,2242.806194843344,2997.7119487666278,486.9546258885204,968.7653969058368,2317.0602216258994,3129.010591776298,success,,,4440.0,\\hypatia.uio.no\lh-hf-iln-sociocognitivelab\Research\BabyLearn\french_data_arun\c053_8m_meal_1200.wav,mean_F2_lt_1000
12875,c053,8m,meal,1200,pour,ou,IDS,257.23,0.05,50.57,312.3352511774521,311.92193804510094,313.1151362908352,1.1931982457342656,614.8224405819002,925.8938668349195,2231.120573594804,2865.3340667456096,614.8224405819002,925.8938668349195,2231.120573594804,2865.3340667456096,success,,,4640.0,\\hypatia.uio.no\lh-hf-iln-sociocognitivelab\Research\BabyLearn\french_data_arun\c053_8m_meal_1200.wav,mean_F2_lt_1000
12904,c053,8m,meal,1200,thibaut,o,IDS,275.65,0.11,113.08,171.03108893080793,159.35202560911424,195.19845744198105,35.84643183286681,399.80631391820685,906.48844741641,2506.669237384703,3648.319660783714,420.4635866359388,914.0770361796916,2597.1993223507634,3807.531759185369,success,,,4740.0,\\hypatia.uio.no\lh-hf-iln-sociocognitivelab\Research\BabyLearn\french_data_arun\c053_8m_meal_1200.wav,mean_F2_lt_1000
12910,c053,8m,meal,1200,tour,ou,IDS,292.02,0.05,51.95,266.3498647819947,262.37807408337164,270.68541275868546,8.307338675313815,550.3593688736473,792.1330398097502,2425.1390118982376,3370.8465548372506,550.3593688736473,792.1330398097502,2425.1390118982376,3370.8465548372506,success,,,4640.0,\\hypatia.uio.no\lh-hf-iln-sociocognitivelab\Research\BabyLearn\french_data_arun\c053_8m_meal_1200.wav,mean_F2_lt_1000
12962,c053,8m,meal,1205,ou,ou,IDS,60.05,0.06,63.75,310.36959127196906,307.51161991933577,312.63611298553417,5.124493066198397,394.80028258808267,850.1236338197514,2305.583774140928,3248.196049692446,392.49742013798095,850.40612363312,2301.335825325693,3193.72598664544,success,,,4640.0,\\hypatia.uio.no\lh-hf-iln-sociocognitivelab\Research\BabyLearn\french_data_arun\c053_8m_meal_1205.wav,mean_F2_lt_1000
12976,c053,8m,meal,1205,coquin,au,IDS,87.34,0.05,51.64,241.6705418659914,233.37737243473708,251.08997806352892,17.712605628791863,483.42935477478113,994.1743614444596,2976.325477623836,3929.9091543331647,483.42935477478113,994.1743614444596,2976.325477623836,3929.9091543331647,success,,,5100.0,\\hypatia.uio.no\lh-hf-iln-sociocognitivelab\Research\BabyLearn\french_data_arun\c053_8m_meal_1205.wav,mean_F2_lt_1000
12979,c053,8m,meal,1205,recracher,oe,IDS,88.45,0.06,55.33,154.35371402567708,152.08965699777949,155.55164647342795,3.461989475648465,503.96074225248594,937.6761699326312,2972.822752088833,3773.88932457396,504.5380262216786,937.0278443708804,2975.1275085973184,3774.566371699627,success,,,5020.0,\\hypatia.uio.no\lh-hf-iln-sociocognitivelab\Research\BabyLearn\french_data_arun\c053_8m_meal_1205.wav,mean_F2_lt_1000
12980,c053,8m,meal,1205,coquin,au,IDS,89.11,0.05,52.05,143.39009842370567,139.07782384642215,148.38667346472394,9.308849618301792,518.6775241413034,943.1797297827806,2834.062026609091,3813.184427014208,518.6775241413034,943.1797297827806,2834.062026609091,3813.184427014208,success,,,5100.0,\\hypatia.uio.no\lh-hf-iln-sociocognitivelab\Research\BabyLearn\french_data_arun\c053_8m_meal_1205.wav,mean_F2_lt_1000
12983,c053,8m,meal,1205,thibaut,o,IDS,94.02,0.13,130.87,336.8134105884797,277.5350740670498,454.6323439748169,177.09726990776716,470.2522470232008,966.0394644197512,2707.664886934417,3490.025667760402,642.4382042784766,1735.6393618786842,3133.304646022709,4083.053088505688,success,,,4740.0,\\hypatia.uio.no\lh-hf-iln-sociocognitivelab\Research\BabyLearn\french_data_arun\c053_8m_meal_1205.wav,mean_F2_lt_1000
12984,c053,8m,meal,1205,coquin,au,IDS,94.86,0.05,50.49,200.3642109372272,195.4069325142919,205.42583803381572,10.018905519523855,413.8380054093758,871.7051450939327,2984.5199191811703,4058.217011379149,413.8380054093758,871.7051450939327,2984.5199191811703,4058.217011379149,success,,,5100.0,\\hypatia.uio.no\lh-hf-iln-sociocognitivelab\Research\BabyLearn\french_data_arun\c053_8m_meal_1205.wav,mean_F2_lt_1000
13000,c053,8m,meal,1205,aura,o,ADS,110.79,0.07,74.55,277.166047191941,271.85830767947067,283.11507567493067,11.256767995459995,560.0885655178554,985.8162803680204,3014.104767346706,3686.984992896103,557.8681296081629,969.6259747377088,3012.753969001676,3607.388763580721,success,,,4740.0,\\hypatia.uio.no\lh-hf-iln-sociocognitivelab\Research\BabyLearn\french_data_arun\c053_8m_meal_1205.wav,mean_F2_lt_1000
13035,c053,8m,meal,1205,mauvais,o,IDS,136.91,0.09,92.32,307.13147385989066,271.48731729463987,340.03599814500166,68.54868085036179,508.9868194012652,883.8850455315286,2481.484909736399,3398.450926868448,466.0820048881583,916.0542446280988,2498.132775227048,3244.865283675525,success,,,4740.0,\\hypatia.uio.no\lh-hf-iln-sociocognitivelab\Research\BabyLearn\french_data_arun\c053_8m_meal_1205.wav,mean_F2_lt_1000
13058,c053,8m,meal,1205,son,on,ADS,180.87,0.12,121.43,207.65112925739044,201.35347417168947,219.16121954634548,17.807745374656008,480.09925081976826,963.3108647098164,2523.326580850771,2944.2611960858035,521.1887327432502,889.1105156419645,2332.780463035212,3016.553138211043,success,,,4440.0,\\hypatia.uio.no\lh-hf-iln-sociocognitivelab\Research\BabyLearn\french_data_arun\c053_8m_meal_1205.wav,mean_F2_lt_1000
13080,c053,8m,meal,1205,son,on,ADS,214.91,0.06,57.09,189.22235398774745,187.68434703841132,192.9339952216829,5.249648183271575,530.8018230788219,950.281313987035,2128.2842469449374,3508.368103276586,545.7962095220637,967.490097996444,2121.672566673966,3614.2572864932113,success,,,4440.0,\\hypatia.uio.no\lh-hf-iln-sociocognitivelab\Research\BabyLearn\french_data_arun\c053_8m_meal_1205.wav,mean_F2_lt_1000
13099,c053,8m,meal,1205,gonfle,on,IDS,248.47,0.08,75.16,212.926543464685,211.245630408024,213.7674687422608,2.521838334236776,451.48435355837006,974.2981786846672,2490.533030241384,2836.03578508401,450.452460088834,892.7379884546374,2495.0414053640384,2894.9888178300403,success,,,4440.0,\\hypatia.uio.no\lh-hf-iln-sociocognitivelab\Research\BabyLearn\french_data_arun\c053_8m_meal_1205.wav,mean_F2_lt_1000
13103,c053,8m,meal,1205,mon,on,IDS,249.32,0.07,69.74,173.62056915841922,172.1180554697792,174.8282009713407,2.710145501561499,585.1138860679325,667.250194699169,2200.6737596644894,3006.788099968568,561.5858264631064,677.0417936034697,2104.896573834195,3017.6903066059235,success,,,4440.0,\\hypatia.uio.no\lh-hf-iln-sociocognitivelab\Research\BabyLearn\french_data_arun\c053_8m_meal_1205.wav,mean_F2_lt_1000
13113,c053,8m,meal,1205,eau,o,IDS,265.89,0.1,101.54,334.6237456601791,263.69476165138366,407.3519650452496,143.65720339386598,549.4566950913589,822.8968157366965,2544.472882107725,3274.065774106689,597.2987941605909,849.8063623792559,2590.834910378875,3270.901026395329,success,,,4740.0,\\hypatia.uio.no\lh-hf-iln-sociocognitivelab\Research\BabyLearn\french_data_arun\c053_8m_meal_1205.wav,mean_F2_lt_1000
13115,c053,8m,meal,1205,ton,on,IDS,276.87,0.1,102.34,171.64792747517546,166.40552951378297,176.11992292733527,9.7143934135523,491.7007996792741,762.5368867879372,2534.279808060358,2807.8472906357297,327.66371490573283,532.8194584847179,2594.4865960645097,2731.812132200299,success,,,4440.0,\\hypatia.uio.no\lh-hf-iln-sociocognitivelab\Research\BabyLearn\french_data_arun\c053_8m_meal_1205.wav,mean_F2_lt_1000
13116,c053,8m,meal,1205,biberon,oe,IDS,277.17,0.07,69.07,139.68903203562448,134.51144973025572,142.49870023450333,7.987250504247612,461.787949765788,916.8288119008304,2866.8284768755966,3757.710278594961,459.555454480037,905.594624855829,2882.0728258071067,3724.6772628212593,success,,,5020.0,\\hypatia.uio.no\lh-hf-iln-sociocognitivelab\Research\BabyLearn\french_data_arun\c053_8m_meal_1205.wav,mean_F2_lt_1000
13123,c053,8m,meal,1205,mon,on,IDS,279.15,0.06,59.81,320.88661445870247,320.4269653334764,321.530762432738,1.1037970992616124,584.8440465905403,890.7210291213836,2292.4924430722526,3086.9413425130942,583.9104965961957,898.5644834857997,2244.073091942713,2782.873446770325,success,,,4440.0,\\hypatia.uio.no\lh-hf-iln-sociocognitivelab\Research\BabyLearn\french_data_arun\c053_8m_meal_1205.wav,mean_F2_lt_1000
13126,c053,8m,meal,1205,biberon,on,IDS,279.63,0.06,59.38,147.22900136240452,144.76093821240866,148.7876080520155,4.026669839606853,591.0921065750891,842.655428654778,2378.8877600302853,3658.4546342628687,591.1740561846624,847.6759718098602,2370.984779563122,3680.662431041994,success,,,4440.0,\\hypatia.uio.no\lh-hf-iln-sociocognitivelab\Research\BabyLearn\french_data_arun\c053_8m_meal_1205.wav,mean_F2_lt_1000
13130,c053,8m,meal,1205,mon,on,IDS,280.89,0.08,82.48,321.0270749941761,318.08165059895765,325.06967646013203,6.988025861174378,550.5668658300931,961.81207579787,2706.9805777737515,3346.1284212152955,555.1157587144418,959.3617123055948,2944.157751169516,3369.0633358142195,success,,,4440.0,\\hypatia.uio.no\lh-hf-iln-sociocognitivelab\Research\BabyLearn\french_data_arun\c053_8m_meal_1205.wav,mean_F2_lt_1000
13164,c053,8m,meal,1205,mon,on,IDS,297.72,0.05,53.78,157.92615248469818,156.74341545115456,158.79368225920655,2.050266808051987,495.09698806912246,793.8569471261018,2266.754579258867,2847.4691561308205,495.09698806912246,793.8569471261018,2266.754579258867,2847.4691561308205,success,,,4440.0,\\hypatia.uio.no\lh-hf-iln-sociocognitivelab\Research\BabyLearn\french_data_arun\c053_8m_meal_1205.wav,mean_F2_lt_1000
13197,c054,12m,bath,1825,haricots,o,ADS,41.62,0.1,104.95,295.973184090716,287.830051499086,304.07219180322375,16.242140304137763,454.2083785739434,877.0523992479573,2427.368803652103,3531.880233560338,454.7515593191056,863.1777269876425,2451.0025101128253,3622.584647261173,success,,,4920.0,\\hypatia.uio.no\lh-hf-iln-sociocognitivelab\Research\BabyLearn\french_data_arun\c054_12m_bath_1825.wav,mean_F2_lt_1000
13301,c054,4m,bath,1925,pour,ou,IDS,135.95,0.06,59.62,261.66290288327707,245.7778434604844,268.93514025297674,23.15729679249233,533.6895113826288,907.8379982625886,2375.6751522118857,3284.039076487009,544.8400097724078,880.4309386511316,2360.895918547472,3361.7617521100465,success,,,4440.0,\\hypatia.uio.no\lh-hf-iln-sociocognitivelab\Research\BabyLearn\french_data_arun\c054_4m_bath_1925.wav,mean_F2_lt_1000
13303,c054,4m,bath,1925,tomber,on,IDS,136.32,0.08,80.28,242.31558254214517,238.0662204742748,245.65280704027896,7.5865865660042,387.492120040669,994.0938977501514,2580.0390096812303,3291.763338051994,374.381798278357,988.2943293476008,2597.6486340628567,3275.317197436799,success,,,4690.0,\\hypatia.uio.no\lh-hf-iln-sociocognitivelab\Research\BabyLearn\french_data_arun\c054_4m_bath_1925.wav,mean_F2_lt_1000
13320,c054,4m,bath,1925,voila,ou,IDS,284.39,0.12,122.5,273.9030403699742,270.6982849556894,275.6158456526885,4.9175606969990895,424.7539316305035,803.9315764875696,2452.247886902965,3279.473696194958,411.32001182463694,797.5731515005974,2463.023309179406,3437.1627601102005,success,,,4440.0,\\hypatia.uio.no\lh-hf-iln-sociocognitivelab\Research\BabyLearn\french_data_arun\c054_4m_bath_1925.wav,mean_F2_lt_1000
13345,c054,4m,bath,1925,cou,ou,IDS,335.34,1.07,1068.87,434.34882932443145,426.44292795865,446.6601751701027,20.21724721145273,436.41287394230216,941.4051017987166,2263.6103121382544,3153.5820402592067,434.5779371617072,873.8359327185766,2352.3158458218777,3136.193703523814,success,,,4440.0,\\hypatia.uio.no\lh-hf-iln-sociocognitivelab\Research\BabyLearn\french_data_arun\c054_4m_bath_1925.wav,mean_F2_lt_1000
13373,c054,4m,bath,1925,content,on,IDS,563.54,0.11,113.64,251.4800120898317,241.6792542981853,267.61431751564953,25.935063217464236,577.1840834798136,978.9287077024956,2574.40871064068,3226.568782670004,590.1255747167678,839.6523516544985,2497.151764395107,3255.417135256759,success,,,4690.0,\\hypatia.uio.no\lh-hf-iln-sociocognitivelab\Research\BabyLearn\french_data_arun\c054_4m_bath_1925.wav,mean_F2_lt_1000
13470,c054,8m,bath,925,boum,ou,IDS,19.55,0.11,105.68,366.47015684178257,363.1300155386056,375.8727079552812,12.742692416675538,383.0279567885464,906.076052965017,2379.760743306354,2631.135967438643,377.081210507328,857.3590708884875,2535.07574591873,2766.9500236713343,success,,,4440.0,\\hypatia.uio.no\lh-hf-iln-sociocognitivelab\Research\BabyLearn\french_data_arun\c054_8m_bath_0925.wav,mean_F2_lt_1000
13542,c054,8m,bath,925,maman,an,IDS,99.73,0.09,89.44,241.9547863530756,238.5532567581666,244.47252409630912,5.919267338142504,501.51712525942366,871.2206416252152,2363.7499368056865,3355.4517105894865,517.010460488439,897.047594156317,2341.905084036353,3233.146547033918,success,,,4880.0,\\hypatia.uio.no\lh-hf-iln-sociocognitivelab\Research\BabyLearn\french_data_arun\c054_8m_bath_0925.wav,mean_F2_lt_1000
13560,c054,8m,meal,905,compris,on,ADS,29.31,0.07,69.93,245.10640327966811,239.52761057350492,253.69121355702904,14.163602983524072,586.9828612474657,815.5074493841544,2579.105650768024,3705.784334845024,624.1489273782331,815.0197587839663,2586.7090143466044,3656.221717791864,success,,,4690.0,\\hypatia.uio.no\lh-hf-iln-sociocognitivelab\Research\BabyLearn\french_data_arun\c054_8m_meal_0905.wav,mean_F2_lt_1000
13581,c054,8m,meal,905,trop,o,ADS,34.11,0.15,147.23,229.36749914802112,221.38363351623664,235.18712590304295,13.80349238680634,464.5246605899544,892.0306464656799,2580.149149247828,3631.2450895835727,465.687741716364,833.565508277097,2630.3540397923225,3614.51987999656,success,,,4920.0,\\hypatia.uio.no\lh-hf-iln-sociocognitivelab\Research\BabyLearn\french_data_arun\c054_8m_meal_0905.wav,mean_F2_lt_1000
13582,c054,8m,meal,905,coup,ou,ADS,34.81,0.07,73.78,247.16837975768848,235.37625390780727,257.6037212254086,22.227467317601334,515.0926883551219,975.8567410829778,2102.9301319554484,3140.945668196699,514.0536351602793,990.995783090113,2029.0187007075788,3190.977727067477,success,,,4440.0,\\hypatia.uio.no\lh-hf-iln-sociocognitivelab\Research\BabyLearn\french_data_arun\c054_8m_meal_0905.wav,mean_F2_lt_1000
13629,c054,8m,meal,905,metro,o,ADS,220.34,0.17,166.9,330.3930195217697,269.43131704680377,420.6073689455473,151.17605189874348,514.3748322443711,931.3218831376776,2709.906341452747,3665.657859258579,590.0410598000961,816.8305701906726,2827.335721198294,3974.635867019229,success,,,4920.0,\\hypatia.uio.no\lh-hf-iln-sociocognitivelab\Research\BabyLearn\french_data_arun\c054_8m_meal_0905.wav,mean_F2_lt_1000
13643,c054,8m,meal,905,nom,on,ADS,237.43,0.07,66.07,217.8844211535475,214.27988942717283,220.1760851612096,5.896195734036752,454.9891440593935,993.8174869433474,2853.478171279608,3517.1058310377557,466.8397041463316,1026.9531924708972,2970.23678401618,3622.81711993927,success,,,4690.0,\\hypatia.uio.no\lh-hf-iln-sociocognitivelab\Research\BabyLearn\french_data_arun\c054_8m_meal_0905.wav,mean_F2_lt_1000
13674,c054,8m,meal,905,pour,ou,IDS,288.57,0.08,84.15,434.4681526652339,414.7164031021232,456.1638879082415,41.447484806118325,439.5163539437276,921.6951183136334,2353.113875235986,2634.563224467947,438.89907543069904,911.0665388025278,2433.725602564225,2620.048315463456,success,,,4440.0,\\hypatia.uio.no\lh-hf-iln-sociocognitivelab\Research\BabyLearn\french_data_arun\c054_8m_meal_0905.wav,mean_F2_lt_1000
13703,c056,12m,meal,755,debout,ou,IDS,50.64,0.13,133.75,241.4202487227809,211.8629690762008,271.18979445504743,59.32682537884665,395.3579369988667,941.2941664319088,2649.030017596134,3559.495258826006,382.88486243107326,947.0455270334382,2682.1031653243563,3816.0919432038654,success,,,4430.0,\\hypatia.uio.no\lh-hf-iln-sociocognitivelab\Research\BabyLearn\french_data_arun\c056_12m_meal_0755.wav,mean_F2_lt_1000
13710,c056,12m,meal,755,bisous,ou,IDS,86.11,0.09,87.15,387.6471665432396,345.4044046091785,412.82131198953886,67.41690738036033,419.50672419976326,974.0593547449764,2417.832298561312,3200.358728075491,427.7658730340378,918.0851801624236,2404.6181957010617,3118.757406722644,success,,,4430.0,\\hypatia.uio.no\lh-hf-iln-sociocognitivelab\Research\BabyLearn\french_data_arun\c056_12m_meal_0755.wav,mean_F2_lt_1000
13801,c056,12m,meal,755,bourique,ou,IDS,177.62,0.07,69.52,184.3225380714643,174.46943475329056,191.2030915958836,16.733656842593064,545.4030446567538,986.8606414520972,2845.534896521116,3580.476123067097,546.9773871422327,930.2167562923584,2864.1766101120165,3569.722911067391,success,,,4430.0,\\hypatia.uio.no\lh-hf-iln-sociocognitivelab\Research\BabyLearn\french_data_arun\c056_12m_meal_0755.wav,mean_F2_lt_1000
13822,c056,12m,meal,755,pour,ou,IDS,225.64,0.06,60.73,114.86182887490055,110.23626480325522,118.37386991010963,8.137605106854409,484.4878263547137,902.7441856430852,2176.279011017672,3127.5645681253363,482.4865510859753,898.7175836374381,2118.808399552816,3163.6226946440333,success,,,4430.0,\\hypatia.uio.no\lh-hf-iln-sociocognitivelab\Research\BabyLearn\french_data_arun\c056_12m_meal_0755.wav,mean_F2_lt_1000
13914,c056,12m,play,1420,beaucoup,ou,IDS,147.95,0.1,102.97,426.9278380538062,424.0932861862177,428.8715331741327,4.778246987914997,444.3151231587459,925.3762944573218,2139.002842874598,2978.0873010082514,437.38736534696704,917.5443774249107,2229.1310171644363,3174.035183309624,success,,,4430.0,\\hypatia.uio.no\lh-hf-iln-sociocognitivelab\Research\BabyLearn\french_data_arun\c056_12m_play_1420.wav,mean_F2_lt_1000
13941,c056,4m,bath,1925,ruban,an,IDS,68.57,0.11,106.89,257.40435900857284,250.53789338294175,261.80824523074745,11.27035184780567,633.507169927618,870.0072369844901,2838.2138107085943,3807.1432373871726,738.7916114089826,817.9241254753861,2908.6382912637755,3754.371734037263,success,,,4770.0,\\hypatia.uio.no\lh-hf-iln-sociocognitivelab\Research\BabyLearn\french_data_arun\c056_4m_bath_1925.wav,mean_F2_lt_1000
13942,c056,4m,bath,1925,rouge,ou,IDS,68.72,0.1,101.53,286.0831816511461,266.72863560882416,301.92943758472506,35.2008019759009,511.9107339599956,989.2813048917512,2601.045167733434,3354.843825088268,530.6604554081067,958.848960771803,2676.1211476866933,3477.590197091641,success,,,4430.0,\\hypatia.uio.no\lh-hf-iln-sociocognitivelab\Research\BabyLearn\french_data_arun\c056_4m_bath_1925.wav,mean_F2_lt_1000
13945,c056,4m,bath,1925,bouche,ou,IDS,69.24,0.08,79.2,377.6192025457978,345.8542962709852,397.0962596558507,51.24196338486553,400.9069665186619,824.7910741684688,2084.5308383210668,2826.342536845235,407.1613667705,845.5917684952894,2065.463058472408,2815.497497016123,success,,,4430.0,\\hypatia.uio.no\lh-hf-iln-sociocognitivelab\Research\BabyLearn\french_data_arun\c056_4m_bath_1925.wav,mean_F2_lt_1000
14004,c056,4m,bath,1925,en,an,IDS,181.85,0.09,88.23,205.60551063549116,201.6724184416489,207.80405774518192,6.131639303533063,802.3152795282875,997.3328109941788,3009.864669073764,3661.229467287208,830.6392543527321,938.155422442603,3126.761377543536,3144.304973955901,success,,,4770.0,\\hypatia.uio.no\lh-hf-iln-sociocognitivelab\Research\BabyLearn\french_data_arun\c056_4m_bath_1925.wav,mean_F2_lt_1000
14023,c056,4m,bath,1925,rouge,ou,IDS,214.17,0.08,75.71,262.9013252363266,254.7779422047253,272.75544820444253,17.97750599971721,545.4616980923586,917.2220045694452,2284.703715626554,3429.9867361421734,545.3154488128664,809.4236101192297,2142.4756667413258,3513.6423427456784,success,,,4430.0,\\hypatia.uio.no\lh-hf-iln-sociocognitivelab\Research\BabyLearn\french_data_arun\c056_4m_bath_1925.wav,mean_F2_lt_1000
14138,c056,4m,bath,1925,trop,o,IDS,554.09,0.07,69.05,275.0218641141901,273.4748441320908,276.3876013018356,2.9127571697447365,676.7348944006211,947.8462114685028,2909.4779212945723,3039.9035558245296,674.5487681270463,940.8552434795496,2868.4791252779523,3039.322793349891,success,,,4460.0,\\hypatia.uio.no\lh-hf-iln-sociocognitivelab\Research\BabyLearn\french_data_arun\c056_4m_bath_1925.wav,mean_F2_lt_1000
14150,c056,4m,bath,1925,fait,ai,IDS,585.1,0.08,78.86,206.24029123466525,203.45104431935545,210.3007103471111,6.84966602775566,1988.274436626672,2713.4653896022546,3868.638657893636,4750.52140763017,2276.5894968655366,2710.9802383752008,3982.5489155627306,4856.221841324167,success,,,5610.0,\\hypatia.uio.no\lh-hf-iln-sociocognitivelab\Research\BabyLearn\french_data_arun\c056_4m_bath_1925.wav,mean_F1_gt_1500
14181,c056,8m,bath,1900,ouh,ou,IDS,31.54,0.26,264.5,251.24119689244264,134.12280721570812,297.72267255645863,163.5998653407505,449.1037401165184,982.5745418395632,2138.0015507227413,3345.403330178378,352.7650001979718,846.643953246273,1956.7780477037663,2975.9310739099164,success,,,4430.0,\\hypatia.uio.no\lh-hf-iln-sociocognitivelab\Research\BabyLearn\french_data_arun\c056_8m_bath_1900.wav,mean_F2_lt_1000
14183,c056,8m,bath,1900,la,a,IDS,32.05,0.11,105.8,233.08632916910867,230.4051465547361,235.72328468097373,5.31813812623767,502.8134009409839,905.128524630464,2669.258698119564,3939.4778203646015,494.4790820653824,819.9663739705935,2503.5132928369485,3749.504517450706,success,,,5270.0,\\hypatia.uio.no\lh-hf-iln-sociocognitivelab\Research\BabyLearn\french_data_arun\c056_8m_bath_1900.wav,mean_F2_lt_1000
14184,c056,8m,bath,1900,la,a,IDS,32.23,0.11,111.55,224.14792705268735,221.0497202724948,226.43775963035375,5.3880393578590144,451.9411714908372,869.0938087508293,2714.2710559116185,3829.4262261843287,460.978827273319,878.1234325265741,2601.642596242971,3746.9854649584377,success,,,5270.0,\\hypatia.uio.no\lh-hf-iln-sociocognitivelab\Research\BabyLearn\french_data_arun\c056_8m_bath_1900.wav,mean_F2_lt_1000
14194,c056,8m,bath,1900,faut,o,IDS,47.85,0.06,58.25,179.2093439755421,176.9763451993652,183.5221970643335,6.545851864968313,438.5873589329499,912.4853098846104,2672.1282224470874,3227.8945674017,438.4325199006872,909.7574916319747,2673.076116969839,3191.0227315363445,success,,,4460.0,\\hypatia.uio.no\lh-hf-iln-sociocognitivelab\Research\BabyLearn\french_data_arun\c056_8m_bath_1900.wav,mean_F2_lt_1000
14218,c056,8m,bath,1900,chose,o,IDS,62.14,0.11,113.88,167.15929286110256,164.11600479663184,170.01227207058193,5.896267273950087,462.0628012609969,900.8490003984458,2645.208850664565,3047.104187177501,465.7813709769912,906.560927614466,2700.9127731435874,3086.620670805126,success,,,4460.0,\\hypatia.uio.no\lh-hf-iln-sociocognitivelab\Research\BabyLearn\french_data_arun\c056_8m_bath_1900.wav,mean_F2_lt_1000
14220,c056,8m,bath,1900,gros,o,IDS,68.93,0.12,121.62,274.5716867459893,256.51455684423564,285.8606380730264,29.34608122879075,537.6877342903326,830.3135601629131,2475.031340079932,3163.7726457476447,535.1577853211079,844.2042980970903,2539.680494372613,3156.246487321204,success,,,4460.0,\\hypatia.uio.no\lh-hf-iln-sociocognitivelab\Research\BabyLearn\french_data_arun\c056_8m_bath_1900.wav,mean_F2_lt_1000
14221,c056,8m,bath,1900,gros,o,IDS,71.35,0.12,118.98,280.11292632448215,246.03583205638373,296.6358285072335,50.599996450849744,556.1075740691747,856.1512523759702,2629.804076116291,3425.670548157172,561.6847209862674,863.7499433762615,2621.4686456984127,3562.812643767811,success,,,4460.0,\\hypatia.uio.no\lh-hf-iln-sociocognitivelab\Research\BabyLearn\french_data_arun\c056_8m_bath_1900.wav,mean_F2_lt_1000
14226,c056,8m,bath,1900,bientot,o,IDS,74.78,0.06,61.77,360.64202292766447,345.34691355606776,372.6724009184247,27.32548736235691,403.9913373554775,786.1884729913495,2249.728500718651,2898.232892848525,405.5151644184656,790.2441677602288,2228.9421386798917,2898.1235578234027,success,,,4460.0,\\hypatia.uio.no\lh-hf-iln-sociocognitivelab\Research\BabyLearn\french_data_arun\c056_8m_bath_1900.wav,mean_F2_lt_1000
14235,c056,8m,bath,1900,pomme,au,IDS,78.55,0.07,69.41,257.8345831047105,252.4114510064926,260.68712569492885,8.275674688436254,659.833119041944,714.1825374438005,2840.81127710394,3920.783407188237,668.7398344985157,693.4130119860752,2839.141211856981,3901.285279602106,success,,,4880.0,\\hypatia.uio.no\lh-hf-iln-sociocognitivelab\Research\BabyLearn\french_data_arun\c056_8m_bath_1900.wav,mean_F2_lt_1000
14236,c056,8m,bath,1900,pomme,au,IDS,79.63,0.09,85.3,269.9961675226543,266.5342998883143,272.55333656766686,6.019036679352553,719.2846713532958,940.3872808717184,2842.1135497708,3774.651031011954,728.0728415092485,966.250182513142,2845.4859776941075,3770.297416973476,success,,,4880.0,\\hypatia.uio.no\lh-hf-iln-sociocognitivelab\Research\BabyLearn\french_data_arun\c056_8m_bath_1900.wav,mean_F2_lt_1000
14249,c056,8m,bath,1900,on,on,IDS,94.92,0.07,65.16,214.03700286953156,205.26453203086209,223.66449160246344,18.39995957160136,602.8346065075792,970.766931878772,2849.045693903866,3751.801221186939,599.6130368857918,988.2140674252612,2836.831101390212,3755.4805583121592,success,,,5410.0,\\hypatia.uio.no\lh-hf-iln-sociocognitivelab\Research\BabyLearn\french_data_arun\c056_8m_bath_1900.wav,mean_F2_lt_1000
14256,c056,8m,bath,1900,malheureux,a,IDS,97.7,0.06,64.28,189.36426698641145,186.81382346573864,192.5921753729347,5.778351907196054,692.8844986608777,862.3596319846048,2670.1315947546523,3657.882337798178,694.0065437673192,880.0653915337004,2680.491046000234,3657.383242517048,success,,,5270.0,\\hypatia.uio.no\lh-hf-iln-sociocognitivelab\Research\BabyLearn\french_data_arun\c056_8m_bath_1900.wav,mean_F2_lt_1000
14285,c056,8m,bath,1900,orange,an,IDS,123.32,0.11,112.39,154.1702959876648,144.83569865765296,167.85259480521484,23.01689614756188,645.597607301892,911.5925558730114,2704.216769133459,3283.893719359467,618.6354365909384,890.0386153733588,2715.590368772727,3322.9881335742743,success,,,4770.0,\\hypatia.uio.no\lh-hf-iln-sociocognitivelab\Research\BabyLearn\french_data_arun\c056_8m_bath_1900.wav,mean_F2_lt_1000
14327,c056,8m,bath,1900,tout,ou,IDS,191.65,0.15,147.7,275.8957227269386,231.56122619276192,330.64446063416966,99.08323444140774,450.1782242277233,947.2777697505868,2397.7211590394213,3118.3041640526253,493.1188520094231,879.7386353914897,2119.9639307155167,2999.876989636888,success,,,4430.0,\\hypatia.uio.no\lh-hf-iln-sociocognitivelab\Research\BabyLearn\french_data_arun\c056_8m_bath_1900.wav,mean_F2_lt_1000
14330,c056,8m,bath,1900,bouche,ou,IDS,192.89,0.17,171.14,280.3109380029664,239.62232129087104,306.6475435040589,67.02522221318785,380.5781733599136,876.0250031583674,2339.2429381737184,3031.74708891459,353.2305455344753,895.7050120547439,2304.426713323246,3086.7700875983046,success,,,4430.0,\\hypatia.uio.no\lh-hf-iln-sociocognitivelab\Research\BabyLearn\french_data_arun\c056_8m_bath_1900.wav,mean_F2_lt_1000
14342,c056,8m,bath,1900,encore,au,IDS,204.84,0.16,156.75,205.0496021044563,203.2123740445681,209.5938291449735,6.381455100405418,642.8460394193744,945.8750519639376,2812.94009169967,3108.938730838425,657.6292219152252,1251.8113213586853,2278.210132616775,3065.7762453258188,success,,,4880.0,\\hypatia.uio.no\lh-hf-iln-sociocognitivelab\Research\BabyLearn\french_data_arun\c056_8m_bath_1900.wav,mean_F2_lt_1000
14357,c056,8m,bath,1900,cou,ou,IDS,210.34,0.06,55.22,246.67603672095677,243.88778481576105,250.8024533269076,6.914668511146601,433.361815599994,731.8339180156054,2428.2008905500115,2684.4697543628927,434.1527894274224,732.4435305951226,2390.957270969054,2685.121023127638,success,,,4430.0,\\hypatia.uio.no\lh-hf-iln-sociocognitivelab\Research\BabyLearn\french_data_arun\c056_8m_bath_1900.wav,mean_F2_lt_1000
14369,c056,8m,bath,1900,rouspete,ou,IDS,238.3,0.05,52.05,185.90947701194992,180.4738294991789,194.05894016593572,13.58511066675689,451.0313449959551,787.7376221150503,2261.423577436238,2966.7867381243736,451.0313449959551,787.7376221150503,2261.423577436238,2966.7867381243736,success,,,4430.0,\\hypatia.uio.no\lh-hf-iln-sociocognitivelab\Research\BabyLearn\french_data_arun\c056_8m_bath_1900.wav,mean_F2_lt_1000
14394,c056,8m,bath,1900,ou,ou,ADS,287.81,0.1,99.5,237.452992885228,235.12222742792417,240.63451738623988,5.512289958315705,454.2436888131612,834.3214118679234,2089.8069957208545,3059.328936740384,447.05675521177545,794.4095633650682,2095.1272193705454,2949.4021782659656,success,,,4430.0,\\hypatia.uio.no\lh-hf-iln-sociocognitivelab\Research\BabyLearn\french_data_arun\c056_8m_bath_1900.wav,mean_F2_lt_1000
14424,c056,8m,meal,705,bisou,ou,IDS,101.11,0.07,65.08,344.3379088654356,302.6507816297376,385.0844006227728,82.43361899303517,360.3555018727878,804.1931721185517,2371.0608974819493,3020.280714492338,353.09514337060983,814.1118064164593,2403.107015659745,2976.071459610398,success,,,4430.0,\\hypatia.uio.no\lh-hf-iln-sociocognitivelab\Research\BabyLearn\french_data_arun\c056_8m_meal_0705.wav,mean_F2_lt_1000
14429,c056,8m,meal,705,bisou,ou,IDS,103.59,0.54,537.07,258.3506812933227,244.31717409894972,266.3640607424032,22.046886643453437,304.2454852017468,636.0549778334334,2253.366595631204,2983.408996155249,292.06597696437063,623.3270731712032,2358.1316815716164,2941.737400870712,success,,,4430.0,\\hypatia.uio.no\lh-hf-iln-sociocognitivelab\Research\BabyLearn\french_data_arun\c056_8m_meal_0705.wav,mean_F2_lt_1000
14449,c056,8m,meal,705,loup,ou,IDS,152.46,0.08,78.78,295.94676614127667,287.2701850307844,304.13954131498576,16.869356284201388,321.4143730537163,895.655317613783,2484.4253919418907,3225.014452471077,315.1089055849196,865.8514581731914,2668.7450517086627,3229.3446325482983,success,,,4430.0,\\hypatia.uio.no\lh-hf-iln-sociocognitivelab\Research\BabyLearn\french_data_arun\c056_8m_meal_0705.wav,mean_F2_lt_1000
14450,c056,8m,meal,705,pompon_1,on,IDS,174.66,0.11,114.51,204.617027278323,200.82167450766372,210.5575052458469,9.735830738183154,393.21415395101553,861.4580735614367,2771.698863910968,3926.971485898171,401.9605510141149,873.3726891162091,2879.383442107126,4004.6255708658905,success,,,5410.0,\\hypatia.uio.no\lh-hf-iln-sociocognitivelab\Research\BabyLearn\french_data_arun\c056_8m_meal_0705.wav,mean_F2_lt_1000
14488,c056,8m,meal,705,pompon_1,on,IDS,236.91,0.06,57.13,240.96073541727677,236.2265117740826,243.4559815310405,7.229469756957883,480.5025898576119,736.5710507603372,2874.632879859658,3608.997584300148,480.20208099452975,736.3493291135118,2874.5453345713845,3612.970408999917,success,,,5410.0,\\hypatia.uio.no\lh-hf-iln-sociocognitivelab\Research\BabyLearn\french_data_arun\c056_8m_meal_0705.wav,mean_F2_lt_1000
14489,c056,8m,meal,705,pompon_2,on,IDS,237.13,0.07,73.54,237.2060446918156,231.54590260558945,240.45542224803248,8.909519642443058,438.2495082970224,853.3292522921337,2902.0730296304464,3632.527857504385,439.8594009438697,858.4400428548538,2894.585868972504,3610.0091029116174,success,,,5410.0,\\hypatia.uio.no\lh-hf-iln-sociocognitivelab\Research\BabyLearn\french_data_arun\c056_8m_meal_0705.wav,mean_F2_lt_1000
14511,c056,8m,meal,705,rentrer,an,IDS,298.44,0.12,116.86,228.0195203819977,195.30899391031653,248.4720729949945,53.163079084677975,469.6750514022029,890.836254889303,2945.6551816667184,3652.943579363928,642.2893064634737,871.60450226735,3004.5319120284103,3625.276716555831,success,,,4770.0,\\hypatia.uio.no\lh-hf-iln-sociocognitivelab\Research\BabyLearn\french_data_arun\c056_8m_meal_0705.wav,mean_F2_lt_1000
14552,c057,12m,meal,1245,trop,o,IDS,30.34,0.05,50.83,123.3207021722564,122.42584879202008,124.17665044966236,1.7508016576422565,505.3076409805433,997.9810626725967,2764.518218153606,3887.060377560603,505.3076409805433,997.9810626725967,2764.518218153606,3887.060377560603,success,,,5410.0,\\hypatia.uio.no\lh-hf-iln-sociocognitivelab\Research\BabyLearn\french_data_arun\c057_12m_meal_1245.wav,mean_F2_lt_1000
14564,c057,12m,meal,1245,presence,an,ADS,149.99,0.08,77.18,161.46389499945602,157.83677700792157,167.7946129632019,9.95783595528033,689.2837029587196,989.8494889929282,2092.171437515273,3326.398517807625,729.4383368575293,1033.7739256498255,1914.1127491612813,2932.883949780261,success,,,4630.0,\\hypatia.uio.no\lh-hf-iln-sociocognitivelab\Research\BabyLearn\french_data_arun\c057_12m_meal_1245.wav,mean_F2_lt_1000
14671,c057,4m,bath,2030,beau,o,IDS,77.51,0.13,134.65,265.48318321754743,201.38906780270057,419.7937532951255,218.40468549242493,474.9197092493416,903.6262047570611,2605.1755976585264,3642.4487982422247,507.3856086499198,1003.843429691415,2371.8772420713567,3606.644319318962,success,,,5410.0,\\hypatia.uio.no\lh-hf-iln-sociocognitivelab\Research\BabyLearn\french_data_arun\c057_4m_bath_2030.wav,mean_F2_lt_1000
14742,c057,4m,bath,2030,bon,on,IDS,428.11,0.14,136.11,397.5964445723537,378.4603909770316,407.0119019518901,28.55151097485856,431.8555633962798,849.9794598126632,2146.2014415263075,3190.961492578619,431.8646377455284,833.0785294878347,2225.516892580441,3398.7439851770373,success,,,4670.0,\\hypatia.uio.no\lh-hf-iln-sociocognitivelab\Research\BabyLearn\french_data_arun\c057_4m_bath_2030.wav,mean_F2_lt_1000
14746,c057,4m,bath,2030,mon,on,IDS,430.6,0.08,83.08,125.94378258218454,118.32547613155688,133.65816663857376,15.332690507016878,424.49227975215854,871.4869290551418,2657.1410971975515,3280.046829071281,442.22825934044994,905.0369109309177,2251.765528093584,2839.0273419044643,success,,,4670.0,\\hypatia.uio.no\lh-hf-iln-sociocognitivelab\Research\BabyLearn\french_data_arun\c057_4m_bath_2030.wav,mean_F2_lt_1000
14748,c057,4m,bath,2030,contente,on,IDS,436.04,0.06,63.87,280.8250928549021,272.2322019545761,289.8891234562304,17.656921501654267,527.2772968465553,832.2118025160607,2293.4641144090124,3311.348435834258,526.5419212358457,830.8790274214252,2285.040113685641,3315.927464124461,success,,,4670.0,\\hypatia.uio.no\lh-hf-iln-sociocognitivelab\Research\BabyLearn\french_data_arun\c057_4m_bath_2030.wav,mean_F2_lt_1000
14803,c057,4m,bath,2030,fait,ai,IDS,684.84,0.07,66.8,141.76258101413256,135.20656680936423,145.731889832159,10.525323022794764,1605.372231776805,2547.0279781440777,3246.7106975860283,3944.7736539654593,1530.222050984096,2450.4309814804865,2968.961745482068,3968.3104518900464,success,,,5120.0,\\hypatia.uio.no\lh-hf-iln-sociocognitivelab\Research\BabyLearn\french_data_arun\c057_4m_bath_2030.wav,mean_F1_gt_1500
14863,c057,8m,bath,1835,bon,on,IDS,143.91,0.07,74.61,385.70034470978,370.3324339380926,394.7975315547949,24.465097616702337,438.44376905225727,849.3443043897339,1751.323411955741,3332.4920166812917,458.2704139836659,841.1935772323953,1738.2765535721555,3320.1719396341723,success,,,4670.0,\\hypatia.uio.no\lh-hf-iln-sociocognitivelab\Research\BabyLearn\french_data_arun\c057_8m_bath_1835.wav,mean_F2_lt_1000
14881,c057,8m,bath,1835,on,on,ADS,187.73,0.08,84.18,313.02922044675176,299.8246248963528,327.3835296264043,27.55890473005155,499.7657125701169,988.2764226237264,2388.342425554626,3079.417385465354,477.9770380922845,972.7802355996822,2426.48666726267,3062.406608322872,success,,,4670.0,\\hypatia.uio.no\lh-hf-iln-sociocognitivelab\Research\BabyLearn\french_data_arun\c057_8m_bath_1835.wav,mean_F2_lt_1000
14963,c057,8m,play,1840,tombe,on,IDS,3.32,0.12,124.84,318.7590687448732,312.13316271166985,332.97731033374095,20.84414762207109,360.4036029691394,929.3873064507626,2123.6397107850853,3243.475092048349,403.6963795981931,757.5468685272094,2040.291977404424,3320.5969751949056,success,,,4670.0,\\hypatia.uio.no\lh-hf-iln-sociocognitivelab\Research\BabyLearn\french_data_arun\c057_8m_play_1840.wav,mean_F2_lt_1000
15001,c057,8m,play,1840,on,on,IDS,134.31,0.09,93.35,240.1553652906817,234.97216442030356,247.31739049832865,12.345226078025092,399.8495670419566,880.9032486709984,2267.658172614326,3253.931117343363,397.5499926773281,962.2888817413508,2388.161339928776,3478.970497874885,success,,,4670.0,\\hypatia.uio.no\lh-hf-iln-sociocognitivelab\Research\BabyLearn\french_data_arun\c057_8m_play_1840.wav,mean_F2_lt_1000
15011,c057,8m,play,1840,elephant,an,IDS,207.95,0.29,291.7,275.4639599616572,196.0775059313853,420.2535965577007,224.17609062631536,510.12011879454,917.1003449174495,2117.8731616508835,3144.404919138522,399.0517648993966,788.471447460288,2098.0850976297465,2972.921879820513,success,,,4630.0,\\hypatia.uio.no\lh-hf-iln-sociocognitivelab\Research\BabyLearn\french_data_arun\c057_8m_play_1840.wav,mean_F2_lt_1000
15017,c057,8m,play,1840,hippopotame_2,o,IDS,212.86,0.07,67.53,184.3973771557796,177.33271163598613,195.19677679546555,17.864065159479424,450.6579487213724,906.5226646493496,2786.3758010153674,3546.61781823713,450.9854151685152,910.8173357871632,2775.693826941924,3541.4903827664702,success,,,5410.0,\\hypatia.uio.no\lh-hf-iln-sociocognitivelab\Research\BabyLearn\french_data_arun\c057_8m_play_1840.wav,mean_F2_lt_1000
15020,c057,8m,play,1840,lion,on,IDS,215.29,0.3,299.87,152.38184749258505,131.77057916310685,168.77113966656108,37.00056050345424,478.3434291255003,970.2217217580736,2367.092002400257,3245.6396773351453,420.8947513455775,1001.5351878738104,2275.557169194007,3200.8483596809147,success,,,4670.0,\\hypatia.uio.no\lh-hf-iln-sociocognitivelab\Research\BabyLearn\french_data_arun\c057_8m_play_1840.wav,mean_F2_lt_1000
15041,c057,8m,play,1840,envolent,an,IDS,264.63,0.09,88.98,268.6886592635141,257.91505058918733,283.2921184587615,25.377067869574148,418.17254330114497,735.710849453453,2311.681511688504,3058.379657834118,398.974335507446,733.0993108019736,2295.500550883894,3126.552855798069,success,,,4630.0,\\hypatia.uio.no\lh-hf-iln-sociocognitivelab\Research\BabyLearn\french_data_arun\c057_8m_play_1840.wav,mean_F2_lt_1000
15071,c057,8m,play,1840,ton,on,IDS,293.28,0.07,69.07,260.8088484913449,254.0532004747174,264.5581290805913,10.504928605873886,362.6418213947641,715.5431240635339,2695.1935287879223,3446.0055472072686,318.4320007545262,829.3015492466694,2763.8814814824104,3272.785531221039,success,,,4670.0,\\hypatia.uio.no\lh-hf-iln-sociocognitivelab\Research\BabyLearn\french_data_arun\c057_8m_play_1840.wav,mean_F2_lt_1000
15097,c057,8m,play,1845,eau,o,IDS,5.44,0.07,69.1,199.2270629491478,191.8152210623216,207.9390733940689,16.123852331747344,416.8940249046441,983.2077082314825,2529.623097034796,3551.688971411549,419.92989791078304,992.9114573531554,2500.060530875565,3486.4381018745867,success,,,5410.0,\\hypatia.uio.no\lh-hf-iln-sociocognitivelab\Research\BabyLearn\french_data_arun\c057_8m_play_1845.wav,mean_F2_lt_1000
15118,c057,8m,play,1845,montre,on,IDS,40.5,0.06,55.36,209.2444944700199,207.64949006751527,210.1324722700183,2.482982202503024,552.2549235192845,988.124022162072,2482.7283852933665,3818.09476067778,557.2661647456212,1078.1822229169827,2508.05488565375,3810.056681755788,success,,,4670.0,\\hypatia.uio.no\lh-hf-iln-sociocognitivelab\Research\BabyLearn\french_data_arun\c057_8m_play_1845.wav,mean_F2_lt_1000
15136,c057,8m,play,1845,elephant,an,IDS,54.07,0.08,84.1,219.12885253695308,210.76172002960348,222.5077216195508,11.746001589947326,475.6984428021664,980.5147393235592,2468.6916279754,3509.780587657116,543.4460378246571,975.7793318296336,2631.6494725790794,3790.922973302343,success,,,4630.0,\\hypatia.uio.no\lh-hf-iln-sociocognitivelab\Research\BabyLearn\french_data_arun\c057_8m_play_1845.wav,mean_F2_lt_1000
15147,c057,8m,play,1845,un,in,IDS,60.9,0.06,60.9,348.18895680094244,341.58901624464403,354.53165605485043,12.9426398102064,523.3810880297725,975.466694091594,3403.5618404795805,4060.6565162248544,526.269639069538,899.5225573052546,3438.2770652647314,4130.226002132945,success,,,5660.0,\\hypatia.uio.no\lh-hf-iln-sociocognitivelab\Research\BabyLearn\french_data_arun\c057_8m_play_1845.wav,mean_F2_lt_1000
15176,c057,8m,play,1845,on,on,IDS,90.73,0.08,82.98,172.72700410790165,171.15420023975597,173.85286169041356,2.698661450657596,553.0798859126777,842.0061681741614,2537.988743340612,3338.2967006600416,559.413608727236,823.8188964555151,2564.333450540514,3424.938691923163,success,,,4670.0,\\hypatia.uio.no\lh-hf-iln-sociocognitivelab\Research\BabyLearn\french_data_arun\c057_8m_play_1845.wav,mean_F2_lt_1000
15240,c061,12m,bath,910,oh,o,IDS,168.27,0.1,97.2,268.18324545027986,263.6720506604096,271.8730487123552,8.20099805194559,581.5216903245937,929.2432271298736,2495.681607987722,3581.693926442964,569.7720924793628,889.2035503261499,2425.7704749998124,3565.047586650838,success,,,4960.0,\\hypatia.uio.no\lh-hf-iln-sociocognitivelab\Research\BabyLearn\french_data_arun\c061_12m_bath_0910.wav,mean_F2_lt_1000
15241,c061,12m,bath,910,mon,on,IDS,168.49,0.1,104.74,257.7065359751153,255.18284731500137,263.1060830871261,7.923235772124713,548.6497477983094,942.7038098867764,2469.4488390592605,3548.370253332824,567.9604379331105,960.4932240311932,2723.284471098652,2904.145792065367,success,,,4790.0,\\hypatia.uio.no\lh-hf-iln-sociocognitivelab\Research\BabyLearn\french_data_arun\c061_12m_bath_0910.wav,mean_F2_lt_1000
15289,c061,12m,bath,910,bobo_2,o,IDS,282.8,0.09,88.33,232.10228964380215,227.7467358725558,235.80774674300832,8.06101087045252,461.612863463168,978.4415959014344,2431.719517384594,3382.893875254161,459.385662129414,959.3520401525898,2465.657959053357,3575.820604216917,success,,,4960.0,\\hypatia.uio.no\lh-hf-iln-sociocognitivelab\Research\BabyLearn\french_data_arun\c061_12m_bath_0910.wav,mean_F2_lt_1000
15300,c061,12m,bath,925,ongles,on,IDS,8.91,0.1,101.83,254.98959108812923,253.5895975509792,256.3796209572314,2.790023406252203,761.5430990617054,888.759876702758,2539.9994524869576,3202.706882887065,755.3479024738767,887.3857961112467,2544.440624965568,3021.328643976202,success,,,4790.0,\\hypatia.uio.no\lh-hf-iln-sociocognitivelab\Research\BabyLearn\french_data_arun\c061_12m_bath_0925.wav,mean_F2_lt_1000
15302,c061,12m,bath,925,couper,ou,IDS,11.81,0.08,82.62,231.88983893773144,227.83216581194264,234.4812374745706,6.649071662627961,459.1617737428839,931.7040613518216,1964.479722245876,3064.9115334373923,464.33162704209286,894.7878909877127,1903.726549116716,2986.6283416262804,success,,,4400.0,\\hypatia.uio.no\lh-hf-iln-sociocognitivelab\Research\BabyLearn\french_data_arun\c061_12m_bath_0925.wav,mean_F2_lt_1000
15329,c061,12m,bath,925,bobo_1,o,IDS,57.68,0.07,74.47,171.77798673971665,169.2779204802974,175.85336057786552,6.575440097568105,372.896817205178,955.324421161145,2398.1511619547687,3579.6666075729668,370.8690001922018,938.8866102490382,2265.2543173939057,3616.6331055055134,success,,,4960.0,\\hypatia.uio.no\lh-hf-iln-sociocognitivelab\Research\BabyLearn\french_data_arun\c061_12m_bath_0925.wav,mean_F2_lt_1000
15533,c061,4m,bath,1905,coucou_2,ou,IDS,441.29,0.65,646.36,424.33233998679145,373.6721536738466,434.9862462586223,61.31409258477572,459.242658043022,992.621863162874,2037.9341730340232,3110.7807469553622,499.52222964294685,850.4071284414287,1913.7982951641156,3029.1667388793253,success,,,4400.0,\\hypatia.uio.no\lh-hf-iln-sociocognitivelab\Research\BabyLearn\french_data_arun\c061_4m_bath_1905.wav,mean_F2_lt_1000
15534,c061,4m,bath,1905,hop,au,IDS,454.75,0.09,90.3,486.1099263272849,425.0501631985177,524.6585964212326,99.6084332227149,730.275977459614,997.8134631357282,1858.9942280998248,3029.390945752962,723.6559334839607,995.668546998406,1859.196558751789,3004.8915934280167,success,,,4400.0,\\hypatia.uio.no\lh-hf-iln-sociocognitivelab\Research\BabyLearn\french_data_arun\c061_4m_bath_1905.wav,mean_F2_lt_1000
15545,c061,4m,bath,1905,coucou_1,ou,IDS,473.34,0.08,82.07,452.4781724213466,442.1404742400275,463.5864769100296,21.44600267000203,461.7887800515,972.9211866764,2068.380014696043,2863.2498941700183,457.8578052672758,931.0263632934748,2165.214101749033,2787.9247984750523,success,,,4400.0,\\hypatia.uio.no\lh-hf-iln-sociocognitivelab\Research\BabyLearn\french_data_arun\c061_4m_bath_1905.wav,mean_F2_lt_1000
15609,c061,8m,play,1730,bisou,ou,IDS,17.72,0.21,206.48,352.74319353653374,345.59887689150395,368.8560871383133,23.257210246809397,413.299301984997,977.5190570132714,2276.644891553472,3167.6224951608147,394.1318594613783,982.461923353744,2463.716109052514,3020.0234636330506,success,,,4400.0,\\hypatia.uio.no\lh-hf-iln-sociocognitivelab\Research\BabyLearn\french_data_arun\c061_8m_play_1730.wav,mean_F2_lt_1000
15679,c062,12m,bath,2010,oui,ou,IDS,171.04,0.11,105.52,213.43800378261935,212.00141143871863,215.4819931397462,3.480581701027546,505.3131659685628,844.342339689784,2497.3709599849744,3136.906076860436,515.9456967128633,757.9353662085858,2478.622635034465,2899.488626588595,success,,,4590.0,\\hypatia.uio.no\lh-hf-iln-sociocognitivelab\Research\BabyLearn\french_data_arun\c062_12m_bath_2010.wav,mean_F2_lt_1000
15688,c062,12m,bath,2010,content,on,ADS,279.42,0.05,48.12,178.76582339728282,177.28488963140026,181.26566181509128,3.980772183691016,490.3163709209389,979.378972075196,2042.485331114165,3133.5626164458063,490.3163709209389,979.378972075196,2042.485331114165,3133.5626164458063,success,,,4480.0,\\hypatia.uio.no\lh-hf-iln-sociocognitivelab\Research\BabyLearn\french_data_arun\c062_12m_bath_2010.wav,mean_F2_lt_1000
15694,c062,12m,bath,2010,bon,on,IDS,286.21,0.1,103.51,387.2567689874745,298.6319615649249,445.2432726486463,146.61131108372132,526.6255564082122,928.8217438393189,2277.342952188076,3069.9784180095658,667.2943036983205,851.1412829961938,2136.3144079598787,2903.417090343517,success,,,4480.0,\\hypatia.uio.no\lh-hf-iln-sociocognitivelab\Research\BabyLearn\french_data_arun\c062_12m_bath_2010.wav,mean_F2_lt_1000
15700,c062,12m,bath,2010,sourire,ou,ADS,293.82,0.08,80.35,164.00139340988977,160.16827817053823,169.98056312639696,9.812284955858727,465.67747614936223,988.500976615252,2258.67392800832,3479.145463821314,470.4741527782271,985.559806852728,2273.7806761416305,3566.7368714950944,success,,,4590.0,\\hypatia.uio.no\lh-hf-iln-sociocognitivelab\Research\BabyLearn\french_data_arun\c062_12m_bath_2010.wav,mean_F2_lt_1000
15798,c062,4m,bath,1830,on,on,IDS,14.46,0.1,104.53,288.1250917360909,274.35602239713046,310.1625696472758,35.80654725014534,423.5644420715168,943.0919193097992,2128.8170820246896,2806.0768309561017,427.2483078771178,988.3114606578127,2357.441629294842,2870.70392010741,success,,,4480.0,\\hypatia.uio.no\lh-hf-iln-sociocognitivelab\Research\BabyLearn\french_data_arun\c062_4m_bath_1830.wav,mean_F2_lt_1000
15818,c062,4m,bath,1830,ou,ou,IDS,87.14,0.1,97.97,224.3383427405472,153.7182034569903,314.1590126617379,160.4408092047476,492.0985164385027,851.3501310694534,2328.255503516276,3119.862641562326,471.2768992001632,784.4507291482347,2485.7999689433573,3169.556184844099,success,,,4590.0,\\hypatia.uio.no\lh-hf-iln-sociocognitivelab\Research\BabyLearn\french_data_arun\c062_4m_bath_1830.wav,mean_F2_lt_1000
15874,c062,4m,bath,1830,ou,ou,IDS,209.39,0.1,104.15,413.3357097444364,381.0116616577077,440.5190655579472,59.50740390023947,413.3292641921943,878.8927747414639,2336.395212118477,3299.6682195093576,404.0788836912323,880.1836784952163,2338.163799498044,3358.120903354542,success,,,4590.0,\\hypatia.uio.no\lh-hf-iln-sociocognitivelab\Research\BabyLearn\french_data_arun\c062_4m_bath_1830.wav,mean_F2_lt_1000
15892,c062,4m,bath,1830,au,o,IDS,325.93,0.08,76.37,298.90002421922463,295.62994258046734,301.2020606871889,5.572118106721575,626.7703678036625,945.701875422431,2290.212489505808,3486.1603948017064,617.4600371302336,948.5163012969738,2273.751526638316,3504.463275946954,success,,,4810.0,\\hypatia.uio.no\lh-hf-iln-sociocognitivelab\Research\BabyLearn\french_data_arun\c062_4m_bath_1830.wav,mean_F2_lt_1000
15931,c062,8m,bath,1030,nouvelle,ou,IDS,210.85,0.05,53.57,182.82892432757544,182.30159179225336,183.2898767246963,0.9882849324429516,488.998097649857,991.0918117991516,2142.404269243398,3408.754529138257,488.998097649857,991.0918117991516,2142.404269243398,3408.754529138257,success,,,4590.0,\\hypatia.uio.no\lh-hf-iln-sociocognitivelab\Research\BabyLearn\french_data_arun\c062_8m_bath_1030.wav,mean_F2_lt_1000
16010,c065,12m,play,1910,attention,an,IDS,19.29,0.08,84.45,306.55422203905465,305.30565628645513,308.206355796218,2.900699509762888,476.8825907987056,909.7022445268648,1571.2773469785348,3089.68664361679,451.61509823600727,923.9299832010024,1577.0059701408077,3088.114215106089,success,,,4530.0,\\hypatia.uio.no\lh-hf-iln-sociocognitivelab\Research\BabyLearn\french_data_arun\c065_12m_play_1910.wav,mean_F2_lt_1000
16126,c065,12m,play,1920,contente,on,ADS,222.95,0.09,90.77,300.79513452161376,294.09090738487265,308.7582069888604,14.667299603987717,328.9568214555889,991.7366404643602,2403.207197230515,3455.402283170463,327.314766591054,883.4764928700607,2418.462960255475,3645.6127319888014,success,,,4770.0,\\hypatia.uio.no\lh-hf-iln-sociocognitivelab\Research\BabyLearn\french_data_arun\c065_12m_play_1920.wav,mean_F2_lt_1000
16130,c065,12m,play,1920,longtemps,on,ADS,223.75,0.07,72.77,291.46750766749096,287.12794270789163,294.5750299671337,7.447087259242039,387.1027094084979,975.2975512895978,2486.029696110013,3441.318226292385,377.2757593002349,970.358325771601,2581.61147084154,3351.774790999445,success,,,4770.0,\\hypatia.uio.no\lh-hf-iln-sociocognitivelab\Research\BabyLearn\french_data_arun\c065_12m_play_1920.wav,mean_F2_lt_1000
16198,c065,4m,bath,1310,mouvements,ou,IDS,300.96,0.1,102.91,292.1257999482531,290.72840445053663,293.67569879663887,2.94729434610224,425.7680471164439,845.7959006433855,2503.9042307157465,3146.656020076666,420.3162230266266,880.5098538622178,2910.7430758058867,3637.581339614847,success,,,4410.0,\\hypatia.uio.no\lh-hf-iln-sociocognitivelab\Research\BabyLearn\french_data_arun\c065_4m_bath_1310.wav,mean_F2_lt_1000
16202,c065,4m,bath,1310,beaux,o,IDS,303.49,0.11,109.69,217.76633862717108,208.9875808955352,224.7109533785801,15.723372483044956,461.682721336579,956.118965629968,2164.6672459419315,3153.5138172173383,465.5025438580317,875.7524043967801,1917.9039271282047,3345.646811677821,success,,,4500.0,\\hypatia.uio.no\lh-hf-iln-sociocognitivelab\Research\BabyLearn\french_data_arun\c065_4m_bath_1310.wav,mean_F2_lt_1000
16221,c065,4m,bath,1310,roules,ou,IDS,314.07,0.05,51.18,355.42006592192934,355.1605333684147,355.72716606433335,0.5666326959186563,498.97227116910375,711.3566795404442,2043.0649909975489,3497.543012031042,498.97227116910375,711.3566795404442,2043.0649909975489,3497.543012031042,success,,,4410.0,\\hypatia.uio.no\lh-hf-iln-sociocognitivelab\Research\BabyLearn\french_data_arun\c065_4m_bath_1310.wav,mean_F2_lt_1000
16225,c065,4m,bath,1310,pauvre,o,IDS,318.57,0.08,75.79,326.46401311819875,321.1396511770202,329.8467351393658,8.70708396234562,406.7959114721499,994.0385531690378,2499.1138554574545,3229.7432011260958,393.9058517217,990.1876004821696,2299.070957372068,2786.20663289649,success,,,4500.0,\\hypatia.uio.no\lh-hf-iln-sociocognitivelab\Research\BabyLearn\french_data_arun\c065_4m_bath_1310.wav,mean_F2_lt_1000
16257,c065,4m,bath,1310,tout,ou,IDS,420.1,0.1,99.04,385.31181103695263,375.0524316800677,393.1345097111643,18.08207803109656,399.3937886335716,983.3846994410034,2152.22518968357,3116.5393405212235,398.0210951623889,902.2628424651446,2094.8303679599157,3182.532254561081,success,,,4410.0,\\hypatia.uio.no\lh-hf-iln-sociocognitivelab\Research\BabyLearn\french_data_arun\c065_4m_bath_1310.wav,mean_F2_lt_1000
16339,c065,8m,bath,1440,pour,ou,IDS,7.41,0.06,63.12,210.19476092913987,205.77550576523916,214.11884892414773,8.343343158908596,545.7747041166485,875.1725911314261,2848.829744123703,3240.792719334423,539.7221630189127,840.9170333840796,2854.034165258838,2984.070970123108,success,,,4410.0,\\hypatia.uio.no\lh-hf-iln-sociocognitivelab\Research\BabyLearn\french_data_arun\c065_8m_bath_1440.wav,mean_F2_lt_1000
16354,c065,8m,bath,1440,oui,ou,IDS,19.46,0.25,248.51,348.2360891814236,322.333207835517,394.5640925583265,72.23088472280949,351.2789233442616,974.4270312713876,2192.7121371971984,3092.4394225111573,345.25167868474904,836.8816316401698,2182.796301064925,3288.687330432879,success,,,4410.0,\\hypatia.uio.no\lh-hf-iln-sociocognitivelab\Research\BabyLearn\french_data_arun\c065_8m_bath_1440.wav,mean_F2_lt_1000
16401,c065,8m,bath,1440,promis,o,IDS,64.1,0.09,93.11,319.6848395067371,301.5855056868389,341.83126200327683,40.24575631643791,559.8611095509004,989.3477189911672,2052.999139029437,3017.662584063581,559.9860521918941,930.8556814178958,2329.7645135908747,2973.204947800069,success,,,4500.0,\\hypatia.uio.no\lh-hf-iln-sociocognitivelab\Research\BabyLearn\french_data_arun\c065_8m_bath_1440.wav,mean_F2_lt_1000
16403,c065,8m,bath,1440,promis,o,IDS,66.03,0.1,103.35,267.2801032091996,259.82521262546146,274.3099621462159,14.484749520754464,531.5201658608653,981.7693742203968,2502.413245812133,2979.2049807542767,529.7157880068564,1020.661235285496,2287.115007628952,3012.8449816852426,success,,,4500.0,\\hypatia.uio.no\lh-hf-iln-sociocognitivelab\Research\BabyLearn\french_data_arun\c065_8m_bath_1440.wav,mean_F2_lt_1000
16431,c065,8m,bath,1440,ouh,ou,IDS,81.83,0.11,108.64,381.6391563455129,378.9716378437679,382.1825656899365,3.210927846168545,407.5244757673266,781.3170284790734,2104.07302998764,2783.9319490468565,402.31536473015257,779.4863393132582,2037.871227520226,2792.8864451777413,success,,,4410.0,\\hypatia.uio.no\lh-hf-iln-sociocognitivelab\Research\BabyLearn\french_data_arun\c065_8m_bath_1440.wav,mean_F2_lt_1000
16445,c065,8m,bath,1440,ouh,ou,IDS,129.13,0.72,722.85,380.0327417633814,206.94427257510225,554.1805284998042,347.23625592470194,437.49343715236586,976.39975852589,2334.0734662058267,3215.5785726602894,413.6555989579284,761.536216563833,2263.578132767863,3207.2542286057287,success,,,4410.0,\\hypatia.uio.no\lh-hf-iln-sociocognitivelab\Research\BabyLearn\french_data_arun\c065_8m_bath_1440.wav,mean_F2_lt_1000
16449,c065,8m,bath,1440,gros,o,IDS,132.08,0.1,95.5,195.78695954371608,193.66598263751536,197.44950833384183,3.7835256963265063,540.1669134457896,830.0550179774638,2200.4634627673195,3295.492232036085,596.808018110172,790.0344295649468,2134.054776957156,3281.9268990221008,success,,,4500.0,\\hypatia.uio.no\lh-hf-iln-sociocognitivelab\Research\BabyLearn\french_data_arun\c065_8m_bath_1440.wav,mean_F2_lt_1000
16489,c065,8m,bath,1445,ouh,ou,IDS,68.73,0.2,198.77,392.29639139005786,362.3143095339299,414.1147066779714,51.80039714404154,433.5209177065373,811.1887028856851,2279.687578825206,3309.025852235565,435.195201822371,794.8362895698425,2334.0318694373705,3347.92956661838,success,,,4410.0,\\hypatia.uio.no\lh-hf-iln-sociocognitivelab\Research\BabyLearn\french_data_arun\c065_8m_bath_1445.wav,mean_F2_lt_1000
16498,c065,8m,bath,1445,ouh,ou,IDS,81.94,0.05,50.3,341.0396780036087,339.6760447080158,343.47846851063844,3.802423802622627,368.56142917282256,982.7908860056198,2226.297143615359,3385.5795678094105,368.56142917282256,982.7908860056198,2226.297143615359,3385.5795678094105,success,,,4410.0,\\hypatia.uio.no\lh-hf-iln-sociocognitivelab\Research\BabyLearn\french_data_arun\c065_8m_bath_1445.wav,mean_F2_lt_1000
16520,c065,8m,bath,1445,gros,o,IDS,163.34,0.06,59.36,291.4383402266036,276.9602407840679,304.1692430562486,27.20900227218073,570.6612225453395,947.1302742310614,2413.9395820984278,3125.0604176582538,571.165748609611,943.1024480098826,2364.0208078867145,3155.875297919948,success,,,4500.0,\\hypatia.uio.no\lh-hf-iln-sociocognitivelab\Research\BabyLearn\french_data_arun\c065_8m_bath_1445.wav,mean_F2_lt_1000
16524,c065,8m,bath,1445,amour,ou,IDS,163.98,0.07,73.09,173.24881160435584,165.77785147449714,182.2275388717592,16.449687397262068,624.2289029083521,998.8419930887428,1944.4479633428248,2936.296627111043,623.7202322211718,996.244009113725,2014.1375093365832,2894.516520011869,success,,,4410.0,\\hypatia.uio.no\lh-hf-iln-sociocognitivelab\Research\BabyLearn\french_data_arun\c065_8m_bath_1445.wav,mean_F2_lt_1000
16529,c065,8m,bath,1445,amour,ou,IDS,167.0,0.05,51.83,313.79451763458235,313.4591300274133,314.4498970028905,0.990766975477186,343.80680140167505,853.3054731410336,1910.51546076018,3027.9607897521,343.80680140167505,853.3054731410336,1910.51546076018,3027.9607897521,success,,,4410.0,\\hypatia.uio.no\lh-hf-iln-sociocognitivelab\Research\BabyLearn\french_data_arun\c065_8m_bath_1445.wav,mean_F2_lt_1000
16531,c065,8m,bath,1445,comment,an,IDS,203.78,0.15,146.94,380.1744668625708,357.8736176711616,393.8609592781828,35.98734160702122,492.2893728061723,895.1121265804861,2329.223228232544,3403.139362421212,428.3153439871416,826.5462099031992,1985.242746152104,3216.121723433461,success,,,4530.0,\\hypatia.uio.no\lh-hf-iln-sociocognitivelab\Research\BabyLearn\french_data_arun\c065_8m_bath_1445.wav,mean_F2_lt_1000
16563,c065,8m,bath,1445,mon,on,IDS,257.95,0.1,98.92,354.47480995437843,323.12703264612026,383.6111041026799,60.48407145655966,391.9153962732405,937.7539151411244,2297.7500740258106,3886.8952342190073,390.724972646824,896.1937738990409,2308.398358337353,3921.543716463245,success,,,4770.0,\\hypatia.uio.no\lh-hf-iln-sociocognitivelab\Research\BabyLearn\french_data_arun\c065_8m_bath_1445.wav,mean_F2_lt_1000
16614,c065,8m,bath,1450,oh,o,IDS,40.88,0.15,146.36,425.8472980081758,404.50167826343,446.8348120825978,42.33313381916781,570.9644175362771,942.747762953409,2212.438860396333,3252.6275276084752,544.1290847366768,859.0072373969194,2182.737874222833,3172.7814404598266,success,,,4500.0,\\hypatia.uio.no\lh-hf-iln-sociocognitivelab\Research\BabyLearn\french_data_arun\c065_8m_bath_1450.wav,mean_F2_lt_1000
16625,c065,8m,bath,1450,aujourdhui,o,IDS,45.37,0.11,109.79,406.8624787381978,400.9574468827492,413.0557459634417,12.098299080692527,484.5648988585468,828.6445785488303,1985.2699450230448,2997.2412114891367,476.32164663151406,812.7761541062578,1805.9029661536365,2967.7200171428053,success,,,4500.0,\\hypatia.uio.no\lh-hf-iln-sociocognitivelab\Research\BabyLearn\french_data_arun\c065_8m_bath_1450.wav,mean_F2_lt_1000
16718,c067,12m,bath,1845,absolument,an,ADS,10.4,0.05,54.63,237.6162674835228,237.4526493740842,237.795654251944,0.3430048778597836,560.7275269763585,957.414719476884,2081.7476210683867,3267.6828318505163,560.7275269763585,957.414719476884,2081.7476210683867,3267.6828318505163,success,,,4530.0,\\hypatia.uio.no\lh-hf-iln-sociocognitivelab\Research\BabyLearn\french_data_arun\c067_12m_bath_1845.wav,mean_F2_lt_1000
16732,c067,12m,bath,1845,longtemps,an,ADS,32.63,0.08,76.04,391.7402694132098,382.616238067498,399.81822032233305,17.20198225483506,697.678760980612,941.6569898472088,1908.0922545718904,3197.7937301800725,764.3954247394738,788.29570629927,1969.1621363345284,3201.278585219062,success,,,4530.0,\\hypatia.uio.no\lh-hf-iln-sociocognitivelab\Research\BabyLearn\french_data_arun\c067_12m_bath_1845.wav,mean_F2_lt_1000
16754,c067,12m,bath,1845,montre,on,IDS,164.79,0.08,81.56,395.1932399189333,358.4120405012027,424.8770928915781,66.46505239037543,590.4541098200157,858.0066299643884,2197.215884494892,3334.0988950753945,518.5597859872976,920.085350637059,2242.1157043316,3295.721283441984,success,,,4580.0,\\hypatia.uio.no\lh-hf-iln-sociocognitivelab\Research\BabyLearn\french_data_arun\c067_12m_bath_1845.wav,mean_F2_lt_1000
16773,c067,12m,bath,1845,longtemps,an,IDS,245.98,0.06,58.31,246.60938049600017,243.022977842616,254.08678600631808,11.063808163702106,501.16388410874725,980.8440570260613,2096.032224430063,3221.625064153167,521.9740386285017,977.1962506717186,2091.1953147661693,3232.2309584815366,success,,,4530.0,\\hypatia.uio.no\lh-hf-iln-sociocognitivelab\Research\BabyLearn\french_data_arun\c067_12m_bath_1845.wav,mean_F2_lt_1000
16797,c067,12m,bath,1855,desinfectant,an,IDS,164.93,0.14,141.69,195.826982794357,184.27136041829303,205.4929608167877,21.221600398494644,608.2333739088683,921.0387468885118,2405.0761154766897,3158.4155626777824,582.434278718714,768.0028866166467,2340.701644765431,3222.286964819265,success,,,4530.0,\\hypatia.uio.no\lh-hf-iln-sociocognitivelab\Research\BabyLearn\french_data_arun\c067_12m_bath_1855.wav,mean_F2_lt_1000
16809,c067,12m,bath,1855,manger,an,ADS,238.56,0.07,67.42,223.81772513773785,221.2845610996706,225.46869573375807,4.184134634087457,511.9180746435291,952.1656585895016,2221.4844247790284,3285.3232865284435,481.8869473371491,930.5759772219022,2143.524699708912,3481.3773706961933,success,,,4530.0,\\hypatia.uio.no\lh-hf-iln-sociocognitivelab\Research\BabyLearn\french_data_arun\c067_12m_bath_1855.wav,mean_F2_lt_1000
16813,c067,12m,bath,1855,heureusement,an,ADS,240.12,0.14,136.63,234.32954781016895,222.0711802723736,250.8848840808887,28.813703808515072,581.1705727418121,820.6310247920812,2204.6253904526825,3481.5343493850582,625.8935853497837,949.8182433023852,2285.754086282729,3461.2783248991627,success,,,4530.0,\\hypatia.uio.no\lh-hf-iln-sociocognitivelab\Research\BabyLearn\french_data_arun\c067_12m_bath_1855.wav,mean_F2_lt_1000
16814,c067,12m,bath,1855,on,on,ADS,240.32,0.13,127.66,222.42564725211292,204.27529045398063,251.5752573340323,47.29996688005164,371.24378756431895,955.0381618241512,2311.136640769494,3294.314921614426,280.4037849827982,866.9589612829417,2154.499694885594,3260.0579737824637,success,,,4580.0,\\hypatia.uio.no\lh-hf-iln-sociocognitivelab\Research\BabyLearn\french_data_arun\c067_12m_bath_1855.wav,mean_F2_lt_1000
16830,c067,12m,bath,1900,maman,an,IDS,28.42,0.15,152.84,219.3559621955632,107.68648799077476,254.22866582868485,146.54217783791012,325.15653255461655,939.2342805471088,2158.1186870089978,3178.688911202903,321.8886770942351,874.9643269210846,2123.4342400158066,3213.6237202864368,success,,,4530.0,\\hypatia.uio.no\lh-hf-iln-sociocognitivelab\Research\BabyLearn\french_data_arun\c067_12m_bath_1900.wav,mean_F2_lt_1000
16835,c067,12m,bath,1900,maman,an,IDS,34.09,0.15,148.73,108.39468767533684,106.39566244494522,109.59562127898542,3.1999588340402028,642.3649675135152,915.466660586252,2151.5379900728267,3433.3796955573084,750.9246496090284,888.9027260937195,2156.528218251804,3769.3879245846497,success,,,4530.0,\\hypatia.uio.no\lh-hf-iln-sociocognitivelab\Research\BabyLearn\french_data_arun\c067_12m_bath_1900.wav,mean_F2_lt_1000
16886,c067,4m,bath,1610,retour,ou,IDS,5.38,0.1,103.21,337.3130713333865,334.6677456843499,339.75358162203133,5.085835937681452,438.9530206673918,741.3862765515363,2225.729768259249,3705.278407478616,496.77699702126216,721.0870369095985,2235.2990361992697,3739.203102724453,success,,,4720.0,\\hypatia.uio.no\lh-hf-iln-sociocognitivelab\Research\BabyLearn\french_data_arun\c067_4m_bath_1610.wav,mean_F2_lt_1000
16945,c067,4m,bath,1610,on,on,IDS,138.92,0.13,129.78,260.43499387697983,257.3730000260374,262.663182802708,5.2901827766705765,509.9411460031615,969.8390270573036,2232.7604061169195,3450.6759367007285,468.0586265889708,892.2513837761987,2153.116917314777,3283.975157165325,success,,,4580.0,\\hypatia.uio.no\lh-hf-iln-sociocognitivelab\Research\BabyLearn\french_data_arun\c067_4m_bath_1610.wav,mean_F2_lt_1000
16978,c067,4m,bath,1610,coton,on,IDS,222.71,0.15,151.49,248.50485876248692,238.00596515770172,253.141773096922,15.135807939220228,349.7006458144914,958.9795656668248,2279.6201779677767,3230.790550051772,352.68659850064927,986.3017452328982,2300.732298351322,3121.384734127375,success,,,4580.0,\\hypatia.uio.no\lh-hf-iln-sociocognitivelab\Research\BabyLearn\french_data_arun\c067_4m_bath_1610.wav,mean_F2_lt_1000
17021,c067,4m,bath,1610,quand,an,IDS,355.79,0.06,62.47,238.37111929173065,236.8266506597916,240.8765030068756,4.049852347083998,680.423497243051,927.5932852262088,1854.772099536224,2992.5808026888863,673.099962633549,928.6646937064954,1871.4044364673543,3012.758396465937,success,,,4530.0,\\hypatia.uio.no\lh-hf-iln-sociocognitivelab\Research\BabyLearn\french_data_arun\c067_4m_bath_1610.wav,mean_F2_lt_1000
17033,c067,4m,bath,1610,non,on,IDS,424.58,0.06,62.3,455.0545709673976,419.3075555628581,490.7436856979731,71.43613013511498,591.161715457844,901.7612616930212,1920.6637032500075,3555.0924776525026,596.789655070492,882.1108853020141,1895.1379683319333,3573.4502395972645,success,,,4580.0,\\hypatia.uio.no\lh-hf-iln-sociocognitivelab\Research\BabyLearn\french_data_arun\c067_4m_bath_1610.wav,mean_F2_lt_1000
17052,c067,4m,bath,1610,pour,ou,IDS,430.69,0.07,65.62,267.54191734153864,262.78244191573174,271.38807330149746,8.605631385765719,499.956937403405,974.0959487346116,2892.8863375856386,3830.396730831364,495.393946358453,976.871341923631,2870.8683001811087,4011.2555944547207,success,,,4720.0,\\hypatia.uio.no\lh-hf-iln-sociocognitivelab\Research\BabyLearn\french_data_arun\c067_4m_bath_1610.wav,mean_F2_lt_1000
17073,c067,4m,bath,1610,quand,an,IDS,447.53,0.07,74.27,394.01759669258735,392.9219130299833,394.5444517687818,1.6225387387984824,568.5755622070957,917.3531485218468,1619.1433404416057,3523.7634322230647,615.8316475803316,873.48188258471,1560.078855854331,3530.8579679563163,success,,,4530.0,\\hypatia.uio.no\lh-hf-iln-sociocognitivelab\Research\BabyLearn\french_data_arun\c067_4m_bath_1610.wav,mean_F2_lt_1000
17099,c067,8m,play,1435,pourquoi,ou,IDS,75.11,0.14,136.61,337.37987711958124,314.97533534391994,352.5670416481294,37.59170630420948,372.2722554014201,986.2988108809952,2236.8296605812493,3369.3534557360995,422.63749454256106,793.0368869355074,2203.9825038595013,3713.683310503919,success,,,4720.0,\\hypatia.uio.no\lh-hf-iln-sociocognitivelab\Research\BabyLearn\french_data_arun\c067_8m_play_1435.wav,mean_F2_lt_1000
17104,c067,8m,play,1435,pourtant,an,IDS,80.91,0.07,72.2,312.06118816612315,302.5139550322675,319.6917434763951,17.1777884441276,648.3052773921717,959.3104698801304,2110.5668087712806,3561.7638099865285,646.193158535088,954.4984817935538,2200.2278446591627,3569.198345855142,success,,,4530.0,\\hypatia.uio.no\lh-hf-iln-sociocognitivelab\Research\BabyLearn\french_data_arun\c067_8m_play_1435.wav,mean_F2_lt_1000
17126,c067,8m,play,1435,lego,o,IDS,92.23,0.4,400.15,338.14843764673606,314.58671872642225,358.32117248475413,43.73445375833188,439.8807025549828,972.3536998598972,2021.40034267396,3451.1484870397635,452.5923510819901,1006.2114809409592,2219.2245768809657,3394.427098625482,success,,,4590.0,\\hypatia.uio.no\lh-hf-iln-sociocognitivelab\Research\BabyLearn\french_data_arun\c067_8m_play_1435.wav,mean_F2_lt_1000
17153,c067,8m,play,1435,non,on,IDS,238.15,0.14,138.5,292.6198222857591,273.03170050564927,312.54208910927247,39.5103886036232,389.9213265714071,942.4467192129435,1921.3735734118852,3544.660806245108,355.3195550829173,983.083750199936,2688.4362436020724,3722.0382185877,success,,,4580.0,\\hypatia.uio.no\lh-hf-iln-sociocognitivelab\Research\BabyLearn\french_data_arun\c067_8m_play_1435.wav,mean_F2_lt_1000
17164,c067,8m,play,1440,lego,o,IDS,50.84,0.18,176.01,252.01675568644472,249.1070091875708,257.5247286396141,8.417719452043315,493.3885384186329,856.304220904449,2086.321878099451,3311.4516971555445,493.1857300465083,864.8210099507629,2117.6245880290835,3187.151249683942,success,,,4590.0,\\hypatia.uio.no\lh-hf-iln-sociocognitivelab\Research\BabyLearn\french_data_arun\c067_8m_play_1440.wav,mean_F2_lt_1000
17168,c067,8m,play,1440,en,an,IDS,61.62,0.06,63.57,227.13023493373012,223.8066291630457,230.292134255448,6.485505092402292,554.8996025992503,881.508048860533,1471.757684949955,3223.1115621213157,575.7873022804532,881.26682415183,1467.3186991714051,3230.345264666272,success,,,4530.0,\\hypatia.uio.no\lh-hf-iln-sociocognitivelab\Research\BabyLearn\french_data_arun\c067_8m_play_1440.wav,mean_F2_lt_1000
17197,c067,8m,play,1440,attends,an,IDS,195.95,0.09,93.08,222.27958165260057,220.16986321812848,224.6509160050252,4.481052786896726,485.7221167257594,910.2284232560262,2304.7095598518285,3658.461500233019,512.3406275819086,910.1918203515302,2050.226531163331,3596.551865725378,success,,,4530.0,\\hypatia.uio.no\lh-hf-iln-sociocognitivelab\Research\BabyLearn\french_data_arun\c067_8m_play_1440.wav,mean_F2_lt_1000
17210,c067,8m,play,1440,maman,a,IDS,229.17,0.07,73.6,254.41011695032023,253.07490038840328,256.4387537629293,3.3638533745260304,635.3465781261662,765.5885328862862,3168.524234300449,3914.3811695927984,673.940915798679,741.045831494243,3184.186035825377,3866.7208451055326,success,,,5790.0,\\hypatia.uio.no\lh-hf-iln-sociocognitivelab\Research\BabyLearn\french_data_arun\c067_8m_play_1440.wav,mean_F2_lt_1000
17211,c067,8m,play,1440,maman,an,IDS,229.33,0.06,61.55,278.92567756782205,276.839291565496,280.7363086731563,3.897017107660304,370.8985527903618,827.8318353507781,1867.9471599586052,3118.519825847953,368.6780672068519,831.3929827556271,1887.63825438132,3094.0216907660647,success,,,4530.0,\\hypatia.uio.no\lh-hf-iln-sociocognitivelab\Research\BabyLearn\french_data_arun\c067_8m_play_1440.wav,mean_F2_lt_1000
17222,c067,8m,play,1440,ouvre,ou,IDS,248.68,0.06,63.52,254.99872081938025,250.2994246796513,257.25336562926344,6.953940949612132,420.9827720798058,614.9688256945471,2123.4103313979144,3246.0818575484764,420.3180595031555,620.7566749668565,2121.1385337306424,3291.9010086865137,success,,,4720.0,\\hypatia.uio.no\lh-hf-iln-sociocognitivelab\Research\BabyLearn\french_data_arun\c067_8m_play_1440.wav,mean_F2_lt_1000
17246,c067,8m,play,1445,maman,an,IDS,24.6,0.08,83.7,296.3250528859076,295.1558957652812,297.52831716467153,2.372421399390362,453.32190637736807,890.4223260482667,2084.240660223804,3046.9499570823,456.9258177145446,890.3049314603059,2099.505160716319,3031.357422183192,success,,,4530.0,\\hypatia.uio.no\lh-hf-iln-sociocognitivelab\Research\BabyLearn\french_data_arun\c067_8m_play_1445.wav,mean_F2_lt_1000
17247,c067,8m,play,1445,mandarine,an,IDS,24.83,0.07,65.57,280.9462412421611,280.4164869224879,281.5134453406039,1.096958418116003,333.04177711308995,844.2175439092259,1754.2335346649647,3080.986776634982,341.1242177200708,844.4728968222566,1751.658699160264,3093.940508194804,success,,,4530.0,\\hypatia.uio.no\lh-hf-iln-sociocognitivelab\Research\BabyLearn\french_data_arun\c067_8m_play_1445.wav,mean_F2_lt_1000
17251,c067,8m,play,1445,pas,a,IDS,27.79,0.05,53.79,296.03513520002,293.3689664012722,299.8179602127111,6.448993811438925,606.4281293316366,998.4198437190552,2851.4070278009976,4606.403910775488,606.4281293316366,998.4198437190552,2851.4070278009976,4606.403910775488,success,,,5790.0,\\hypatia.uio.no\lh-hf-iln-sociocognitivelab\Research\BabyLearn\french_data_arun\c067_8m_play_1445.wav,mean_F2_lt_1000
17264,c067,8m,play,1445,trouve,ou,IDS,41.81,0.06,59.24,344.76358635696545,335.270353602316,354.7219947821972,19.451641179881165,367.0260638105325,724.5688122659848,2509.062372616658,3491.6598868316,366.9326634539731,724.9519102382454,2550.622970405243,3504.5161806263905,success,,,4720.0,\\hypatia.uio.no\lh-hf-iln-sociocognitivelab\Research\BabyLearn\french_data_arun\c067_8m_play_1445.wav,mean_F2_lt_1000
17266,c067,8m,play,1445,grognon,au,IDS,42.22,0.16,160.79,310.0543451849158,274.08349062255195,368.3646243411207,94.2811337185687,481.2947989848829,817.8756721746984,3060.317449419447,4249.708251400011,579.8134668230924,753.5444507751301,3180.389686696021,4300.913393605368,success,,,5860.0,\\hypatia.uio.no\lh-hf-iln-sociocognitivelab\Research\BabyLearn\french_data_arun\c067_8m_play_1445.wav,mean_F2_lt_1000
17267,c067,8m,play,1445,trouve,ou,IDS,45.33,0.05,53.07,438.10653304945873,427.28907403654296,449.76849075503225,22.47941671848929,450.4769572140033,894.6704727681472,2300.157181851041,3209.886760123796,450.4769572140033,894.6704727681472,2300.157181851041,3209.886760123796,success,,,4720.0,\\hypatia.uio.no\lh-hf-iln-sociocognitivelab\Research\BabyLearn\french_data_arun\c067_8m_play_1445.wav,mean_F2_lt_1000
17296,c067,8m,play,1445,maman,an,IDS,237.77,0.06,64.66,267.2002164292941,264.62993970267087,270.9913101506472,6.361370447976356,532.7116072041171,796.4682308963796,2283.6527839375854,3146.3003480815387,557.0446745207571,794.3827219346146,2264.724006492192,3115.107479149269,success,,,4530.0,\\hypatia.uio.no\lh-hf-iln-sociocognitivelab\Research\BabyLearn\french_data_arun\c067_8m_play_1445.wav,mean_F2_lt_1000
17300,c067,8m,play,1445,bravo,o,IDS,240.14,0.06,62.03,392.2342479457229,386.2156476209692,394.9399862544431,8.724338633473849,427.5495179053034,848.700548091823,2236.8051759042582,3255.4361962373687,431.9783668796617,856.3896812795075,2214.86199626033,3259.1672006890835,success,,,4590.0,\\hypatia.uio.no\lh-hf-iln-sociocognitivelab\Research\BabyLearn\french_data_arun\c067_8m_play_1445.wav,mean_F2_lt_1000
17306,c067,8m,play,1445,faut,o,IDS,249.2,0.05,50.28,289.1722355725071,287.6260729000552,290.61687725051684,2.9908043504616444,468.7397334773182,758.6871651857797,2503.7408214342927,3216.142744602824,468.7397334773182,758.6871651857797,2503.7408214342927,3216.142744602824,success,,,4590.0,\\hypatia.uio.no\lh-hf-iln-sociocognitivelab\Research\BabyLearn\french_data_arun\c067_8m_play_1445.wav,mean_F2_lt_1000
17393,c068,12m,play,1420,pousse,ou,IDS,73.74,0.16,158.47,289.32730091086336,254.3478215812279,311.45460943771843,57.10678785649054,309.756965526731,859.281491299619,2337.5274271633407,3227.4344734548554,308.31730056385004,669.0900035536031,2283.840010829191,3022.24187015439,success,,,4400.0,\\hypatia.uio.no\lh-hf-iln-sociocognitivelab\Research\BabyLearn\french_data_arun\c068_12m_play_1420.wav,mean_F2_lt_1000
17431,c068,12m,play,1420,couche,ou,IDS,104.66,0.19,186.15,381.4764574117007,293.6401268578982,409.215240699625,115.57511384172682,422.51823775260175,967.6676002944392,1944.8345357719163,2977.364750732467,437.57397284000456,887.9879322227762,2005.756164905484,3070.50271222405,success,,,4400.0,\\hypatia.uio.no\lh-hf-iln-sociocognitivelab\Research\BabyLearn\french_data_arun\c068_12m_play_1420.wav,mean_F2_lt_1000
17477,c068,12m,play,1420,oh,o,IDS,131.87,0.13,134.65,236.5004960153121,221.0715673654657,245.731050383994,24.65948301852828,473.96414045489314,733.8876129386294,2392.035305112015,3303.297257567397,481.7448086193523,654.2934953590805,2129.216329851817,3083.9102741959314,success,,,4570.0,\\hypatia.uio.no\lh-hf-iln-sociocognitivelab\Research\BabyLearn\french_data_arun\c068_12m_play_1420.wav,mean_F2_lt_1000
17480,c068,12m,play,1420,loup,ou,IDS,132.51,0.08,79.36,184.4128656662533,181.9228184932913,186.79825467531475,4.875436182023435,321.45180863874793,840.5275974474519,2121.8112568526094,3036.0928712216523,324.15999206056983,794.7475353416163,2170.417108800269,3101.029906111785,success,,,4400.0,\\hypatia.uio.no\lh-hf-iln-sociocognitivelab\Research\BabyLearn\french_data_arun\c068_12m_play_1420.wav,mean_F2_lt_1000
17508,c068,12m,play,1420,pauvre,o,IDS,162.28,0.06,63.12,214.7947111484883,212.2564445523851,217.77338658806568,5.516942035680586,440.276171981949,919.549660707168,2636.681918655549,3558.610882178048,440.26285520441695,922.1438741518408,2640.1076003147464,3554.303201712529,success,,,4570.0,\\hypatia.uio.no\lh-hf-iln-sociocognitivelab\Research\BabyLearn\french_data_arun\c068_12m_play_1420.wav,mean_F2_lt_1000
17510,c068,12m,play,1420,loup,ou,IDS,162.66,0.1,100.21,253.47643012259863,244.13983832199355,260.5093233701829,16.369485048189375,316.50148814290594,820.6682583913723,2475.491575965677,3564.513210212496,310.9235677452607,895.4924034627469,2538.599828012333,3578.264840433,success,,,4400.0,\\hypatia.uio.no\lh-hf-iln-sociocognitivelab\Research\BabyLearn\french_data_arun\c068_12m_play_1420.wav,mean_F2_lt_1000
17519,c068,12m,play,1420,jour,ou,IDS,165.4,0.07,65.85,185.68129593794205,180.17326856369723,192.34057202259413,12.167303458896896,512.6168719297779,657.8543616934548,2240.020096458004,3270.746832493201,519.4952197377112,619.4222649082955,2135.3458531102697,3268.983136829591,success,,,4400.0,\\hypatia.uio.no\lh-hf-iln-sociocognitivelab\Research\BabyLearn\french_data_arun\c068_12m_play_1420.wav,mean_F2_lt_1000
17556,c068,4m,bath,1100,ou,ou,ADS,4.92,0.06,61.3,302.23265245120456,291.1369862746374,323.8339684087837,32.69698213414625,381.0425953713359,976.3359328702963,1712.763735579876,2937.61818006645,370.0879899385942,984.577151627346,1703.190290945657,2935.6901380201207,success,,,4400.0,\\hypatia.uio.no\lh-hf-iln-sociocognitivelab\Research\BabyLearn\french_data_arun\c068_4m_bath_1100.wav,mean_F2_lt_1000
17585,c068,4m,bath,1100,pour,ou,IDS,95.34,0.09,89.63,200.32937416072957,186.3469768626881,208.2721456427384,21.925168780050285,249.68179370555612,855.3758744375262,2176.9400763522585,3130.203675718831,252.112798684766,811.4464131314056,2272.0952213387945,3062.3538188853554,success,,,4400.0,\\hypatia.uio.no\lh-hf-iln-sociocognitivelab\Research\BabyLearn\french_data_arun\c068_4m_bath_1100.wav,mean_F2_lt_1000
17663,c068,4m,bath,1100,bravo,o,IDS,324.1,0.14,139.65,251.55261011613257,228.532601936808,261.52536349024035,32.99276155343236,489.64465163700976,944.611512530719,2313.2828427984987,3201.212444776324,552.1906958487126,851.3639852211497,2350.3057634265847,3243.8396622704654,success,,,4570.0,\\hypatia.uio.no\lh-hf-iln-sociocognitivelab\Research\BabyLearn\french_data_arun\c068_4m_bath_1100.wav,mean_F2_lt_1000
17706,c068,8m,play,1820,mauvais,o,IDS,154.26,0.1,101.05,400.3716040646863,394.5955901919669,404.09520941585953,9.499619223892635,494.978932403896,894.6037965523269,1693.4098018987431,3199.8392590683998,494.0512917352219,879.366742891485,1742.7397241641947,3214.509804075164,success,,,4570.0,\\hypatia.uio.no\lh-hf-iln-sociocognitivelab\Research\BabyLearn\french_data_arun\c068_8m_play_1820.wav,mean_F2_lt_1000
17720,c068,8m,play,1820,mauvais,o,IDS,194.42,0.1,99.66,417.9197329525626,414.3372355599897,419.4640014895847,5.126765929594967,501.7444094458685,954.0569804572236,1531.350888754531,3062.901151788425,486.30039261240574,933.9264716135908,1595.3824305136295,3052.3871519298746,success,,,4570.0,\\hypatia.uio.no\lh-hf-iln-sociocognitivelab\Research\BabyLearn\french_data_arun\c068_8m_play_1820.wav,mean_F2_lt_1000
17749,c068,8m,play,1820,ou,ou,IDS,252.02,0.07,74.0,419.5320950828191,407.0921529523226,430.69420085011234,23.602047897789703,420.16689509715457,899.9537452053339,2141.5532556841663,2993.863502869182,421.05855454775264,898.1873401802507,2176.645041872663,2971.542094111355,success,,,4400.0,\\hypatia.uio.no\lh-hf-iln-sociocognitivelab\Research\BabyLearn\french_data_arun\c068_8m_play_1820.wav,mean_F2_lt_1000
17771,c068,8m,play,1825,tout,ou,IDS,45.18,0.09,86.34,259.4606078116001,241.1057612336741,268.51902139035093,27.413260156676813,442.9278875288136,768.9317126044785,2366.843887054367,3022.548361238339,455.4969047118849,778.4215087142015,2752.823835056889,2956.422969478917,success,,,4400.0,\\hypatia.uio.no\lh-hf-iln-sociocognitivelab\Research\BabyLearn\french_data_arun\c068_8m_play_1825.wav,mean_F2_lt_1000
17772,c068,8m,play,1825,rouge,ou,IDS,45.31,0.15,154.77,224.63839222924912,220.1082402402421,237.00848692560297,16.900246685360827,415.9927313589172,883.2804652545826,2245.0748033506143,3152.3082727409424,416.9783138226978,869.7736439970184,2469.67356364326,3287.500049584756,success,,,4400.0,\\hypatia.uio.no\lh-hf-iln-sociocognitivelab\Research\BabyLearn\french_data_arun\c068_8m_play_1825.wav,mean_F2_lt_1000
17777,c068,8m,play,1825,trop,o,ADS,54.7,0.07,69.16,279.41213773101384,273.2727563465026,283.0587261231378,9.78596977663517,567.4293196217063,888.1848315568393,2456.95167194388,3190.2579987898894,594.3807509880166,949.6741916996344,2502.4087032681896,3052.862392146614,success,,,4570.0,\\hypatia.uio.no\lh-hf-iln-sociocognitivelab\Research\BabyLearn\french_data_arun\c068_8m_play_1825.wav,mean_F2_lt_1000
17783,c068,8m,play,1825,tout,ou,ADS,59.74,0.09,87.78,313.4697119525502,295.5234898804961,323.78776330292925,28.264273422433178,420.9757921691453,838.2782673394074,2456.632851478,3272.997289863,445.4965018026453,905.8081275332338,2617.9433407544225,3631.3928696563353,success,,,4400.0,\\hypatia.uio.no\lh-hf-iln-sociocognitivelab\Research\BabyLearn\french_data_arun\c068_8m_play_1825.wav,mean_F2_lt_1000
17784,c068,8m,play,1825,rouge,ou,ADS,59.91,0.13,131.67,360.8031697565647,327.661113266055,383.3765166298271,55.71540336377205,381.02625450473937,789.6411959922104,2379.9687988518585,3118.776655718414,374.6272574461604,758.5809020416226,2267.189237073207,3116.663025932219,success,,,4400.0,\\hypatia.uio.no\lh-hf-iln-sociocognitivelab\Research\BabyLearn\french_data_arun\c068_8m_play_1825.wav,mean_F2_lt_1000
17797,c068,8m,play,1825,ou,ou,ADS,65.17,0.13,129.42,257.7450288381735,207.8340398371987,327.2708634041544,119.4368235669557,390.16406176398215,818.7242719657257,2229.9358255448865,3035.6794602129607,405.46829030964113,755.4689219510464,2390.1533180353103,2879.112402920728,success,,,4400.0,\\hypatia.uio.no\lh-hf-iln-sociocognitivelab\Research\BabyLearn\french_data_arun\c068_8m_play_1825.wav,mean_F2_lt_1000
17800,c068,8m,play,1825,trop,o,ADS,66.01,0.05,51.99,246.8513748414992,245.97715341611865,247.67038030101187,1.693226884893221,493.4611912598933,799.4426524414216,2653.310530397934,3393.0132732266848,493.4611912598933,799.4426524414216,2653.310530397934,3393.0132732266848,success,,,4570.0,\\hypatia.uio.no\lh-hf-iln-sociocognitivelab\Research\BabyLearn\french_data_arun\c068_8m_play_1825.wav,mean_F2_lt_1000
17826,c068,8m,play,1825,ombre,on,ADS,89.77,0.06,58.26,200.94441496989785,192.42947634804077,209.80167669224372,17.37220034420301,619.7264410427842,888.2858354355843,2428.9188060540077,3746.5989964210057,620.8340777340343,886.3126660668099,2425.8467254200345,3754.064015433238,success,,,5010.0,\\hypatia.uio.no\lh-hf-iln-sociocognitivelab\Research\BabyLearn\french_data_arun\c068_8m_play_1825.wav,mean_F2_lt_1000
17835,c068,8m,play,1825,parce,a,ADS,135.83,0.05,52.96,217.371161760621,216.61150436184883,218.38938206107716,1.7778776992282983,487.8851816337445,972.844136593067,2354.947166984173,3431.973582810374,487.8851816337445,972.844136593067,2354.947166984173,3431.973582810374,success,,,4960.0,\\hypatia.uio.no\lh-hf-iln-sociocognitivelab\Research\BabyLearn\french_data_arun\c068_8m_play_1825.wav,mean_F2_lt_1000
17916,c069,12m,bath,1910,on,on,IDS,190.76,0.05,51.84,261.0034767884279,259.2318154007517,263.22815788367694,3.996342482925229,587.1537225801244,862.7613139233216,2027.9986316370223,3286.029551698703,587.1537225801244,862.7613139233216,2027.9986316370223,3286.029551698703,success,,,4430.0,\\hypatia.uio.no\lh-hf-iln-sociocognitivelab\Research\BabyLearn\french_data_arun\c069_12m_bath_1910.wav,mean_F2_lt_1000
18008,c069,12m,bath,1915,amour,ou,IDS,21.57,0.09,86.25,169.98705241863755,162.7451013419668,172.3264103731438,9.581309031177,519.7895396548992,985.100896148331,2351.1764017245746,3150.503315822951,517.0165380328301,979.7697956085426,2095.53112144415,3108.7197787664454,success,,,4650.0,\\hypatia.uio.no\lh-hf-iln-sociocognitivelab\Research\BabyLearn\french_data_arun\c069_12m_bath_1915.wav,mean_F2_lt_1000
18018,c069,12m,bath,1915,en,an,IDS,28.88,0.06,55.58,254.2926298622704,247.66121626590535,263.9089925328752,16.247776266969794,708.5633255366868,991.1089805294384,2680.62480840956,3553.4749929805503,710.8570284604345,989.5067795989984,2675.5277999249192,3567.4352241073434,success,,,5480.0,\\hypatia.uio.no\lh-hf-iln-sociocognitivelab\Research\BabyLearn\french_data_arun\c069_12m_bath_1915.wav,mean_F2_lt_1000
18051,c069,12m,bath,1915,on,on,IDS,68.1,0.07,74.6,217.13563745625277,214.76895748208565,220.2183224141718,5.449364932086155,357.902761568343,812.2199560933319,2283.239800693138,2809.2869414297243,357.4053581858899,809.8672170619895,2233.9743524375813,2774.9590416217497,success,,,4430.0,\\hypatia.uio.no\lh-hf-iln-sociocognitivelab\Research\BabyLearn\french_data_arun\c069_12m_bath_1915.wav,mean_F2_lt_1000
18075,c069,12m,bath,1915,pressions,on,IDS,97.07,0.13,134.52,300.18074467243827,292.83037126288934,303.88319001625734,11.052818753368,429.92918797373096,891.5638401869576,2331.875871708069,3144.139520746717,397.1602299410861,915.3901722712876,2340.8341925049576,3298.7793736801696,success,,,4430.0,\\hypatia.uio.no\lh-hf-iln-sociocognitivelab\Research\BabyLearn\french_data_arun\c069_12m_bath_1915.wav,mean_F2_lt_1000
18102,c069,12m,bath,1915,beaucoup,o,IDS,131.07,0.07,67.7,251.9133926681305,250.69442461106365,253.4688863265892,2.7744617155255185,467.17292075126016,940.4950532572872,2522.6556184669284,3363.6602572078045,464.38527002423416,939.9203463723164,2401.572154067471,3226.6874463093563,success,,,4480.0,\\hypatia.uio.no\lh-hf-iln-sociocognitivelab\Research\BabyLearn\french_data_arun\c069_12m_bath_1915.wav,mean_F2_lt_1000
18103,c069,12m,bath,1915,beaucoup,ou,IDS,131.36,0.13,129.43,332.0211363854377,318.8678683788366,339.14538789865264,20.277519519816053,393.1280411579498,947.9157060020244,2593.7522216345114,3364.852289780125,392.9193576460255,956.4128224613916,2889.5844554953424,3744.72270062939,success,,,4650.0,\\hypatia.uio.no\lh-hf-iln-sociocognitivelab\Research\BabyLearn\french_data_arun\c069_12m_bath_1915.wav,mean_F2_lt_1000
18119,c069,12m,bath,1915,poubelle,ou,IDS,221.6,0.07,69.35,260.41887846294213,255.78218176170856,265.21722371028017,9.435041948571609,452.51941541335054,895.6298107401657,2473.003537627431,3678.899657071136,469.38143572730206,797.4989764338652,2525.859496226301,3853.715349651398,success,,,4650.0,\\hypatia.uio.no\lh-hf-iln-sociocognitivelab\Research\BabyLearn\french_data_arun\c069_12m_bath_1915.wav,mean_F2_lt_1000
18144,c069,4m,bath,1320,voir,a,IDS,149.03,0.07,66.41,259.0126786744093,255.49305101698997,260.8585164561564,5.3654654391664565,720.5150985292844,842.0141215154727,2596.270626847101,3697.2868295009193,736.9852814720049,783.2344018313781,2606.5547367128147,3813.0700135722855,success,,,5400.0,\\hypatia.uio.no\lh-hf-iln-sociocognitivelab\Research\BabyLearn\french_data_arun\c069_4m_bath_1320.wav,mean_F2_lt_1000
18152,c069,4m,bath,1320,amour,ou,IDS,153.8,0.11,108.79,217.58225721323635,213.8467805439736,220.87819551891812,7.031414974944568,582.2204415136927,810.8740168607982,2761.2443388506777,3595.4191874645794,645.4456547748745,849.9824845793354,3004.387032403387,3841.9404867129297,success,,,4650.0,\\hypatia.uio.no\lh-hf-iln-sociocognitivelab\Research\BabyLearn\french_data_arun\c069_4m_bath_1320.wav,mean_F2_lt_1000
18158,c069,4m,bath,1320,cocotte,au,IDS,160.86,0.05,54.54,286.0146714634677,285.1634319378622,286.69344849146336,1.5300165536011718,581.3889534606795,903.5613620347016,2969.7700821439435,3549.7529381027134,581.3889534606795,903.5613620347016,2969.7700821439435,3549.7529381027134,success,,,5170.0,\\hypatia.uio.no\lh-hf-iln-sociocognitivelab\Research\BabyLearn\french_data_arun\c069_4m_bath_1320.wav,mean_F2_lt_1000
18162,c069,4m,bath,1320,dans,an,IDS,162.8,0.09,91.42,270.1777078977382,247.3150293248368,293.25988631396075,45.94485698912399,444.2262218748784,998.4883943818712,3144.502890348726,3795.452846319834,439.9967781642701,992.9950051731704,3161.0263248912697,3484.873870596124,success,,,5480.0,\\hypatia.uio.no\lh-hf-iln-sociocognitivelab\Research\BabyLearn\french_data_arun\c069_4m_bath_1320.wav,mean_F2_lt_1000
18167,c069,4m,bath,1320,papa_1,a,IDS,164.51,0.09,88.31,128.11083418646984,101.0116216954242,194.8327357555042,93.82111406008,601.634773169195,909.376495841768,2660.1415200373067,3733.509101081464,620.9990614990791,846.4453921982958,2634.4072052643905,3782.6590331316775,success,,,5400.0,\\hypatia.uio.no\lh-hf-iln-sociocognitivelab\Research\BabyLearn\french_data_arun\c069_4m_bath_1320.wav,mean_F2_lt_1000
18174,c069,4m,bath,1320,potiron,on,IDS,166.77,0.29,289.08,228.60603978895853,188.6740192859889,343.0915049999845,154.41748571399566,351.1763858707156,670.9379838771118,2386.867315967222,3334.7820053347004,333.4054907866604,637.0627564875492,2783.063485500268,3595.1675767639053,success,,,4430.0,\\hypatia.uio.no\lh-hf-iln-sociocognitivelab\Research\BabyLearn\french_data_arun\c069_4m_bath_1320.wav,mean_F2_lt_1000
18179,c069,4m,bath,1320,non,on,ADS,180.63,0.18,181.56,195.3756540476223,190.3064429964897,215.3756702563269,25.06922725983725,258.62738510928,690.469476036486,2132.529085911648,3166.99011921951,260.2527295993865,698.2945875622921,2076.959483530847,3073.5698675817725,success,,,4430.0,\\hypatia.uio.no\lh-hf-iln-sociocognitivelab\Research\BabyLearn\french_data_arun\c069_4m_bath_1320.wav,mean_F2_lt_1000
18191,c069,4m,bath,1320,poulet,ou,IDS,186.43,0.06,63.93,198.5699875567541,196.6730318314999,201.86918083954453,5.196149008044614,372.0536122874015,705.4280957272347,2414.381496421681,3348.68604764059,371.1031912929042,705.2849754934217,2410.22149378236,3363.2217839468512,success,,,4650.0,\\hypatia.uio.no\lh-hf-iln-sociocognitivelab\Research\BabyLearn\french_data_arun\c069_4m_bath_1320.wav,mean_F2_lt_1000
18193,c069,4m,bath,1320,champignons,an,IDS,187.35,0.07,70.17,224.5690975475327,218.92067499568475,230.12486612229165,11.2041911266069,453.8526128963729,824.0368268705957,2669.141915740325,3472.922168942646,443.2338898942651,864.7398482565437,2680.463006508899,3457.0269521582286,success,,,5480.0,\\hypatia.uio.no\lh-hf-iln-sociocognitivelab\Research\BabyLearn\french_data_arun\c069_4m_bath_1320.wav,mean_F2_lt_1000
18194,c069,4m,bath,1320,champignons,on,IDS,187.78,0.17,174.25,282.7062868661717,212.27566604783,392.3453183510239,180.0696523031939,427.3207349177756,787.8199476747645,2329.488858760366,3463.357875960275,383.14195152618936,800.1283098034655,2181.768509067075,3455.5269577350064,success,,,4430.0,\\hypatia.uio.no\lh-hf-iln-sociocognitivelab\Research\BabyLearn\french_data_arun\c069_4m_bath_1320.wav,mean_F2_lt_1000
18199,c069,4m,bath,1320,aromatiques,au,IDS,189.28,0.08,75.57,281.98072956348847,278.55163735230747,284.1720955453887,5.62045819308122,567.8677137284345,919.0145121948714,2815.200945245082,3476.598849074166,575.0491364242131,949.0418609293512,2637.528918579857,3455.750232077944,success,,,5170.0,\\hypatia.uio.no\lh-hf-iln-sociocognitivelab\Research\BabyLearn\french_data_arun\c069_4m_bath_1320.wav,mean_F2_lt_1000
18202,c069,4m,bath,1320,donc,on,IDS,190.6,0.09,90.41,220.57135351489472,218.59615896937345,221.31600490735417,2.719845937980722,338.0562296570609,744.9426415529415,2316.148385060979,3423.252743731107,321.2472415186613,678.1566490418229,2289.545935441988,3362.3332678258457,success,,,4430.0,\\hypatia.uio.no\lh-hf-iln-sociocognitivelab\Research\BabyLearn\french_data_arun\c069_4m_bath_1320.wav,mean_F2_lt_1000
18210,c069,4m,bath,1320,aromatiques_1,a,IDS,194.78,0.07,65.34,257.19151296095885,250.91503748875928,262.48414079252865,11.569103303769367,755.7368062815785,861.5355795788007,3030.234466650576,3655.386848013926,753.8247151801107,939.5610011460276,3044.3449115696803,3656.515150385202,success,,,5400.0,\\hypatia.uio.no\lh-hf-iln-sociocognitivelab\Research\BabyLearn\french_data_arun\c069_4m_bath_1320.wav,mean_F2_lt_1000
18211,c069,4m,bath,1320,aromatiques,au,IDS,194.92,0.07,74.68,245.9888119955808,245.0012369962849,246.5766760847777,1.5754390884928284,482.9631315271665,751.3316040693721,2886.240036537803,3436.54812443692,483.8932200380909,762.1993737103722,2880.17516144466,3436.598378763631,success,,,5170.0,\\hypatia.uio.no\lh-hf-iln-sociocognitivelab\Research\BabyLearn\french_data_arun\c069_4m_bath_1320.wav,mean_F2_lt_1000
18214,c069,4m,bath,1320,par,a,IDS,196.67,0.11,114.44,248.30496197156788,241.21430886194892,262.72794647573033,21.513637613781384,698.7221215754947,968.7532603366312,3083.793027015911,3780.6676911885575,731.348658548803,901.2282924869394,3150.7488221455824,3592.1421146957214,success,,,5400.0,\\hypatia.uio.no\lh-hf-iln-sociocognitivelab\Research\BabyLearn\french_data_arun\c069_4m_bath_1320.wav,mean_F2_lt_1000
18215,c069,4m,bath,1320,poulet,ou,IDS,196.99,0.05,53.24,243.3987288664838,242.0269276272666,244.6476623184127,2.620734691146112,438.1128374547525,682.5260888038433,2484.761660641185,3368.482163323655,438.1128374547525,682.5260888038433,2484.761660641185,3368.482163323655,success,,,4650.0,\\hypatia.uio.no\lh-hf-iln-sociocognitivelab\Research\BabyLearn\french_data_arun\c069_4m_bath_1320.wav,mean_F2_lt_1000
18217,c069,4m,bath,1320,champignons,an,IDS,197.44,0.08,80.9,110.8995517659074,107.80418339907207,113.04394891959352,5.239765520521445,381.4313471435702,767.7720487911291,2922.780411819253,3747.5729233714464,322.55932857530087,771.0939827053245,2975.596959920602,3828.011553578679,success,,,5480.0,\\hypatia.uio.no\lh-hf-iln-sociocognitivelab\Research\BabyLearn\french_data_arun\c069_4m_bath_1320.wav,mean_F2_lt_1000
18221,c069,4m,bath,1320,bon,on,IDS,199.36,0.07,66.38,437.4851036785352,374.33129557085726,496.97289464371113,122.64159907285386,472.2611681571083,892.0430138656449,2031.237084738596,3130.5477681334232,460.8428100879048,890.268206428837,2019.5635796922152,3154.0187096146287,success,,,4430.0,\\hypatia.uio.no\lh-hf-iln-sociocognitivelab\Research\BabyLearn\french_data_arun\c069_4m_bath_1320.wav,mean_F2_lt_1000
18275,c069,4m,bath,1320,carotte,au,IDS,229.8,0.64,642.62,244.9063331555922,220.1933636198328,263.1150061381633,42.92164251833054,570.6686035692657,957.2964480896372,2989.9057214561262,3801.977052321764,580.2797438471131,909.1542079453774,2921.260420071066,4321.768487648144,success,,,5170.0,\\hypatia.uio.no\lh-hf-iln-sociocognitivelab\Research\BabyLearn\french_data_arun\c069_4m_bath_1320.wav,mean_F2_lt_1000
18276,c069,4m,bath,1320,ca,a,IDS,232.13,0.08,75.91,205.3319173182477,201.8973701959148,210.26287128098045,8.365501085065631,616.1314325866474,840.7659491963186,2729.4556045945315,3846.031008694336,630.4816516893362,829.6602609461576,2713.09400600086,3832.639266505421,success,,,5400.0,\\hypatia.uio.no\lh-hf-iln-sociocognitivelab\Research\BabyLearn\french_data_arun\c069_4m_bath_1320.wav,mean_F2_lt_1000
18277,c069,4m,bath,1320,bon,on,IDS,232.55,0.62,623.02,264.0184207931283,236.30579776846548,294.37729588036814,58.071498111902656,387.2037008025888,724.1048514142241,2254.5177546628547,3359.672415060601,410.3078472260927,697.3318304480608,2252.5001009978605,3434.027304359629,success,,,4430.0,\\hypatia.uio.no\lh-hf-iln-sociocognitivelab\Research\BabyLearn\french_data_arun\c069_4m_bath_1320.wav,mean_F2_lt_1000
18282,c069,4m,bath,1320,besoin,in,IDS,234.61,0.08,82.24,315.0684220915724,311.5481728467894,319.7343410760265,8.186168229237126,541.8522053536352,919.67119306284,3043.696890418889,3408.0914777741277,578.2409253538033,824.0800209721054,3162.429091551652,3372.79092527136,success,,,5650.0,\\hypatia.uio.no\lh-hf-iln-sociocognitivelab\Research\BabyLearn\french_data_arun\c069_4m_bath_1320.wav,mean_F2_lt_1000
18288,c069,4m,bath,1320,couche,ou,IDS,235.76,0.08,75.78,268.7792340838378,267.35500676671643,271.4363777137389,4.081370947022492,417.8441400272854,769.2238318038055,2633.5278258536314,3890.330680021347,441.96490768678376,1025.8640396254475,2660.095477789193,3896.566503734784,success,,,4650.0,\\hypatia.uio.no\lh-hf-iln-sociocognitivelab\Research\BabyLearn\french_data_arun\c069_4m_bath_1320.wav,mean_F2_lt_1000
18291,c069,4m,bath,1320,completement,an,IDS,239.48,0.07,65.25,217.20797767400785,215.25741663661955,219.02282071855444,3.765404081934889,678.2766312494775,780.4968988218756,2790.590568862349,3740.464778385463,681.5309893740329,786.0674614359724,2681.217424297046,3692.275698022174,success,,,5480.0,\\hypatia.uio.no\lh-hf-iln-sociocognitivelab\Research\BabyLearn\french_data_arun\c069_4m_bath_1320.wav,mean_F2_lt_1000
18295,c069,4m,bath,1320,mon,on,IDS,241.76,0.08,84.8,289.0856102915004,287.99914780842863,289.9256599342408,1.926512125812167,559.4035018841253,695.3106228186492,2289.3329631808147,3450.5057493069235,562.6735536670558,740.1368789823154,2284.7049009278994,3455.9845502833086,success,,,4430.0,\\hypatia.uio.no\lh-hf-iln-sociocognitivelab\Research\BabyLearn\french_data_arun\c069_4m_bath_1320.wav,mean_F2_lt_1000
18300,c069,4m,bath,1320,maman,an,IDS,245.4,0.1,102.51,260.7389874506288,260.4261530209264,261.007681454276,0.5815284333496038,489.1629588073385,936.0178810931392,3141.07312124071,3559.4868543767216,492.0094982427244,900.3228156015887,3133.6522259848343,3653.95596848788,success,,,5480.0,\\hypatia.uio.no\lh-hf-iln-sociocognitivelab\Research\BabyLearn\french_data_arun\c069_4m_bath_1320.wav,mean_F2_lt_1000
18309,c069,4m,bath,1320,avoir,a,IDS,251.66,0.05,50.73,281.8736150348321,281.166147466336,282.3869472036982,1.220799737362256,670.9873630595864,984.2632630195576,2927.9237099126417,4697.948370771175,670.9873630595864,984.2632630195576,2927.9237099126417,4697.948370771175,success,,,5400.0,\\hypatia.uio.no\lh-hf-iln-sociocognitivelab\Research\BabyLearn\french_data_arun\c069_4m_bath_1320.wav,mean_F2_lt_1000
18312,c069,4m,bath,1320,bon,on,IDS,260.75,0.1,101.48,340.96027083803705,316.62009103522456,362.00246551553374,45.38237448030918,565.3789428379297,711.1541599352979,2326.211939685737,3475.3873993181137,520.4905045028853,691.4461839332239,2157.435149209628,3436.1847665279392,success,,,4430.0,\\hypatia.uio.no\lh-hf-iln-sociocognitivelab\Research\BabyLearn\french_data_arun\c069_4m_bath_1320.wav,mean_F2_lt_1000
18389,c069,4m,bath,1320,donc,on,IDS,337.61,0.32,320.77,270.7458080907369,268.30797287064144,280.3657611907972,12.057788320155735,518.8535825109557,856.2018273885782,2396.7612788575407,3500.7674900078728,484.9827926607104,823.8883558707356,2448.322737011368,3581.960540793197,success,,,4430.0,\\hypatia.uio.no\lh-hf-iln-sociocognitivelab\Research\BabyLearn\french_data_arun\c069_4m_bath_1320.wav,mean_F2_lt_1000
18483,c069,4m,bath,1320,mots,o,IDS,501.86,0.17,167.27,311.769455688846,299.4407799848721,322.839192889551,23.39841290467888,487.6195639570884,873.93699015099,2340.2117438584723,3297.7862456458934,463.74684125048,828.4695416566295,2348.919233571386,3513.016978489084,success,,,4480.0,\\hypatia.uio.no\lh-hf-iln-sociocognitivelab\Research\BabyLearn\french_data_arun\c069_4m_bath_1320.wav,mean_F2_lt_1000
18498,c069,8m,play,1030,amour,ou,IDS,170.12,0.09,91.19,231.19088950760613,229.514665941437,232.88335483624783,3.368688894810873,475.9895158784068,989.3597448643972,2268.09927140931,3386.080653465183,467.00983104320846,964.6972746820572,2212.4854751105186,3118.1570281485483,success,,,4650.0,\\hypatia.uio.no\lh-hf-iln-sociocognitivelab\Research\BabyLearn\french_data_arun\c069_8m_play_1030.wav,mean_F2_lt_1000
18514,c069,8m,play,1030,tout,ou,IDS,202.27,0.06,59.29,435.4753244981409,425.0596930247808,444.79811936178766,19.73842633700684,438.2724019552281,892.6189360759518,2137.469657033246,3163.7603014482625,438.1448746775412,893.146179689026,2130.8071064964247,3154.7498208770467,success,,,4650.0,\\hypatia.uio.no\lh-hf-iln-sociocognitivelab\Research\BabyLearn\french_data_arun\c069_8m_play_1030.wav,mean_F2_lt_1000
18542,c069,8m,play,1030,matin,in,IDS,266.57,0.06,58.88,456.1223633042762,451.5231693546556,460.5052405713136,8.982071216657971,558.4048047227526,948.3209442370204,3009.3795596875207,4139.33678374972,559.6706987597788,948.7288346173092,3014.2872224251405,4173.864865752843,success,,,5650.0,\\hypatia.uio.no\lh-hf-iln-sociocognitivelab\Research\BabyLearn\french_data_arun\c069_8m_play_1030.wav,mean_F2_lt_1000
18658,c069,8m,play,1035,okay,o,ADS,197.44,0.1,100.78,294.8596742861204,281.4276041450428,313.7283050971121,32.30070095206935,589.4465449826268,835.3356728735214,1881.731236740703,3076.2176784608205,587.968479522255,862.9602825114458,1862.071802200677,3060.049160431706,success,,,4480.0,\\hypatia.uio.no\lh-hf-iln-sociocognitivelab\Research\BabyLearn\french_data_arun\c069_8m_play_1035.wav,mean_F2_lt_1000
18670,c069,8m,play,1035,blanc,an,ADS,201.57,0.13,125.23,266.19317171531424,260.9053456659868,269.40764124841604,8.50229558242927,624.8550076358088,939.6278819173336,2743.4312863936684,4089.941096051535,630.2054070413345,946.0867742672808,2732.269771548798,3854.713088611138,success,,,5480.0,\\hypatia.uio.no\lh-hf-iln-sociocognitivelab\Research\BabyLearn\french_data_arun\c069_8m_play_1035.wav,mean_F2_lt_1000
18673,c069,8m,play,1035,non,on,ADS,202.49,0.11,108.27,292.81914663911016,271.0113657950329,327.59153062552315,56.58016483049028,552.5954156688655,893.327461410927,1982.2223392203853,3338.618509173348,530.3075676639538,863.4758683279844,2061.7994126409603,3315.404529522411,success,,,4430.0,\\hypatia.uio.no\lh-hf-iln-sociocognitivelab\Research\BabyLearn\french_data_arun\c069_8m_play_1035.wav,mean_F2_lt_1000
18707,c069,8m,play,1035,on,on,IDS,260.38,0.1,96.66,106.89942119845163,103.43087548071352,113.49054803480428,10.05967255409078,561.3045762422612,815.2662461131706,2143.542048050034,3131.34194952031,548.1306248852924,771.8224851838874,2095.5309341236352,3093.5127977228744,success,,,4430.0,\\hypatia.uio.no\lh-hf-iln-sociocognitivelab\Research\BabyLearn\french_data_arun\c069_8m_play_1035.wav,mean_F2_lt_1000
18719,c069,8m,play,1035,on,on,IDS,263.97,0.09,93.06,224.40342856529844,219.65774806726736,230.6546290144165,10.996880947149153,458.0966471972049,936.0443518086992,1983.8892380567677,3138.392369513409,462.9743580091316,919.9225163095912,2133.421323332292,3072.4618352337707,success,,,4430.0,\\hypatia.uio.no\lh-hf-iln-sociocognitivelab\Research\BabyLearn\french_data_arun\c069_8m_play_1035.wav,mean_F2_lt_1000
18742,c069,8m,play,1035,ton,on,ADS,273.97,0.05,52.91,309.778763046578,306.2217652191851,312.59576547931164,6.374000260126536,577.7030290517993,820.7348595988211,2084.3603750708385,2868.7696579804506,577.7030290517993,820.7348595988211,2084.3603750708385,2868.7696579804506,success,,,4430.0,\\hypatia.uio.no\lh-hf-iln-sociocognitivelab\Research\BabyLearn\french_data_arun\c069_8m_play_1035.wav,mean_F2_lt_1000
18749,c069,8m,play,1035,son,on,IDS,282.71,0.11,110.3,202.32953750956028,195.093016626097,209.1474755801869,14.054458954089853,507.1024162958321,887.7082421260247,1877.389462020066,2973.5964613107367,500.1413388363757,875.6984338456448,1937.6653455421067,2995.126437975874,success,,,4430.0,\\hypatia.uio.no\lh-hf-iln-sociocognitivelab\Research\BabyLearn\french_data_arun\c069_8m_play_1035.wav,mean_F2_lt_1000
18763,c069,8m,play,1035,ton,on,IDS,297.84,0.08,83.76,293.3265164005653,281.7702017119856,299.3967904190968,17.626588707111182,583.1885427606072,811.7916140781628,2073.2110093452056,3110.939194525524,565.7168874501036,866.2940621125676,2185.922283840962,3089.913827567168,success,,,4430.0,\\hypatia.uio.no\lh-hf-iln-sociocognitivelab\Research\BabyLearn\french_data_arun\c069_8m_play_1035.wav,mean_F2_lt_1000
18855,c071,12m,meal,850,biberon,on,IDS,238.38,0.08,83.18,257.95229868262635,256.7920553047467,258.6289365777718,1.8368812730250847,391.22157929186847,993.5067992729032,2055.746199218683,3251.536562258504,375.6745915309328,1186.446877509878,2041.356763396546,3194.0039147065345,success,,,4670.0,\\hypatia.uio.no\lh-hf-iln-sociocognitivelab\Research\BabyLearn\french_data_arun\c071_12m_meal_0850.wav,mean_F2_lt_1000
18883,c071,12m,play,910,on,on,IDS,10.7,0.06,55.09,197.381626098636,195.1432137310288,200.30102517941629,5.157811448387463,587.9427304780093,747.682724132378,1924.639556383006,3398.1710609309835,592.1945450502008,715.4762162190722,1892.9488732547768,3387.293112716407,success,,,4670.0,\\hypatia.uio.no\lh-hf-iln-sociocognitivelab\Research\BabyLearn\french_data_arun\c071_12m_play_0910.wav,mean_F2_lt_1000
18884,c071,12m,play,910,joue,ou,IDS,10.87,0.06,62.96,250.3773920228652,243.02784086126744,260.52374069106634,17.495899829798873,542.5498477265371,947.9620963833124,3175.246551893524,3282.1185920327134,549.6851082833008,957.148953220875,3222.8578213269384,3250.3243232582195,success,,,5800.0,\\hypatia.uio.no\lh-hf-iln-sociocognitivelab\Research\BabyLearn\french_data_arun\c071_12m_play_0910.wav,mean_F2_lt_1000
18890,c071,12m,play,910,on,on,IDS,15.6,0.07,74.21,210.02622306944065,204.59996989799777,216.78310960671809,12.18313970872029,623.7603077492065,786.8075230079389,2205.323612479654,3458.9914811099547,618.1711679172909,813.8565040299019,2176.4837211696804,3465.5842322530475,success,,,4670.0,\\hypatia.uio.no\lh-hf-iln-sociocognitivelab\Research\BabyLearn\french_data_arun\c071_12m_play_0910.wav,mean_F2_lt_1000
18915,c071,12m,play,910,mon,on,IDS,71.97,0.08,79.29,118.37043828174224,109.66111297460084,121.37758741941654,11.716474444815688,358.55544420408955,995.5578363722776,2362.693600325198,3320.402741263262,365.6142316178652,1003.7134544173196,2281.585611195088,3323.779037907984,success,,,4670.0,\\hypatia.uio.no\lh-hf-iln-sociocognitivelab\Research\BabyLearn\french_data_arun\c071_12m_play_0910.wav,mean_F2_lt_1000
18949,c071,12m,play,910,mon,on,IDS,121.58,0.05,53.34,187.42794347949572,184.89979260114245,189.9183196983218,5.018527097179344,758.8920116489667,999.8368590024166,2268.130937202768,3421.1897490010924,758.8920116489667,999.8368590024166,2268.130937202768,3421.1897490010924,success,,,4670.0,\\hypatia.uio.no\lh-hf-iln-sociocognitivelab\Research\BabyLearn\french_data_arun\c071_12m_play_0910.wav,mean_F2_lt_1000
18964,c071,12m,play,910,biberon,on,IDS,224.62,0.08,80.52,156.43718317696903,155.9549301424762,156.9876278788676,1.0326977363914125,498.0831217793255,763.5276224815979,1982.3646741842124,3243.954977118952,510.6627384347784,768.067070601338,1793.3242217875304,3283.8233641399315,success,,,4670.0,\\hypatia.uio.no\lh-hf-iln-sociocognitivelab\Research\BabyLearn\french_data_arun\c071_12m_play_0910.wav,mean_F2_lt_1000
18993,c071,12m,play,910,mon,on,IDS,293.23,0.05,54.7,269.3018577985561,264.198814710428,273.61280744715407,9.413992736726073,525.9454917360248,829.6994230056443,1710.3952680433035,3025.6700916887567,525.9454917360248,829.6994230056443,1710.3952680433035,3025.6700916887567,success,,,4670.0,\\hypatia.uio.no\lh-hf-iln-sociocognitivelab\Research\BabyLearn\french_data_arun\c071_12m_play_0910.wav,mean_F2_lt_1000
19072,c071,4m,bath,1805,on,on,IDS,54.68,0.08,77.26,286.013732765223,259.09683329365674,306.92481390994936,47.82798061629262,435.3663477475517,958.4820555340508,2089.6414261502136,3662.321013159304,467.4296579770352,1010.7660819005492,3151.773029321886,4026.4041162637486,success,,,4670.0,\\hypatia.uio.no\lh-hf-iln-sociocognitivelab\Research\BabyLearn\french_data_arun\c071_4m_bath_1805.wav,mean_F2_lt_1000
19087,c071,4m,bath,1805,coton,on,IDS,91.92,0.26,255.48,287.2656393961953,242.88203736609427,322.1549328016414,79.27289543554713,381.7595335968256,878.4024782250074,2343.194523451049,3478.9341569635685,354.3910046445924,873.6278100272805,2320.8991358818344,3664.65187505957,success,,,4670.0,\\hypatia.uio.no\lh-hf-iln-sociocognitivelab\Research\BabyLearn\french_data_arun\c071_4m_bath_1805.wav,mean_F2_lt_1000
19089,c071,4m,bath,1805,coton,on,IDS,94.68,0.41,409.06,301.5343600985555,270.9156828275364,317.39212950065723,46.47644667312085,371.25677135924025,852.6449889959675,2372.1452726011576,3241.437878545134,359.5571097261834,842.0443476875,2422.495163509414,3170.05409827287,success,,,4670.0,\\hypatia.uio.no\lh-hf-iln-sociocognitivelab\Research\BabyLearn\french_data_arun\c071_4m_bath_1805.wav,mean_F2_lt_1000
19090,c071,4m,bath,1805,on,on,IDS,95.22,0.1,97.88,232.6445892079436,221.1603923898642,252.5627260554108,31.402333665546564,464.4662538270957,785.0104914959254,2070.9867072370544,3168.2848800148904,508.95597783221234,834.7953605391891,1997.0447416666684,3155.5625810280926,success,,,4670.0,\\hypatia.uio.no\lh-hf-iln-sociocognitivelab\Research\BabyLearn\french_data_arun\c071_4m_bath_1805.wav,mean_F2_lt_1000
19100,c071,4m,bath,1805,tout,ou,IDS,101.7,0.07,69.37,377.6640142971891,358.9276191046068,385.8065049794735,26.87888587486674,416.90250499132,999.7947432546094,2723.776317349176,3943.666111314383,418.276265017851,940.6305596031884,2772.9128716143487,3887.061856380178,success,,,5800.0,\\hypatia.uio.no\lh-hf-iln-sociocognitivelab\Research\BabyLearn\french_data_arun\c071_4m_bath_1805.wav,mean_F2_lt_1000
19101,c071,4m,bath,1805,nous,ou,IDS,102.04,0.08,82.86,308.5704755262404,299.9268068139967,313.47212132633456,13.545314512337882,482.8730939142245,828.1145181306089,2703.4730139390035,4218.917174395262,574.8282079868275,1709.768297013805,2704.7437590157538,4520.023863782117,success,,,5800.0,\\hypatia.uio.no\lh-hf-iln-sociocognitivelab\Research\BabyLearn\french_data_arun\c071_4m_bath_1805.wav,mean_F2_lt_1000
19112,c071,4m,bath,1805,on,on,IDS,159.14,0.07,71.68,223.27835948283075,219.94031366553003,226.06887258898868,6.128558923458655,522.0736785314461,854.270562112843,2296.190677082343,3309.0745465499103,508.9578452226794,853.0266037748908,2254.77194807454,3419.013010448532,success,,,4670.0,\\hypatia.uio.no\lh-hf-iln-sociocognitivelab\Research\BabyLearn\french_data_arun\c071_4m_bath_1805.wav,mean_F2_lt_1000
19251,c071,8m,meal,640,beaucoup,o,ADS,17.0,0.05,53.7,135.2679269970129,135.01336334964904,135.51574925240675,0.5023859027577089,474.20285961675705,941.2622557529792,2431.76408975906,3596.877238103821,474.20285961675705,941.2622557529792,2431.76408975906,3596.877238103821,success,,,5160.0,\\hypatia.uio.no\lh-hf-iln-sociocognitivelab\Research\BabyLearn\french_data_arun\c071_8m_meal_0640.wav,mean_F2_lt_1000
19315,c071,8m,meal,645,oh,o,IDS,94.69,0.11,111.63,124.38442911950986,117.92385056107844,130.0519147690274,12.128064207948952,448.3573528598326,903.3605109863038,2770.768536475423,3906.442909792446,444.16954286463135,850.8052120333523,2803.1260045217387,3614.882175802715,success,,,5160.0,\\hypatia.uio.no\lh-hf-iln-sociocognitivelab\Research\BabyLearn\french_data_arun\c071_8m_meal_0645.wav,mean_F2_lt_1000
19319,c071,8m,meal,645,oh,o,IDS,98.49,0.11,114.61,131.17936995256207,127.47221523555145,135.77507319350664,8.302857957955212,444.2323657279232,914.2559377066748,3158.420215089988,4197.03169632697,443.9111115125231,961.8561170821732,3247.97567101631,4251.408985400944,success,,,5160.0,\\hypatia.uio.no\lh-hf-iln-sociocognitivelab\Research\BabyLearn\french_data_arun\c071_8m_meal_0645.wav,mean_F2_lt_1000
19323,c071,8m,meal,645,bon,on,IDS,99.27,0.1,96.66,190.7115646111086,186.13324230811563,191.81666481491047,5.683422506794869,384.8306629532717,757.5126399592634,2578.815438644757,3809.6653525217976,373.47619653812393,721.0019173085701,2753.1003900141045,4125.838534139347,success,,,4670.0,\\hypatia.uio.no\lh-hf-iln-sociocognitivelab\Research\BabyLearn\french_data_arun\c071_8m_meal_0645.wav,mean_F2_lt_1000
19389,c072,12m,play,1005,ton,on,IDS,54.98,0.1,97.05,307.6560042034212,303.7706536777555,318.0486134421862,14.277959764430705,474.8523975603048,908.4501596400952,2137.3119944564587,3338.980367874454,611.8697916545877,1057.6854720947283,1546.3632195866971,3267.273763564275,success,,,4610.0,\\hypatia.uio.no\lh-hf-iln-sociocognitivelab\Research\BabyLearn\french_data_arun\c072_12m_play_1005.wav,mean_F2_lt_1000
19390,c072,12m,play,1005,le,oe,IDS,55.87,0.05,48.59,271.72626587428044,271.31856799384195,271.9665923618092,0.6480243679672526,544.4792679032713,976.796165247383,2354.80757211294,3210.3402935334025,544.4792679032713,976.796165247383,2354.80757211294,3210.3402935334025,success,,,4710.0,\\hypatia.uio.no\lh-hf-iln-sociocognitivelab\Research\BabyLearn\french_data_arun\c072_12m_play_1005.wav,mean_F2_lt_1000
19391,c072,12m,play,1005,retrouve,oe,IDS,55.95,0.1,95.51,258.80022203510606,255.014370193182,262.5381078375646,7.523737644382635,527.1113463752505,978.1483012062632,2527.9248482718235,3612.068009250153,533.8625156692665,978.374471866474,2491.6116776122485,3109.78735298253,success,,,4710.0,\\hypatia.uio.no\lh-hf-iln-sociocognitivelab\Research\BabyLearn\french_data_arun\c072_12m_play_1005.wav,mean_F2_lt_1000
19402,c072,12m,play,1005,non,on,ADS,67.56,0.15,152.42,347.9925685700941,289.8722225151479,411.0840745234873,121.2118520083394,449.7705845491684,968.2046838348504,2129.8817302354123,3358.657257766393,417.5515759003008,835.4524344093338,2127.5241793517853,3153.7812714672928,success,,,4610.0,\\hypatia.uio.no\lh-hf-iln-sociocognitivelab\Research\BabyLearn\french_data_arun\c072_12m_play_1005.wav,mean_F2_lt_1000
19407,c072,12m,play,1005,dabord,au,IDS,93.5,0.06,62.32,262.54079579379425,261.5896551653412,263.3819237354772,1.7922685701360024,539.0204019104258,792.68951198247,2560.342349716904,3402.0530975761158,531.5317726413089,791.566217785687,2544.9150384540435,3326.656642821071,success,,,4590.0,\\hypatia.uio.no\lh-hf-iln-sociocognitivelab\Research\BabyLearn\french_data_arun\c072_12m_play_1005.wav,mean_F2_lt_1000
19474,c072,12m,play,1005,pousses,ou,IDS,274.86,0.09,87.91,313.37899849772924,301.04531989758254,320.8043718590112,19.75905196142861,344.99785678871706,984.2262128225998,2440.4062945873457,3528.359547920932,336.9119562073544,965.3519086039176,2425.2678411834586,3455.571135259983,success,,,4590.0,\\hypatia.uio.no\lh-hf-iln-sociocognitivelab\Research\BabyLearn\french_data_arun\c072_12m_play_1005.wav,mean_F2_lt_1000
19479,c072,12m,play,1005,debout,ou,IDS,277.31,0.11,108.2,378.480295986216,290.4969731381799,470.4216790242465,179.9247058860666,419.2919199560165,990.2202793005144,2255.116781113467,3350.741800752666,423.4785715570965,933.4526674627848,2193.938699735329,3256.889353003997,success,,,4590.0,\\hypatia.uio.no\lh-hf-iln-sociocognitivelab\Research\BabyLearn\french_data_arun\c072_12m_play_1005.wav,mean_F2_lt_1000
19513,c072,4m,meal,740,on,on,IDS,24.7,0.08,79.01,254.8605768786101,253.9833686514823,255.40067777229288,1.417309120810586,554.8239464791737,900.9166600649984,1913.840370626748,3073.5640577019904,554.5416864766012,861.1244631869381,1869.2959946568844,3154.3826434698544,success,,,4610.0,\\hypatia.uio.no\lh-hf-iln-sociocognitivelab\Research\BabyLearn\french_data_arun\c072_4m_meal_0740.wav,mean_F2_lt_1000
19520,c072,4m,meal,740,pour,ou,IDS,26.95,0.07,74.81,159.97096070209054,157.3721700743981,162.2518602031046,4.8796901287065,443.4562380151184,742.0940389206864,2616.118586255556,3252.886770470839,448.7647209082729,736.9124566354224,2526.0482081170203,3248.559686606683,success,,,4590.0,\\hypatia.uio.no\lh-hf-iln-sociocognitivelab\Research\BabyLearn\french_data_arun\c072_4m_meal_0740.wav,mean_F2_lt_1000
19524,c072,4m,meal,740,bon,on,ADS,47.09,0.15,148.77,332.2923179208773,289.0559239715758,383.0373276124113,93.98140364083548,451.8640379992248,972.778802160464,2645.001394004771,3773.321557215786,322.54293916393726,1017.11532994506,2282.006810247086,3255.6543599454453,success,,,4610.0,\\hypatia.uio.no\lh-hf-iln-sociocognitivelab\Research\BabyLearn\french_data_arun\c072_4m_meal_0740.wav,mean_F2_lt_1000
19525,c072,4m,meal,740,pourquoi,ou,ADS,48.25,0.08,79.64,235.38212523531243,233.97212319986664,237.29970303466047,3.327579834793852,448.2319996090191,842.5681088700413,2566.033442634852,3651.689367787007,445.9815927916077,817.3075833451189,2571.3221588649703,3424.4856254007905,success,,,4590.0,\\hypatia.uio.no\lh-hf-iln-sociocognitivelab\Research\BabyLearn\french_data_arun\c072_4m_meal_0740.wav,mean_F2_lt_1000
19535,c072,4m,meal,740,manges,oe,IDS,120.24,0.09,88.44,428.9759018730123,415.8737136419511,437.9788843862708,22.105170744319707,460.2834882149599,982.3224535891036,2069.9080321557403,3064.581060582692,470.4200322586536,977.0358283722466,2047.2614242477812,3072.07916268661,success,,,4710.0,\\hypatia.uio.no\lh-hf-iln-sociocognitivelab\Research\BabyLearn\french_data_arun\c072_4m_meal_0740.wav,mean_F2_lt_1000
19543,c072,4m,meal,740,bon,on,IDS,127.99,0.74,738.75,260.1034391691395,237.218703004061,269.4853860335517,32.26668302949071,459.6548204408265,933.8931438526027,2492.6803917941543,3646.244535487151,504.2343997993121,1005.60841030111,2637.6526785885644,3600.0222131820224,success,,,4610.0,\\hypatia.uio.no\lh-hf-iln-sociocognitivelab\Research\BabyLearn\french_data_arun\c072_4m_meal_0740.wav,mean_F2_lt_1000
19547,c072,4m,meal,740,bon,on,IDS,319.83,0.19,188.28,309.7850607276669,220.11345939218552,473.2958279613077,253.18236856912216,516.8378292375456,944.4301429763674,2358.1818859781038,3520.252221824041,565.5194701577947,912.8582501303432,2231.4800585092325,3802.168931750206,success,,,4610.0,\\hypatia.uio.no\lh-hf-iln-sociocognitivelab\Research\BabyLearn\french_data_arun\c072_4m_meal_0740.wav,mean_F2_lt_1000
19548,c072,4m,meal,740,bon,on,IDS,321.52,0.58,578.07,208.54346739928909,178.09834509169485,244.00564420171324,65.90729911001839,347.9321858321724,965.2081970402222,2350.260139945141,3519.71201766148,330.82280393341387,921.7120159733072,2385.144901443957,3277.931415268513,success,,,4610.0,\\hypatia.uio.no\lh-hf-iln-sociocognitivelab\Research\BabyLearn\french_data_arun\c072_4m_meal_0740.wav,mean_F2_lt_1000
19549,c072,4m,meal,740,bon,on,IDS,324.34,0.27,265.91,209.3402137951188,183.98764960585507,227.39897280696968,43.41132320111461,360.76995428029625,977.5616145996572,2357.4408524879027,3466.648898038904,326.9689280585704,945.0572602701586,2128.284413057881,3211.8490503697603,success,,,4610.0,\\hypatia.uio.no\lh-hf-iln-sociocognitivelab\Research\BabyLearn\french_data_arun\c072_4m_meal_0740.wav,mean_F2_lt_1000
19582,c072,4m,meal,740,bon,on,IDS,685.52,0.18,176.73,156.25975455007224,145.09756363401334,162.016141370965,16.918577736951647,389.4135780075065,948.5311148197056,2201.816105859286,3361.1165255415813,349.9039216893446,996.07204095406,2255.9424150019527,3355.7613098382685,success,,,4610.0,\\hypatia.uio.no\lh-hf-iln-sociocognitivelab\Research\BabyLearn\french_data_arun\c072_4m_meal_0740.wav,mean_F2_lt_1000
19585,c072,4m,meal,740,bon,on,IDS,694.44,0.12,123.59,241.4751005128168,220.4810827162584,281.82354829572483,61.34246557946648,477.8794839553636,923.9359064706751,2200.4786212319564,3279.1629276406425,491.1285126914711,911.9350367461408,1794.2966586820849,3064.097110846905,success,,,4610.0,\\hypatia.uio.no\lh-hf-iln-sociocognitivelab\Research\BabyLearn\french_data_arun\c072_4m_meal_0740.wav,mean_F2_lt_1000
19611,c072,4m,meal,740,rot,o,IDS,842.45,0.07,68.62,233.81422698002507,230.75642441419427,237.35945062129048,6.603026207096207,408.98800195797526,933.7925337962394,2747.0089465842666,3780.603973557156,411.9840123189125,932.6895887267972,2790.632684873121,3778.371825010619,success,,,5190.0,\\hypatia.uio.no\lh-hf-iln-sociocognitivelab\Research\BabyLearn\french_data_arun\c072_4m_meal_0740.wav,mean_F2_lt_1000
19617,c072,4m,meal,740,maman,a,IDS,848.35,0.08,81.02,258.525495093206,254.00877442261836,262.5094777651258,8.50070334250745,522.3342518808414,925.5518264426888,2955.37519316082,3987.5111745356567,518.6938606138191,909.431386727034,2983.686531088953,3989.549697838091,success,,,5690.0,\\hypatia.uio.no\lh-hf-iln-sociocognitivelab\Research\BabyLearn\french_data_arun\c072_4m_meal_0740.wav,mean_F2_lt_1000
19621,c072,4m,meal,740,on,on,IDS,886.59,0.09,85.99,242.8815702150606,240.0069702927675,245.2410798604432,5.234109567675688,606.5815736381459,951.9411420680136,2281.4473603951533,3294.962159540733,618.3335306417397,934.5261694396228,2411.607713522985,3242.360591627665,success,,,4610.0,\\hypatia.uio.no\lh-hf-iln-sociocognitivelab\Research\BabyLearn\french_data_arun\c072_4m_meal_0740.wav,mean_F2_lt_1000
19755,c072,8m,meal,1225,compote,on,IDS,134.88,0.07,70.31,290.3565845584961,279.5768618235142,300.624423139242,21.04756131572776,596.7564292905039,973.6669627499896,2408.187394562176,3666.298799393454,601.2229668523529,969.0287301274908,2385.062618178701,3489.4215248058367,success,,,4610.0,\\hypatia.uio.no\lh-hf-iln-sociocognitivelab\Research\BabyLearn\french_data_arun\c072_8m_meal_1225.wav,mean_F2_lt_1000
19767,c072,8m,meal,1225,partout,ou,IDS,203.41,0.17,172.04,283.7142707705179,274.4060981913081,303.519958808491,29.11386061718292,388.5448332357092,932.4739944302707,2353.3882450842507,3447.185945320632,353.64094708406884,761.2868274028638,2173.899782346456,3050.4437654889075,success,,,4590.0,\\hypatia.uio.no\lh-hf-iln-sociocognitivelab\Research\BabyLearn\french_data_arun\c072_8m_meal_1225.wav,mean_F2_lt_1000
19911,c077,12m,bath,1935,bonjour,ou,IDS,98.36,0.06,60.09,450.7092116486904,447.7481116898184,453.9661679414925,6.218056251674113,486.8260124512437,905.1953110821167,2244.1193116168592,2971.157600133444,484.8154280604108,905.0893566162184,2263.598820799597,3004.0875701965806,success,,,4400.0,\\hypatia.uio.no\lh-hf-iln-sociocognitivelab\Research\BabyLearn\french_data_arun\c077_12m_bath_1935.wav,mean_F2_lt_1000
19954,c077,12m,bath,1935,foufous_2,ou,IDS,243.14,0.08,79.47,272.48879181191523,269.1217425578287,279.18343810450693,10.061695546678209,426.2994201922462,729.6167544897121,1811.1699429753355,2982.7427893270237,421.0232016860987,771.379010340761,1792.8978417491503,3020.4383032686846,success,,,4400.0,\\hypatia.uio.no\lh-hf-iln-sociocognitivelab\Research\BabyLearn\french_data_arun\c077_12m_bath_1935.wav,mean_F2_lt_1000
19982,c077,12m,meal,1145,orange,an,ADS,95.6,0.19,189.13,322.6108951551974,299.3826903906881,345.3955452132672,46.01285482257907,803.9195239377069,997.814702654055,2379.977161257244,3436.760997405508,754.2727895975449,961.4959256143388,2390.248238017728,3385.4026968206085,success,,,5220.0,\\hypatia.uio.no\lh-hf-iln-sociocognitivelab\Research\BabyLearn\french_data_arun\c077_12m_meal_1145.wav,mean_F2_lt_1000
20020,c077,4m,meal,1650,maison,on,IDS,31.95,0.11,109.75,221.1169734184504,210.16613071975004,226.7638571951121,16.597726475362094,431.3139391633424,842.9301968886338,2433.75216981833,3427.683883109895,444.357316792526,805.706334948774,2539.4349418377465,3190.4178619257705,success,,,5000.0,\\hypatia.uio.no\lh-hf-iln-sociocognitivelab\Research\BabyLearn\french_data_arun\c077_4m_meal_1650.wav,mean_F2_lt_1000
20025,c077,4m,meal,1650,racontes,a,IDS,70.99,0.08,82.98,211.10086161658904,209.52332220028788,213.71718426749115,4.19386206720327,544.155051007824,961.626507855036,2782.305405838653,4091.3448300768137,660.1939034440371,1197.6318611144131,3120.788088778526,4439.063483030209,success,,,5630.0,\\hypatia.uio.no\lh-hf-iln-sociocognitivelab\Research\BabyLearn\french_data_arun\c077_4m_meal_1650.wav,mean_F2_lt_1000
20038,c077,4m,meal,1650,pour,ou,IDS,146.55,0.06,61.01,239.9472913402508,239.32959208192668,240.6582584822452,1.3286664003184967,479.63377311274496,931.370718365037,2238.5046005710483,3056.2786219701848,479.9786651668121,934.6627280441104,2233.1175385516085,3035.2370605015767,success,,,4400.0,\\hypatia.uio.no\lh-hf-iln-sociocognitivelab\Research\BabyLearn\french_data_arun\c077_4m_meal_1650.wav,mean_F2_lt_1000
20160,c077,8m,play,1730,oh,o,IDS,44.42,0.14,143.58,424.6350878772136,356.01258264579013,470.2316018668014,114.21901922101124,601.2776743101158,904.9906814249944,2718.844241607543,3481.6658606038413,532.5484928201737,874.9440869290092,2636.805438773099,3410.25661037314,success,,,5180.0,\\hypatia.uio.no\lh-hf-iln-sociocognitivelab\Research\BabyLearn\french_data_arun\c077_8m_play_1730.wav,mean_F2_lt_1000
20225,c077,8m,play,1730,ou,ou,IDS,155.03,0.09,90.88,327.9007512166135,325.73081751862986,330.58518260445175,4.8543650858218825,498.71598513389074,988.947541748239,2134.873800668418,3005.9181205472364,530.7098524497275,991.9876525784604,2156.031171829287,2957.29687755659,success,,,4400.0,\\hypatia.uio.no\lh-hf-iln-sociocognitivelab\Research\BabyLearn\french_data_arun\c077_8m_play_1730.wav,mean_F2_lt_1000
20295,c078,12m,bath,1935,court,ou,IDS,75.29,0.05,50.62,216.01964920602032,214.47523516784315,217.6707384840909,3.1955033162477378,583.7496096104784,947.6705734941336,2668.241808423513,3023.273788676704,583.7496096104784,947.6705734941336,2668.241808423513,3023.273788676704,success,,,4570.0,\\hypatia.uio.no\lh-hf-iln-sociocognitivelab\Research\BabyLearn\french_data_arun\c078_12m_bath_1935.wav,mean_F2_lt_1000
20302,c078,12m,bath,1935,court,ou,IDS,78.94,0.07,65.45,268.02691702784733,265.3392336984934,270.0835935375681,4.744359839074718,534.9312593122963,919.1146160001712,2831.763170954652,3245.9216453220083,529.0528573505468,872.8204361319505,2923.9247649145645,3133.0780750492745,success,,,4570.0,\\hypatia.uio.no\lh-hf-iln-sociocognitivelab\Research\BabyLearn\french_data_arun\c078_12m_bath_1935.wav,mean_F2_lt_1000
20320,c078,12m,bath,1935,courant,ou,ADS,239.26,0.05,51.75,180.6825715921873,177.97253869230065,183.8637463221744,5.891207629873776,462.0331856136109,865.8503470865511,2260.643109052937,3035.464878295315,462.0331856136109,865.8503470865511,2260.643109052937,3035.464878295315,success,,,4570.0,\\hypatia.uio.no\lh-hf-iln-sociocognitivelab\Research\BabyLearn\french_data_arun\c078_12m_bath_1935.wav,mean_F2_lt_1000
20359,c078,12m,play,2050,ou,ou,IDS,155.3,0.13,129.31,249.20642414032164,221.1890619041931,294.24285511594826,73.05379321175516,372.3517192213987,914.6093101787576,2838.830226546521,3839.6677112455855,347.3902495714,905.7646777043906,2138.6428237316686,3493.11966535327,success,,,4570.0,\\hypatia.uio.no\lh-hf-iln-sociocognitivelab\Research\BabyLearn\french_data_arun\c078_12m_play_2050.wav,mean_F2_lt_1000
20367,c078,12m,play,2050,coucou_1,ou,IDS,171.77,0.12,116.93,435.6307163782824,427.825204033157,443.0896159580796,15.264411924922626,440.2917718440031,913.4248861951828,2289.011247665753,3140.8578052672437,444.69628622918685,901.7322767785482,2458.9598293955924,3069.276127203487,success,,,4570.0,\\hypatia.uio.no\lh-hf-iln-sociocognitivelab\Research\BabyLearn\french_data_arun\c078_12m_play_2050.wav,mean_F2_lt_1000
20429,c078,4m,bath,1900,son,on,IDS,310.02,0.08,82.96,286.1693382026007,257.123261613995,313.3902151144082,56.2669535004132,674.5308679382864,979.4760440886488,3171.440201782272,4213.067968328206,687.783870307814,1100.3293963872948,3213.352736616489,4168.113784822624,success,,,5410.0,\\hypatia.uio.no\lh-hf-iln-sociocognitivelab\Research\BabyLearn\french_data_arun\c078_4m_bath_1900.wav,mean_F2_lt_1000
20433,c078,4m,bath,1900,son,on,IDS,312.68,0.13,127.39,381.567067774734,297.4836458015797,425.0246003841614,127.54095458258166,464.0500604542752,947.8639651783408,2971.7071465071685,4072.816141517456,435.1946143951986,981.467123400286,3019.9196081893747,4112.21118167564,success,,,5410.0,\\hypatia.uio.no\lh-hf-iln-sociocognitivelab\Research\BabyLearn\french_data_arun\c078_4m_bath_1900.wav,mean_F2_lt_1000
20455,c078,4m,play,2125,boubou_1,ou,IDS,161.16,0.08,77.32,186.73303114658063,183.17664448367196,188.72237875096704,5.545734267295103,363.70465860939794,759.9448494231856,2441.5668149028,3481.651352438182,366.4073509151407,773.0013653101377,2492.1030051708685,3636.598199216825,success,,,4570.0,\\hypatia.uio.no\lh-hf-iln-sociocognitivelab\Research\BabyLearn\french_data_arun\c078_4m_play_2125.wav,mean_F2_lt_1000
20456,c078,4m,play,2125,boubou_2,ou,IDS,161.35,0.35,347.3,194.3237290859527,165.12236316836905,207.1236627382242,42.00129956985515,376.2219093386113,730.1362423145644,2290.8354959014555,3247.51344097975,402.9024173740348,701.0454591731151,2226.8894183279904,3200.772836144884,success,,,4570.0,\\hypatia.uio.no\lh-hf-iln-sociocognitivelab\Research\BabyLearn\french_data_arun\c078_4m_play_2125.wav,mean_F2_lt_1000
20464,c078,4m,play,2125,Baseball,au,IDS,189.08,0.14,138.01,293.86089723482206,267.7822623758554,317.6196336068835,49.8373712310281,491.6292453261914,917.434429036138,2762.2996546561526,3444.5627129067257,571.3797277589161,997.4827939027158,2779.6266036652937,3840.603185932126,success,,,4660.0,\\hypatia.uio.no\lh-hf-iln-sociocognitivelab\Research\BabyLearn\french_data_arun\c078_4m_play_2125.wav,mean_F2_lt_1000
20473,c078,4m,play,2125,on,on,IDS,200.54,0.06,55.66,221.6025871740012,218.1965573200111,226.09871801590543,7.902160695894338,452.51171904731626,964.2404129487228,2918.238901457906,3719.1336201139834,450.9087791403729,995.1311883207752,2926.745249594582,3718.873473129565,success,,,5410.0,\\hypatia.uio.no\lh-hf-iln-sociocognitivelab\Research\BabyLearn\french_data_arun\c078_4m_play_2125.wav,mean_F2_lt_1000
20477,c078,4m,play,2125,histoire,a,IDS,207.05,0.05,46.84,316.94115842970524,316.07615784612466,317.9176333700965,1.8414755239718372,397.6077619700006,949.3658829379116,2873.039348084494,3018.378264805688,397.6077619700006,949.3658829379116,2873.039348084494,3018.378264805688,success,,,4850.0,\\hypatia.uio.no\lh-hf-iln-sociocognitivelab\Research\BabyLearn\french_data_arun\c078_4m_play_2125.wav,mean_F2_lt_1000
20581,c080,12m,meal,840,vachement,an,ADS,17.73,0.07,68.05,139.93135574803676,137.36916844495633,142.7643389382633,5.395170493306978,527.5106338242425,859.6904865032589,2270.268937688053,3565.380823939582,527.4435972051065,859.1645158529678,2286.5873316471616,3524.2052619235947,success,,,4890.0,\\hypatia.uio.no\lh-hf-iln-sociocognitivelab\Research\BabyLearn\french_data_arun\c080_12m_meal_0840.wav,mean_F2_lt_1000
20635,c080,12m,meal,840,manger,an,ADS,199.09,0.08,75.58,141.4945654222029,139.25177355168515,143.0886482024741,3.836874650788957,505.91487326762126,842.0735535870027,2373.007499524876,3442.5079586235493,508.7485952183061,830.5326769556916,2377.2223821734096,3490.6141542156597,success,,,4890.0,\\hypatia.uio.no\lh-hf-iln-sociocognitivelab\Research\BabyLearn\french_data_arun\c080_12m_meal_0840.wav,mean_F2_lt_1000
20658,c080,12m,meal,840,on,on,IDS,228.2,0.06,64.9,189.5125553615112,185.03909234957413,192.91980208320612,7.880709733632017,428.4160054887682,945.56927549412,2061.276390403074,3143.5688298692016,427.6067693149413,939.502567187041,2067.633136513659,3129.31447742802,success,,,4420.0,\\hypatia.uio.no\lh-hf-iln-sociocognitivelab\Research\BabyLearn\french_data_arun\c080_12m_meal_0840.wav,mean_F2_lt_1000
20675,c080,12m,meal,840,on,on,IDS,242.69,0.07,72.74,224.7295931168018,219.243752759895,229.5953522180841,10.351599458189128,453.36445441207474,926.8507558415124,2193.294860345012,3396.417938836011,455.7025412673442,930.8534737658422,2155.470178395702,3387.0655082115554,success,,,4420.0,\\hypatia.uio.no\lh-hf-iln-sociocognitivelab\Research\BabyLearn\french_data_arun\c080_12m_meal_0840.wav,mean_F2_lt_1000
20676,c080,12m,meal,840,tombe,on,IDS,242.88,0.1,95.27,225.0645191234781,220.90288420749204,229.66891290608595,8.766028698593914,470.5453242155609,954.9589854144068,2064.259452096893,3204.252357413136,469.85858697635024,940.4512691682992,1986.04055410234,3241.548561253556,success,,,4420.0,\\hypatia.uio.no\lh-hf-iln-sociocognitivelab\Research\BabyLearn\french_data_arun\c080_12m_meal_0840.wav,mean_F2_lt_1000
20725,c080,4m,bath,1335,changer,an,ADS,50.08,0.13,133.27,263.3128483478493,259.4869823538538,274.0663037376049,14.579321383751108,656.8929004833079,916.9864912020096,2323.4274814763185,3336.7928960404124,743.6649239466522,808.7277398238316,2259.76111705484,3424.3921201265557,success,,,4890.0,\\hypatia.uio.no\lh-hf-iln-sociocognitivelab\Research\BabyLearn\french_data_arun\c080_4m_bath_1335.wav,mean_F2_lt_1000
20739,c080,4m,bath,1335,changer,an,ADS,59.41,0.11,113.48,232.33966127248988,225.19256887917572,238.10489377623188,12.912324897056124,611.4223971265418,986.2162283291308,2500.2753485100507,3260.258396414239,601.2146768207743,944.3221698077078,2578.896136587336,3336.9526592927864,success,,,4890.0,\\hypatia.uio.no\lh-hf-iln-sociocognitivelab\Research\BabyLearn\french_data_arun\c080_4m_bath_1335.wav,mean_F2_lt_1000
20769,c080,4m,bath,1335,on,on,IDS,190.76,0.05,50.92,234.34641779567497,231.1538693941097,237.34954774595536,6.1956783518456575,458.9467943717727,978.9981694579692,2036.0287488147503,3153.800148630108,458.9467943717727,978.9981694579692,2036.0287488147503,3153.800148630108,success,,,4420.0,\\hypatia.uio.no\lh-hf-iln-sociocognitivelab\Research\BabyLearn\french_data_arun\c080_4m_bath_1335.wav,mean_F2_lt_1000
20833,c083,12m,bath,1520,on,on,IDS,67.14,0.09,86.75,117.50927509525408,113.93569779564274,119.67765402941136,5.741956233768619,513.0007746757146,919.8038310169492,2305.27164610287,3398.2253727481866,513.757390573481,905.3183599415994,2262.4138019551715,3333.158764622101,success,,,4610.0,\\hypatia.uio.no\lh-hf-iln-sociocognitivelab\Research\BabyLearn\french_data_arun\c083_12m_bath_1520.wav,mean_F2_lt_1000
20893,c083,12m,bath,1520,son,on,ADS,146.88,0.12,119.04,277.7322944872786,272.5228270628471,285.66384713188774,13.14102006904062,541.4081123935805,875.9642392084155,2304.912877669782,3290.7642982989773,532.7700747241612,838.6650743999319,2409.389366977552,3059.202497201148,success,,,4610.0,\\hypatia.uio.no\lh-hf-iln-sociocognitivelab\Research\BabyLearn\french_data_arun\c083_12m_bath_1520.wav,mean_F2_lt_1000
20950,c083,12m,bath,1520,bon,on,IDS,213.74,0.08,80.96,230.3049195070656,227.9498449230901,231.3528668139113,3.403021890821208,492.35178641030666,960.2154857821416,2197.248930947278,3245.791765064688,493.8729365468772,823.0582786675907,2057.417856298506,3297.439125415754,success,,,4610.0,\\hypatia.uio.no\lh-hf-iln-sociocognitivelab\Research\BabyLearn\french_data_arun\c083_12m_bath_1520.wav,mean_F2_lt_1000
20953,c083,12m,bath,1520,mouille,ou,IDS,218.67,0.05,49.8,231.57705149792767,229.00817047110763,234.31079254740732,5.302622076299713,461.1082290829403,988.55078265715,2430.236964600585,3125.962356177048,461.1082290829403,988.55078265715,2430.236964600585,3125.962356177048,success,,,4580.0,\\hypatia.uio.no\lh-hf-iln-sociocognitivelab\Research\BabyLearn\french_data_arun\c083_12m_bath_1520.wav,mean_F2_lt_1000
20964,c083,12m,bath,1520,manteau,an,IDS,230.55,0.06,64.98,295.5929248703604,283.08935825663394,307.4760051380517,24.38664688141773,391.1800184738336,929.1129614325448,2247.043887610572,3339.6624647336,388.80188431332704,909.9634139319228,2287.7727206856234,3465.529991429324,success,,,4580.0,\\hypatia.uio.no\lh-hf-iln-sociocognitivelab\Research\BabyLearn\french_data_arun\c083_12m_bath_1520.wav,mean_F2_lt_1000
20988,c083,12m,meal,1240,maman,an,IDS,44.47,0.08,78.33,496.2336184848485,459.6401468275817,523.2265069471791,63.58636011959749,501.837618760331,948.1210246906744,2155.1791449735542,3339.5709787122087,502.0812990430586,883.3296107750319,2287.509224387883,3319.531983969357,success,,,4580.0,\\hypatia.uio.no\lh-hf-iln-sociocognitivelab\Research\BabyLearn\french_data_arun\c083_12m_meal_1240.wav,mean_F2_lt_1000
20991,c083,12m,meal,1240,tout,ou,IDS,53.95,0.17,166.39,495.62560614492287,464.6307217991179,518.0585270971491,53.42780529803116,496.4763946203647,922.4562551356024,2321.663677082076,3241.865211311521,499.41070317728384,899.5290663590009,2345.2147868372904,3204.0385604813337,success,,,4580.0,\\hypatia.uio.no\lh-hf-iln-sociocognitivelab\Research\BabyLearn\french_data_arun\c083_12m_meal_1240.wav,mean_F2_lt_1000
20992,c083,12m,meal,1240,manger,an,IDS,54.26,0.12,115.62,348.34524903095644,340.11386853729584,357.82724077940804,17.7133722421122,526.2416703952792,944.7690466118038,1998.4385964692813,3458.980038413495,446.774003484652,744.5034198438256,1744.6368313905134,3238.315296465041,success,,,4580.0,\\hypatia.uio.no\lh-hf-iln-sociocognitivelab\Research\BabyLearn\french_data_arun\c083_12m_meal_1240.wav,mean_F2_lt_1000
20995,c083,12m,meal,1240,bravo,o,IDS,55.57,0.1,102.79,395.5671952453012,375.7675898848965,403.4334613878983,27.66587150300188,449.42802281897696,916.4771611953914,2896.051283536991,4112.824919596887,444.8074568070955,871.660714211918,2951.1955495635766,4053.327560166693,success,,,5700.0,\\hypatia.uio.no\lh-hf-iln-sociocognitivelab\Research\BabyLearn\french_data_arun\c083_12m_meal_1240.wav,mean_F2_lt_1000
21033,c083,12m,meal,1240,yaourt,ou,IDS,162.8,0.11,109.98,331.1299210937132,314.72472409294,358.4891870160866,43.7644629231466,396.2074973885397,699.5004804545555,1976.967402003582,2995.1477547093605,424.481757656648,636.3281989410466,1869.773883898976,2948.7320106199263,success,,,4580.0,\\hypatia.uio.no\lh-hf-iln-sociocognitivelab\Research\BabyLearn\french_data_arun\c083_12m_meal_1240.wav,mean_F2_lt_1000
21211,c083,4m,bath,1855,tout,ou,ADS,496.92,0.11,111.96,324.1102952314525,310.3911784062679,340.1069546502129,29.71577624394501,343.85022503791924,964.2749636053036,2186.675010685244,3301.615784242777,332.99088129415486,936.5641970133782,2240.383806827841,3316.042883890706,success,,,4580.0,\\hypatia.uio.no\lh-hf-iln-sociocognitivelab\Research\BabyLearn\french_data_arun\c083_4m_bath_1855.wav,mean_F2_lt_1000
21227,c083,4m,bath,1855,pense,an,IDS,541.96,0.05,52.34,189.87260755521336,182.9172624409224,195.6399389659608,12.722676525038452,432.2062399838376,836.1971636015653,2345.60709272625,3213.1813159256967,432.2062399838376,836.1971636015653,2345.60709272625,3213.1813159256967,success,,,4580.0,\\hypatia.uio.no\lh-hf-iln-sociocognitivelab\Research\BabyLearn\french_data_arun\c083_4m_bath_1855.wav,mean_F2_lt_1000
21244,c083,4m,bath,1855,partout,a,IDS,552.26,0.05,52.4,287.5996997013756,284.3758758083392,290.2087675927902,5.8328917844510215,839.6099275200011,914.0348286062,2859.522317617663,3957.8066321530346,839.6099275200011,914.0348286062,2859.522317617663,3957.8066321530346,success,,,5830.0,\\hypatia.uio.no\lh-hf-iln-sociocognitivelab\Research\BabyLearn\french_data_arun\c083_4m_bath_1855.wav,mean_F2_lt_1000
21258,c083,4m,bath,1855,on,on,IDS,599.67,0.08,80.58,269.91038064437475,267.73215474277185,271.1283464117571,3.3961916689852387,451.2732022051277,837.7898270361935,2071.0318226849718,3397.1617645091505,447.0678080153084,772.9912817772437,2031.1541293365071,3198.9942568447427,success,,,4610.0,\\hypatia.uio.no\lh-hf-iln-sociocognitivelab\Research\BabyLearn\french_data_arun\c083_4m_bath_1855.wav,mean_F2_lt_1000
